,cycle,organismsize_variableRate__t1,organismsize_fixedRate__t1,organismsize_variableRate__t2,organismsize_fixedRate__t2,organismsize_variableRate__t3,organismsize_fixedRate__t3
0,0.0,100.0,100.0,100.0,100.0,100.0,100.0
1,1.0,103.3860867250797,103.0,103.3860867250797,103.0,103.3860867250797,103.0
2,2.0,106.82536072498877,106.0,106.82536072498877,106.0,106.82536072498877,106.0
3,3.0,110.31731355357095,109.0,110.31731355357095,109.0,110.31731355357095,109.0
4,4.0,113.86142560602883,112.0,113.86142560602883,112.0,113.86142560602883,112.0
5,5.0,117.4571667017854,115.0,117.4571667017854,115.0,117.4571667017854,115.0
6,6.0,121.10399665113323,118.0,121.10399665113323,118.0,121.10399665113323,118.0
7,7.0,124.8013658060152,121.0,124.8013658060152,121.0,124.8013658060152,121.0
8,8.0,128.5487155952761,124.0,128.5487155952761,124.0,128.5487155952761,124.0
9,9.0,132.34547904472043,127.0,132.34547904472043,127.0,132.34547904472043,127.0
10,10.0,136.1910812823069,130.0,136.1910812823069,130.0,136.1910812823069,130.0
11,11.0,140.084940028805,133.0,140.084940028805,133.0,140.084940028805,133.0
12,12.0,144.02646607423523,136.0,144.02646607423523,136.0,144.02646607423523,136.0
13,13.0,148.01506374040846,139.0,148.01506374040846,139.0,148.01506374040846,139.0
14,14.0,152.05013132987582,142.0,152.05013132987582,142.0,152.05013132987582,142.0
15,15.0,156.13106156159506,145.0,156.13106156159506,145.0,156.13106156159506,145.0
16,16.0,160.2572419936146,148.0,160.2572419936146,148.0,160.2572419936146,148.0
17,17.0,164.42805543307122,151.0,164.42805543307122,151.0,164.42805543307122,151.0
18,18.0,168.6428803337923,154.0,168.6428803337923,154.0,168.6428803337923,154.0
19,19.0,172.90109118178844,157.0,172.90109118178844,157.0,172.90109118178844,157.0
20,20.0,177.2020588689175,160.0,177.2020588689175,160.0,177.2020588689175,160.0
21,21.0,181.54515105499576,163.0,181.54515105499576,163.0,181.54515105499576,163.0
22,22.0,185.92973251862674,166.0,185.92973251862674,166.0,185.92973251862674,166.0
23,23.0,190.355165497014,169.0,190.355165497014,169.0,190.355165497014,169.0
24,24.0,194.8208100150181,172.0,194.8208100150181,172.0,194.8208100150181,172.0
25,25.0,199.32602420371416,175.0,199.32602420371416,175.0,199.32602420371416,175.0
26,26.0,203.87016460870066,178.0,203.87016460870066,178.0,203.87016460870066,178.0
27,27.0,208.45258648840604,181.0,208.45258648840604,181.0,208.45258648840604,181.0
28,28.0,213.0726441026342,184.0,213.0726441026342,184.0,213.0726441026342,184.0
29,29.0,217.7296909915856,187.0,217.7296909915856,187.0,217.7296909915856,187.0
30,30.0,222.4230802455863,190.0,222.4230802455863,190.0,222.4230802455863,190.0
31,31.0,227.15216476575165,193.0,227.15216476575165,193.0,227.15216476575165,193.0
32,32.0,231.91629751580825,196.0,231.91629751580825,196.0,231.91629751580825,196.0
33,33.0,236.71483176529185,199.0,236.71483176529185,199.0,236.71483176529185,199.0
34,34.0,241.54712132433522,202.0,241.54712132433522,202.0,241.54712132433522,202.0
35,35.0,246.41252077025572,205.0,246.41252077025572,205.0,246.41252077025572,205.0
36,36.0,251.31038566614723,208.0,251.31038566614723,208.0,251.31038566614723,208.0
37,37.0,256.2400727716778,211.0,256.2400727716778,211.0,256.2400727716778,211.0
38,38.0,261.20094024628946,214.0,261.20094024628946,214.0,261.20094024628946,214.0
39,39.0,266.1923478449932,217.0,266.1923478449932,217.0,266.1923478449932,217.0
40,40.0,271.2136571069466,220.0,271.2136571069466,220.0,271.2136571069466,220.0
41,41.0,276.26423153699983,223.0,276.26423153699983,223.0,276.26423153699983,223.0
42,42.0,281.34343678039033,226.0,281.34343678039033,226.0,281.34343678039033,226.0
43,43.0,286.4506407907619,229.0,286.4506407907619,229.0,286.4506407907619,229.0
44,44.0,291.5852139916827,232.0,291.5852139916827,232.0,291.5852139916827,232.0
45,45.0,296.74652943183014,235.0,296.74652943183014,235.0,296.74652943183014,235.0
46,46.0,301.93396293400883,238.0,301.93396293400883,238.0,301.93396293400883,238.0
47,47.0,307.14689323816293,241.0,307.14689323816293,241.0,307.14689323816293,241.0
48,48.0,312.3847021385421,244.0,312.3847021385421,244.0,312.3847021385421,244.0
49,49.0,317.6467746151751,247.0,317.6467746151751,247.0,317.6467746151751,247.0
50,50.0,322.9324989598032,250.0,322.9324989598032,250.0,322.9324989598032,250.0
51,51.0,328.241266896421,253.0,328.241266896421,253.0,328.241266896421,253.0
52,52.0,333.5724736965698,256.0,333.5724736965698,256.0,333.5724736965698,256.0
53,53.0,338.9255182895251,259.0,338.9255182895251,259.0,338.9255182895251,259.0
54,54.0,344.29980336751663,262.0,344.29980336751663,262.0,344.29980336751663,262.0
55,55.0,349.6947354861162,265.0,349.6947354861162,265.0,349.6947354861162,265.0
56,56.0,355.10972515992563,268.0,355.10972515992563,268.0,355.10972515992563,268.0
57,57.0,360.54418695369424,271.0,360.54418695369424,271.0,360.54418695369424,271.0
58,58.0,365.997539568992,274.0,365.997539568992,274.0,365.997539568992,274.0
59,59.0,371.4692059265621,277.0,371.4692059265621,277.0,371.4692059265621,277.0
60,60.0,376.9586132444731,280.0,376.9586132444731,280.0,376.9586132444731,280.0
61,61.0,382.46519311218924,283.0,382.46519311218924,283.0,382.46519311218924,283.0
62,62.0,387.9883815606737,286.0,387.9883815606737,286.0,387.9883815606737,286.0
63,63.0,393.527619128637,289.0,393.527619128637,289.0,393.527619128637,289.0
64,64.0,399.08235092504134,292.0,399.08235092504134,292.0,399.08235092504134,292.0
65,65.0,404.65202668796707,295.0,404.65202668796707,295.0,404.65202668796707,295.0
66,66.0,410.2361008399476,298.0,410.2361008399476,298.0,410.2361008399476,298.0
67,67.0,415.83403253987376,301.0,415.83403253987376,301.0,415.83403253987376,301.0
68,68.0,421.44528573156856,304.0,421.44528573156856,304.0,421.44528573156856,304.0
69,69.0,427.0693291891296,307.0,427.0693291891296,307.0,427.0693291891296,307.0
70,70.0,432.70563655913435,310.0,432.70563655913435,310.0,432.70563655913435,310.0
71,71.0,438.35368639980226,313.0,438.35368639980226,313.0,438.35368639980226,313.0
72,72.0,444.0129622172033,316.0,444.0129622172033,316.0,444.0129622172033,316.0
73,73.0,449.68295249860284,319.0,449.68295249860284,319.0,449.68295249860284,319.0
74,74.0,455.36315074302854,322.0,455.36315074302854,322.0,455.36315074302854,322.0
75,75.0,461.05305548914475,325.0,461.05305548914475,325.0,461.05305548914475,325.0
76,76.0,466.752170340516,328.0,466.752170340516,328.0,466.752170340516,328.0
77,77.0,472.46000398834065,331.0,472.46000398834065,331.0,472.46000398834065,331.0
78,78.0,478.17607023173326,334.0,478.17607023173326,334.0,478.17607023173326,334.0
79,79.0,483.899887995632,337.0,483.899887995632,337.0,483.899887995632,337.0
80,80.0,489.63098134640643,340.0,489.63098134640643,340.0,489.63098134640643,340.0
81,81.0,495.36887950523794,343.0,495.36887950523794,343.0,495.36887950523794,343.0
82,82.0,501.1131168593449,346.0,501.1131168593449,346.0,501.1131168593449,346.0
83,83.0,506.86323297112136,349.0,506.86323297112136,349.0,506.86323297112136,349.0
84,84.0,512.6187725852567,352.0,512.6187725852567,352.0,512.6187725852567,352.0
85,85.0,518.3792856339036,355.0,518.3792856339036,355.0,518.3792856339036,355.0
86,86.0,524.1443272399573,358.0,524.1443272399573,358.0,524.1443272399573,358.0
87,87.0,529.9134577185101,361.0,529.9134577185101,361.0,529.9134577185101,361.0
88,88.0,535.6862425765414,364.0,535.6862425765414,364.0,535.6862425765414,364.0
89,89.0,541.4622525109037,367.0,541.4622525109037,367.0,541.4622525109037,367.0
90,90.0,547.2410634046623,370.0,547.2410634046623,370.0,547.2410634046623,370.0
91,91.0,553.0222563218467,373.0,553.0222563218467,373.0,553.0222563218467,373.0
92,92.0,558.8054175006666,376.0,558.8054175006666,376.0,558.8054175006666,376.0
93,93.0,564.5901383452484,379.0,564.5901383452484,379.0,564.5901383452484,379.0
94,94.0,570.376015415945,382.0,570.376015415945,382.0,570.376015415945,382.0
95,95.0,576.1626504182681,385.0,576.1626504182681,385.0,576.1626504182681,385.0
96,96.0,581.9496501904949,388.0,581.9496501904949,388.0,581.9496501904949,388.0
97,97.0,587.7366266899968,391.0,587.7366266899968,391.0,587.7366266899968,391.0
98,98.0,593.5231969783373,394.0,593.5231969783373,394.0,593.5231969783373,394.0
99,99.0,599.3089832051862,397.0,599.3089832051862,397.0,599.3089832051862,397.0
100,100.0,605.0936125910943,400.0,605.0936125910943,400.0,605.0936125910943,400.0
101,101.0,610.8767174091714,403.0,610.8767174091714,403.0,610.8767174091714,403.0
102,102.0,616.6579349657136,406.0,616.6579349657136,406.0,616.6579349657136,406.0
103,103.0,622.4369075798166,409.0,622.4369075798166,409.0,622.4369075798166,409.0
104,104.0,628.2132825620197,412.0,628.2132825620197,412.0,628.2132825620197,412.0
105,105.0,633.9867121920166,415.0,633.9867121920166,415.0,633.9867121920166,415.0
106,106.0,639.7568536954741,418.0,639.7568536954741,418.0,639.7568536954741,418.0
107,107.0,645.5233692199934,421.0,645.5233692199934,421.0,645.5233692199934,421.0
108,108.0,651.2859258102518,424.0,651.2859258102518,424.0,651.2859258102518,424.0
109,109.0,657.0441953823604,427.0,657.0441953823604,427.0,657.0441953823604,427.0
110,110.0,662.79785469747,430.0,662.79785469747,430.0,662.79785469747,430.0
111,111.0,668.5465853346612,433.0,668.5465853346612,433.0,668.5465853346612,433.0
112,112.0,674.2900736631497,436.0,674.2900736631497,436.0,674.2900736631497,436.0
113,113.0,680.0280108138381,439.0,680.0280108138381,439.0,680.0280108138381,439.0
114,114.0,685.760092650247,442.0,685.760092650247,442.0,685.760092650247,442.0
115,115.0,691.4860197388521,445.0,691.4860197388521,445.0,691.4860197388521,445.0
116,116.0,697.2054973188592,448.0,697.2054973188592,448.0,697.2054973188592,448.0
117,117.0,702.918235271444,451.0,702.918235271444,451.0,702.918235271444,451.0
118,118.0,708.6239480884843,454.0,708.6239480884843,454.0,708.6239480884843,454.0
119,119.0,714.3223548408109,457.0,714.3223548408109,457.0,714.3223548408109,457.0
120,120.0,720.0131791460047,460.0,720.0131791460047,460.0,720.0131791460047,460.0
121,121.0,725.696149135763,463.0,725.696149135763,463.0,725.696149135763,463.0
122,122.0,731.3709974228607,466.0,731.3709974228607,466.0,731.3709974228607,466.0
123,123.0,737.0374610677308,469.0,737.0374610677308,469.0,737.0374610677308,469.0
124,124.0,742.6952815446857,472.0,742.6952815446857,472.0,742.6952815446857,472.0
125,125.0,748.3442047078025,475.0,748.3442047078025,475.0,748.3442047078025,475.0
126,126.0,753.9839807564946,478.0,753.9839807564946,478.0,753.9839807564946,478.0
127,127.0,759.6143642007895,481.0,759.6143642007895,481.0,759.6143642007895,481.0
128,128.0,765.2351138263346,484.0,765.2351138263346,484.0,765.2351138263346,484.0
129,129.0,770.84599265915,487.0,770.84599265915,487.0,770.84599265915,487.0
130,130.0,776.4467679301478,490.0,776.4467679301478,490.0,776.4467679301478,490.0
131,131.0,782.0372110394363,493.0,782.0372110394363,493.0,782.0372110394363,493.0
132,132.0,787.6170975204292,496.0,787.6170975204292,496.0,787.6170975204292,496.0
133,133.0,793.1862070037732,499.0,793.1862070037732,499.0,793.1862070037732,499.0
134,134.0,798.7443231811164,502.0,798.7443231811164,502.0,798.7443231811164,502.0
135,135.0,804.2912337687295,505.0,804.2912337687295,505.0,804.2912337687295,505.0
136,136.0,809.8267304709982,508.0,809.8267304709982,508.0,809.8267304709982,508.0
137,137.0,815.3506089438023,511.0,815.3506089438023,511.0,815.3506089438023,511.0
138,138.0,820.8626687577953,514.0,820.8626687577953,514.0,820.8626687577953,514.0
139,139.0,826.3627133615998,517.0,826.3627133615998,517.0,826.3627133615998,517.0
140,140.0,831.8505500449338,520.0,831.8505500449338,520.0,831.8505500449338,520.0
141,141.0,837.3259899016788,523.0,837.3259899016788,523.0,837.3259899016788,523.0
142,142.0,842.7888477929064,526.0,842.7888477929064,526.0,842.7888477929064,526.0
143,143.0,848.238942309873,529.0,848.238942309873,529.0,848.238942309873,529.0
144,144.0,853.6760957369974,532.0,853.6760957369974,532.0,853.6760957369974,532.0
145,145.0,859.1001340148315,535.0,859.1001340148315,535.0,859.1001340148315,535.0
146,146.0,864.5108867030369,538.0,864.5108867030369,538.0,864.5108867030369,538.0
147,147.0,869.9081869433775,541.0,869.9081869433775,541.0,869.9081869433775,541.0
148,148.0,875.2918714227397,544.0,875.2918714227397,544.0,875.2918714227397,544.0
149,149.0,880.6617803361906,547.0,880.6617803361906,547.0,880.6617803361906,547.0
150,150.0,886.0177573500831,550.0,886.0177573500831,550.0,886.0177573500831,550.0
151,151.0,891.3596495652195,553.0,891.3596495652195,553.0,891.3596495652195,553.0
152,152.0,896.6873074800808,556.0,896.6873074800808,556.0,896.6873074800808,556.0
153,153.0,902.0005849541333,559.0,902.0005849541333,559.0,902.0005849541333,559.0
154,154.0,907.299339171218,562.0,907.299339171218,562.0,907.299339171218,562.0
155,155.0,912.5834306030345,565.0,912.5834306030345,565.0,912.5834306030345,565.0
156,156.0,917.8527229727249,568.0,917.8527229727249,568.0,917.8527229727249,568.0
157,157.0,923.107083218567,571.0,923.107083218567,571.0,923.107083218567,571.0
158,158.0,928.3463814577833,574.0,928.3463814577833,574.0,928.3463814577833,574.0
159,159.0,933.5704909504738,577.0,933.5704909504738,577.0,933.5704909504738,577.0
160,160.0,938.7792880636794,580.0,938.7792880636794,580.0,938.7792880636794,580.0
161,161.0,943.9726522355817,583.0,943.9726522355817,583.0,943.9726522355817,583.0
162,162.0,949.1504659398466,586.0,949.1504659398466,586.0,949.1504659398466,586.0
163,163.0,954.312614650118,589.0,954.312614650118,589.0,954.312614650118,589.0
164,164.0,959.4589868046653,592.0,959.4589868046653,592.0,959.4589868046653,592.0
165,165.0,964.5894737711941,595.0,964.5894737711941,595.0,964.5894737711941,595.0
166,166.0,969.7039698118215,598.0,969.7039698118215,598.0,969.7039698118215,598.0
167,167.0,974.8023720482244,601.0,974.8023720482244,601.0,974.8023720482244,601.0
168,168.0,979.8845804269636,604.0,979.8845804269636,604.0,979.8845804269636,604.0
169,169.0,984.9504976849898,607.0,984.9504976849898,607.0,984.9504976849898,607.0
170,170.0,990.0000293153352,610.0,990.0000293153352,610.0,990.0000293153352,610.0
171,171.0,995.0330835329945,613.0,995.0330835329945,613.0,995.0330835329945,613.0
172,172.0,1000.0495712410024,616.0,1000.0495712410024,616.0,1000.0495712410024,616.0
173,173.0,1005.0494059967066,619.0,1005.0494059967066,619.0,1005.0494059967066,619.0
174,174.0,1010.0325039782448,622.0,1010.0325039782448,622.0,1010.0325039782448,622.0
175,175.0,1014.9987839512266,625.0,1014.9987839512266,625.0,1014.9987839512266,625.0
176,176.0,1019.9481672356233,628.0,1019.9481672356233,628.0,1019.9481672356233,628.0
177,177.0,1024.8805776728711,631.0,1024.8805776728711,631.0,1024.8805776728711,631.0
178,178.0,1029.7959415931898,634.0,1029.7959415931898,634.0,1029.7959415931898,634.0
179,179.0,1034.6941877831168,637.0,1034.6941877831168,637.0,1034.6941877831168,637.0
180,180.0,1039.5752474532655,640.0,1039.5752474532655,640.0,1039.5752474532655,640.0
181,181.0,1044.4390542063031,643.0,1044.4390542063031,643.0,1044.4390542063031,643.0
182,182.0,1049.2855440051574,646.0,1049.2855440051574,646.0,1049.2855440051574,646.0
183,183.0,1054.114655141449,649.0,1054.114655141449,649.0,1054.114655141449,649.0
184,184.0,1058.9263282041552,652.0,1058.9263282041552,652.0,1058.9263282041552,652.0
185,185.0,1063.7205060485046,655.0,1063.7205060485046,655.0,1063.7205060485046,655.0
186,186.0,1068.4971337651061,658.0,1068.4971337651061,658.0,1068.4971337651061,658.0
187,187.0,1073.256158649313,661.0,1073.256158649313,661.0,1073.256158649313,661.0
188,188.0,1077.997530170825,664.0,1077.997530170825,664.0,1077.997530170825,664.0
189,189.0,1082.721199943528,667.0,1082.721199943528,667.0,1082.721199943528,667.0
190,190.0,1087.4271216955742,670.0,1087.4271216955742,670.0,1087.4271216955742,670.0
191,191.0,1092.115251239702,673.0,1092.115251239702,673.0,1092.115251239702,673.0
192,192.0,1096.785546443801,676.0,1096.785546443801,676.0,1096.785546443801,676.0
193,193.0,1101.4379672017171,679.0,1101.4379672017171,679.0,1101.4379672017171,679.0
194,194.0,1106.0724754043038,682.0,1106.0724754043038,682.0,1106.0724754043038,682.0
195,195.0,1110.6890349107175,685.0,1110.6890349107175,685.0,1110.6890349107175,685.0
196,196.0,1115.2876115199588,688.0,1115.2876115199588,688.0,1115.2876115199588,688.0
197,197.0,1119.86817294266,691.0,1119.86817294266,691.0,1119.86817294266,691.0
198,198.0,1124.430688773119,694.0,1124.430688773119,694.0,1124.430688773119,694.0
199,199.0,1128.9751304615813,697.0,1128.9751304615813,697.0,1128.9751304615813,697.0
200,200.0,1133.5014712867685,700.0,1133.5014712867685,700.0,1133.5014712867685,700.0
201,201.0,1138.0096863286553,703.0,1138.0096863286553,703.0,1138.0096863286553,703.0
202,202.0,1142.499752441494,706.0,1142.499752441494,706.0,1142.499752441494,706.0
203,203.0,1146.9716482270871,709.0,1146.9716482270871,709.0,1146.9716482270871,709.0
204,204.0,1151.4253540083091,712.0,1151.4253540083091,712.0,1151.4253540083091,712.0
205,205.0,1155.860851802874,715.0,1155.860851802874,715.0,1155.860851802874,715.0
206,206.0,1160.2781252973537,718.0,1160.2781252973537,718.0,1160.2781252973537,718.0
207,207.0,1164.677159821441,721.0,1164.677159821441,721.0,1164.677159821441,721.0
208,208.0,1169.0579423224622,724.0,1169.0579423224622,724.0,1169.0579423224622,724.0
209,209.0,1173.4204613401366,727.0,1173.4204613401366,727.0,1173.4204613401366,727.0
210,210.0,1177.7647069815819,730.0,1177.7647069815819,730.0,1177.7647069815819,730.0
211,211.0,1182.0906708965665,733.0,1182.0906708965665,733.0,1182.0906708965665,733.0
212,212.0,1186.398346253007,736.0,1186.398346253007,736.0,1186.398346253007,736.0
213,213.0,1190.6877277127128,739.0,1190.6877277127128,739.0,1190.6877277127128,739.0
214,214.0,1194.9588114073724,742.0,1194.9588114073724,742.0,1194.9588114073724,742.0
215,215.0,1199.2115949147862,745.0,1199.2115949147862,745.0,1199.2115949147862,745.0
216,216.0,1203.4460772353418,748.0,1203.4460772353418,748.0,1203.4460772353418,748.0
217,217.0,1207.662258768731,751.0,1207.662258768731,751.0,1207.662258768731,751.0
218,218.0,1211.8601412909095,754.0,1211.8601412909095,754.0,1211.8601412909095,754.0
219,219.0,1216.0397279312976,757.0,1216.0397279312976,757.0,1216.0397279312976,757.0
220,220.0,1220.2010231502204,760.0,1220.2010231502204,760.0,1220.2010231502204,760.0
221,221.0,1224.3440327165863,763.0,1224.3440327165863,763.0,1224.3440327165863,763.0
222,222.0,1228.4687636858052,766.0,1228.4687636858052,766.0,1228.4687636858052,766.0
223,223.0,1232.5752243779432,769.0,1232.5752243779432,769.0,1232.5752243779432,769.0
224,224.0,1236.6634243561125,772.0,1236.6634243561125,772.0,1236.6634243561125,772.0
225,225.0,1240.7333744050975,775.0,1240.7333744050975,775.0,1240.7333744050975,775.0
226,226.0,1244.785086510214,778.0,1244.785086510214,778.0,1244.785086510214,778.0
227,227.0,1248.8185738364007,781.0,1248.8185738364007,781.0,1248.8185738364007,781.0
228,228.0,1252.8338507075443,784.0,1252.8338507075443,784.0,1252.8338507075443,784.0
229,229.0,1256.8309325860323,787.0,1256.8309325860323,787.0,1256.8309325860323,787.0
230,230.0,1260.809836052536,790.0,1260.809836052536,790.0,1260.809836052536,790.0
231,231.0,1264.7705787860225,793.0,1264.7705787860225,793.0,1264.7705787860225,793.0
232,232.0,1268.7131795439916,796.0,1268.7131795439916,796.0,1268.7131795439916,796.0
233,233.0,1272.6376581429388,799.0,1272.6376581429388,799.0,1272.6376581429388,799.0
234,234.0,1276.5440354390423,802.0,1276.5440354390423,802.0,1276.5440354390423,802.0
235,235.0,1280.4323333090722,805.0,1280.4323333090722,805.0,1280.4323333090722,805.0
236,236.0,1284.3025746315216,808.0,1284.3025746315216,808.0,1284.3025746315216,808.0
237,237.0,1288.1547832679564,811.0,1288.1547832679564,811.0,1288.1547832679564,811.0
238,238.0,1291.9889840445855,814.0,1291.9889840445855,814.0,1291.9889840445855,814.0
239,239.0,1295.805202734046,817.0,1295.805202734046,817.0,1295.805202734046,817.0
240,240.0,1299.6034660374046,820.0,1299.6034660374046,820.0,1299.6034660374046,820.0
241,241.0,1303.383801566375,823.0,1303.383801566375,823.0,1303.383801566375,823.0
242,242.0,1307.1462378257445,826.0,1307.1462378257445,826.0,1307.1462378257445,826.0
243,243.0,1310.8908041960144,829.0,1310.8908041960144,829.0,1310.8908041960144,829.0
244,244.0,1314.61753091625,832.0,1314.61753091625,832.0,1314.61753091625,832.0
245,245.0,1318.3264490671374,835.0,1318.3264490671374,835.0,1318.3264490671374,835.0
246,246.0,1322.017590554248,838.0,1322.017590554248,838.0,1322.017590554248,838.0
247,247.0,1325.690988091508,841.0,1325.690988091508,841.0,1325.690988091508,841.0
248,248.0,1329.3466751848716,844.0,1329.3466751848716,844.0,1329.3466751848716,844.0
249,249.0,1332.9846861161952,847.0,1332.9846861161952,847.0,1332.9846861161952,847.0
250,250.0,1336.6050559273144,850.0,1336.6050559273144,850.0,1336.6050559273144,850.0
251,251.0,1340.2078204043175,853.0,1340.2078204043175,853.0,1340.2078204043175,853.0
252,252.0,1343.7930160620176,856.0,1343.7930160620176,856.0,1343.7930160620176,856.0
253,253.0,1347.3606801286205,859.0,1347.3606801286205,859.0,1347.3606801286205,859.0
254,254.0,1350.910850530587,862.0,1350.910850530587,862.0,1350.910850530587,862.0
255,255.0,1354.4435658776865,865.0,1354.4435658776865,865.0,1354.4435658776865,865.0
256,256.0,1357.958865448244,868.0,1357.958865448244,868.0,1357.958865448244,868.0
257,257.0,1361.4567891745744,871.0,1361.4567891745744,871.0,1361.4567891745744,871.0
258,258.0,1364.9373776286054,874.0,1364.9373776286054,874.0,1364.9373776286054,874.0
259,259.0,1368.4006720076875,877.0,1368.4006720076875,877.0,1368.4006720076875,877.0
260,260.0,1371.8467141205874,880.0,1371.8467141205874,880.0,1371.8467141205874,880.0
261,261.0,1375.2755463736655,883.0,1375.2755463736655,883.0,1375.2755463736655,883.0
262,262.0,1378.687211757234,886.0,1378.687211757234,886.0,1378.687211757234,886.0
263,263.0,1382.0817538320957,889.0,1382.0817538320957,889.0,1382.0817538320957,889.0
264,264.0,1385.4592167162602,892.0,1385.4592167162602,892.0,1385.4592167162602,892.0
265,265.0,1388.8196450718376,895.0,1388.8196450718376,895.0,1388.8196450718376,895.0
266,266.0,1392.163084092107,898.0,1392.163084092107,898.0,1392.163084092107,898.0
267,267.0,1395.4895794887584,901.0,1395.4895794887584,901.0,1395.4895794887584,901.0
268,268.0,1398.7991774793065,904.0,1398.7991774793065,904.0,1398.7991774793065,904.0
269,269.0,1402.0919247746745,907.0,1402.0919247746745,907.0,1402.0919247746745,907.0
270,270.0,1405.3678685669472,910.0,1405.3678685669472,910.0,1405.3678685669472,910.0
271,271.0,1408.6270565172908,913.0,1408.6270565172908,913.0,1408.6270565172908,913.0
272,272.0,1411.8695367440391,916.0,1411.8695367440391,916.0,1411.8695367440391,916.0
273,273.0,1415.095357810941,919.0,1415.095357810941,919.0,1415.095357810941,919.0
274,274.0,1418.3045687155745,922.0,1418.3045687155745,922.0,1418.3045687155745,922.0
275,275.0,1421.4972188779177,925.0,1421.4972188779177,925.0,1421.4972188779177,925.0
276,276.0,1424.6733581290812,928.0,1424.6733581290812,928.0,1424.6733581290812,928.0
277,277.0,1427.8330367001972,931.0,1427.8330367001972,931.0,1427.8330367001972,931.0
278,278.0,1430.9763052114652,934.0,1430.9763052114652,934.0,1430.9763052114652,934.0
279,279.0,1434.1032146613525,937.0,1434.1032146613525,937.0,1434.1032146613525,937.0
280,280.0,1437.2138164159471,940.0,1437.2138164159471,940.0,1437.2138164159471,940.0
281,281.0,1440.308162198462,943.0,1440.308162198462,943.0,1440.308162198462,943.0
282,282.0,1443.3863040788895,946.0,1443.3863040788895,946.0,1443.3863040788895,946.0
283,283.0,1446.4482944638046,949.0,1446.4482944638046,949.0,1446.4482944638046,949.0
284,284.0,1449.494186086315,952.0,1449.494186086315,952.0,1449.494186086315,952.0
285,285.0,1452.5240319961558,955.0,1452.5240319961558,955.0,1452.5240319961558,955.0
286,286.0,1455.5378855499287,958.0,1455.5378855499287,958.0,1455.5378855499287,958.0
287,287.0,1458.535800401483,961.0,1458.535800401483,961.0,1458.535800401483,961.0
288,288.0,1461.5178304924382,964.0,1461.5178304924382,964.0,1461.5178304924382,964.0
289,289.0,1464.484030042846,967.0,1464.484030042846,967.0,1464.484030042846,967.0
290,290.0,1467.4344535419891,970.0,1467.4344535419891,970.0,1467.4344535419891,970.0
291,291.0,1470.3691557393174,973.0,1470.3691557393174,973.0,1470.3691557393174,973.0
292,292.0,1473.2881916355193,976.0,1473.2881916355193,976.0,1473.2881916355193,976.0
293,293.0,1476.1916164737256,979.0,1476.1916164737256,979.0,1476.1916164737256,979.0
294,294.0,1479.0794857308463,982.0,1479.0794857308463,982.0,1479.0794857308463,982.0
295,295.0,1481.9518551090375,985.0,1481.9518551090375,985.0,1481.9518551090375,985.0
296,296.0,1484.8087805272985,988.0,1484.8087805272985,988.0,1484.8087805272985,988.0
297,297.0,1487.650318113195,991.0,1487.650318113195,991.0,1487.650318113195,991.0
298,298.0,1490.4765241947098,994.0,1490.4765241947098,994.0,1490.4765241947098,994.0
299,299.0,1493.2874552922192,997.0,1493.2874552922192,997.0,1493.2874552922192,997.0
300,300.0,1496.0831681105913,1000.0,1496.0831681105913,1000.0,1496.0831681105913,1000.0
301,301.0,1498.8637195314068,1003.0,1498.8637195314068,1003.0,1498.8637195314068,1003.0
302,302.0,1501.6291666053025,1006.0,1501.6291666053025,1006.0,1501.6291666053025,1006.0
303,303.0,1504.379566544432,1009.0,1504.379566544432,1009.0,1504.379566544432,1009.0
304,304.0,1507.1149767150453,1012.0,1507.1149767150453,1012.0,1507.1149767150453,1012.0
305,305.0,1509.835454630186,1015.0,1509.835454630186,1015.0,1509.835454630186,1015.0
306,306.0,1512.5410579425024,1018.0,1512.5410579425024,1018.0,1512.5410579425024,1018.0
307,307.0,1515.231844437174,1021.0,1515.231844437174,1021.0,1515.231844437174,1021.0
308,308.0,1517.9078720249502,1024.0,1517.9078720249502,1024.0,1517.9078720249502,1024.0
309,309.0,1520.5691987353,1027.0,1520.5691987353,1027.0,1520.5691987353,1027.0
310,310.0,1523.215882709674,1030.0,1523.215882709674,1030.0,1523.215882709674,1030.0
311,311.0,1525.8479821948715,1033.0,1525.8479821948715,1033.0,1525.8479821948715,1033.0
312,312.0,1528.4655555365196,1036.0,1528.4655555365196,1036.0,1528.4655555365196,1036.0
313,313.0,1531.0686611726553,1039.0,1531.0686611726553,1039.0,1531.0686611726553,1039.0
314,314.0,1533.6573576274143,1042.0,1533.6573576274143,1042.0,1533.6573576274143,1042.0
315,315.0,1536.231703504823,1045.0,1536.231703504823,1045.0,1536.231703504823,1045.0
316,316.0,1538.7917574826936,1048.0,1538.7917574826936,1048.0,1538.7917574826936,1048.0
317,317.0,1541.3375783066208,1051.0,1541.3375783066208,1051.0,1541.3375783066208,1051.0
318,318.0,1543.8692247840775,1054.0,1543.8692247840775,1054.0,1543.8692247840775,1054.0
319,319.0,1546.38675577861,1057.0,1546.38675577861,1057.0,1546.38675577861,1057.0
320,320.0,1548.8902302041324,1060.0,1548.8902302041324,1060.0,1548.8902302041324,1060.0
321,321.0,1551.379707019315,1063.0,1551.379707019315,1063.0,1551.379707019315,1063.0
322,322.0,1553.85524522207,1066.0,1553.85524522207,1066.0,1553.85524522207,1066.0
323,323.0,1556.3169038441306,1069.0,1556.3169038441306,1069.0,1556.3169038441306,1069.0
324,324.0,1558.7647419457246,1072.0,1558.7647419457246,1072.0,1558.7647419457246,1072.0
325,325.0,1561.1988186103367,1075.0,1561.1988186103367,1075.0,1561.1988186103367,1075.0
326,326.0,1563.6191929395652,1078.0,1563.6191929395652,1078.0,1563.6191929395652,1078.0
327,327.0,1566.0259240480664,1081.0,1566.0259240480664,1081.0,1566.0259240480664,1081.0
328,328.0,1568.4190710585876,1084.0,1568.4190710585876,1084.0,1568.4190710585876,1084.0
329,329.0,1570.7986930970885,1087.0,1570.7986930970885,1087.0,1570.7986930970885,1087.0
330,330.0,1573.1648492879478,1090.0,1573.1648492879478,1090.0,1573.1648492879478,1090.0
331,331.0,1575.5175987492562,1093.0,1575.5175987492562,1093.0,1575.5175987492562,1093.0
332,332.0,1577.8570005881922,1096.0,1577.8570005881922,1096.0,1577.8570005881922,1096.0
333,333.0,1580.1831138964828,1099.0,1580.1831138964828,1099.0,1580.1831138964828,1099.0
334,334.0,1582.495997745944,1102.0,1582.495997745944,1102.0,1582.495997745944,1102.0
335,335.0,1584.7957111841047,1105.0,1584.7957111841047,1105.0,1584.7957111841047,1105.0
336,336.0,1587.0823132299092,1108.0,1587.0823132299092,1108.0,1587.0823132299092,1108.0
337,337.0,1589.3558628694987,1111.0,1589.3558628694987,1111.0,1589.3558628694987,1111.0
338,338.0,1591.6164190520701,1114.0,1591.6164190520701,1114.0,1591.6164190520701,1114.0
339,339.0,1593.8640406858146,1117.0,1593.8640406858146,1117.0,1593.8640406858146,1117.0
340,340.0,1596.0987866339285,1120.0,1596.0987866339285,1120.0,1596.0987866339285,1120.0
341,341.0,1598.3207157107006,1123.0,1598.3207157107006,1123.0,1598.3207157107006,1123.0
342,342.0,1600.529886677675,1126.0,1600.529886677675,1126.0,1600.529886677675,1126.0
343,343.0,1602.726358239884,1129.0,1602.726358239884,1129.0,1602.726358239884,1129.0
344,344.0,1604.910189042155,1132.0,1604.910189042155,1132.0,1604.910189042155,1132.0
345,345.0,1607.081437665489,1135.0,1607.081437665489,1135.0,1607.081437665489,1135.0
346,346.0,1609.2401626235057,1138.0,1609.2401626235057,1138.0,1609.2401626235057,1138.0
347,347.0,1611.3864223589635,1141.0,1611.3864223589635,1141.0,1611.3864223589635,1141.0
348,348.0,1613.520275240342,1144.0,1613.520275240342,1144.0,1613.520275240342,1144.0
349,349.0,1615.6417795584962,1147.0,1615.6417795584962,1147.0,1615.6417795584962,1147.0
350,350.0,1617.7509935233745,1150.0,1617.7509935233745,1150.0,1617.7509935233745,1150.0
351,351.0,1619.847975260804,1153.0,1619.847975260804,1153.0,1619.847975260804,1153.0
352,352.0,1621.9327828093394,1156.0,1621.9327828093394,1156.0,1621.9327828093394,1156.0
353,353.0,1624.0054741171762,1159.0,1624.0054741171762,1159.0,1624.0054741171762,1159.0
354,354.0,1626.0661070391263,1162.0,1626.0661070391263,1162.0,1626.0661070391263,1162.0
355,355.0,1628.1147393336573,1165.0,1628.1147393336573,1165.0,1628.1147393336573,1165.0
356,356.0,1630.1514286599909,1168.0,1630.1514286599909,1168.0,1630.1514286599909,1168.0
357,357.0,1632.1762325752632,1171.0,1632.1762325752632,1171.0,1632.1762325752632,1171.0
358,358.0,1634.1892085317438,1174.0,1634.1892085317438,1174.0,1634.1892085317438,1174.0
359,359.0,1636.1904138741145,1177.0,1636.1904138741145,1177.0,1636.1904138741145,1177.0
360,360.0,1638.1799058368053,1180.0,1638.1799058368053,1180.0,1638.1799058368053,1180.0
361,361.0,1640.1577415413874,1183.0,1640.1577415413874,1183.0,1640.1577415413874,1183.0
362,362.0,1642.123977994023,1186.0,1642.123977994023,1186.0,1642.123977994023,1186.0
363,363.0,1644.0786720829708,1189.0,1644.0786720829708,1189.0,1644.0786720829708,1189.0
364,364.0,1646.021880576146,1192.0,1646.021880576146,1192.0,1646.021880576146,1192.0
365,365.0,1647.9536601187342,1195.0,1647.9536601187342,1195.0,1647.9536601187342,1195.0
366,366.0,1649.8740672308584,1198.0,1649.8740672308584,1198.0,1649.8740672308584,1198.0
367,367.0,1651.7831583052994,1201.0,1651.7831583052994,1201.0,1651.7831583052994,1201.0
368,368.0,1653.6809896052675,1204.0,1653.6809896052675,1204.0,1653.6809896052675,1204.0
369,369.0,1655.5676172622245,1207.0,1655.5676172622245,1207.0,1655.5676172622245,1207.0
370,370.0,1657.443097273757,1210.0,1657.443097273757,1210.0,1657.443097273757,1210.0
371,371.0,1659.3074855014993,1213.0,1659.3074855014993,1213.0,1659.3074855014993,1213.0
372,372.0,1661.1608376691038,1216.0,1661.1608376691038,1216.0,1661.1608376691038,1216.0
373,373.0,1663.0032093602615,1219.0,1663.0032093602615,1219.0,1663.0032093602615,1219.0
374,374.0,1664.834656016769,1222.0,1664.834656016769,1222.0,1664.834656016769,1222.0
375,375.0,1666.6552329366418,1225.0,1666.6552329366418,1225.0,1666.6552329366418,1225.0
376,376.0,1668.464995272275,1228.0,1668.464995272275,1228.0,1668.464995272275,1228.0
377,377.0,1670.2639980286476,1231.0,1670.2639980286476,1231.0,1670.2639980286476,1231.0
378,378.0,1672.052296061574,1234.0,1672.052296061574,1234.0,1672.052296061574,1234.0
379,379.0,1673.8299440759968,1237.0,1673.8299440759968,1237.0,1673.8299440759968,1237.0
380,380.0,1675.5969966243263,1240.0,1675.5969966243263,1240.0,1675.5969966243263,1240.0
381,381.0,1677.3535081048196,1243.0,1677.3535081048196,1243.0,1677.3535081048196,1243.0
382,382.0,1679.099532760004,1246.0,1679.099532760004,1246.0,1679.099532760004,1246.0
383,383.0,1680.8351246751413,1249.0,1680.8351246751413,1249.0,1680.8351246751413,1249.0
384,384.0,1682.5603377767331,1252.0,1682.5603377767331,1252.0,1682.5603377767331,1252.0
385,385.0,1684.2752258310666,1255.0,1684.2752258310666,1255.0,1684.2752258310666,1255.0
386,386.0,1685.9798424427995,1258.0,1685.9798424427995,1258.0,1685.9798424427995,1258.0
387,387.0,1687.6742410535844,1261.0,1687.6742410535844,1261.0,1687.6742410535844,1261.0
388,388.0,1689.3584749407332,1264.0,1689.3584749407332,1264.0,1689.3584749407332,1264.0
389,389.0,1691.0325972159164,1267.0,1691.0325972159164,1267.0,1691.0325972159164,1267.0
390,390.0,1692.6966608239024,1270.0,1692.6966608239024,1270.0,1692.6966608239024,1270.0
391,391.0,1694.3507185413325,1273.0,1694.3507185413325,1273.0,1694.3507185413325,1273.0
392,392.0,1695.9948229755323,1276.0,1695.9948229755323,1276.0,1695.9948229755323,1276.0
393,393.0,1697.629026563359,1279.0,1697.629026563359,1279.0,1697.629026563359,1279.0
394,394.0,1699.2533815700838,1282.0,1699.2533815700838,1282.0,1699.2533815700838,1282.0
395,395.0,1700.867940088308,1285.0,1700.867940088308,1285.0,1700.867940088308,1285.0
396,396.0,1702.4727540369151,1288.0,1702.4727540369151,1288.0,1702.4727540369151,1288.0
397,397.0,1704.067875160055,1291.0,1704.067875160055,1291.0,1704.067875160055,1291.0
398,398.0,1705.653355026161,1294.0,1705.653355026161,1294.0,1705.653355026161,1294.0
399,399.0,1707.2292450270004,1297.0,1707.2292450270004,1297.0,1707.2292450270004,1297.0
400,400.0,1708.795596376756,1300.0,1708.795596376756,1300.0,1708.795596376756,1300.0
401,401.0,1710.3524601111403,1303.0,1710.3524601111403,1303.0,1710.3524601111403,1303.0
402,402.0,1711.8998870865391,1306.0,1711.8998870865391,1306.0,1711.8998870865391,1306.0
403,403.0,1713.4379279791876,1309.0,1713.4379279791876,1309.0,1713.4379279791876,1309.0
404,404.0,1714.9666332843744,1312.0,1714.9666332843744,1312.0,1714.9666332843744,1312.0
405,405.0,1716.4860533156768,1315.0,1716.4860533156768,1315.0,1716.4860533156768,1315.0
406,406.0,1717.9962382042236,1318.0,1717.9962382042236,1318.0,1717.9962382042236,1318.0
407,407.0,1719.4972378979878,1321.0,1719.4972378979878,1321.0,1719.4972378979878,1321.0
408,408.0,1720.9891021611074,1324.0,1720.9891021611074,1324.0,1720.9891021611074,1324.0
409,409.0,1722.4718805732323,1327.0,1722.4718805732323,1327.0,1722.4718805732323,1327.0
410,410.0,1723.9456225289,1330.0,1723.9456225289,1330.0,1723.9456225289,1330.0
411,411.0,1725.4103772369378,1333.0,1725.4103772369378,1333.0,1725.4103772369378,1333.0
412,412.0,1726.866193719891,1336.0,1726.866193719891,1336.0,1726.866193719891,1336.0
413,413.0,1728.313120813477,1339.0,1728.313120813477,1339.0,1728.313120813477,1339.0
414,414.0,1729.7512071660653,1342.0,1729.7512071660653,1342.0,1729.7512071660653,1342.0
415,415.0,1731.1805012381822,1345.0,1731.1805012381822,1345.0,1731.1805012381822,1345.0
416,416.0,1732.6010513020397,1348.0,1732.6010513020397,1348.0,1732.6010513020397,1348.0
417,417.0,1734.01290544109,1351.0,1734.01290544109,1351.0,1734.01290544109,1351.0
418,418.0,1735.4161115496022,1354.0,1735.4161115496022,1354.0,1735.4161115496022,1354.0
419,419.0,1736.8107173322637,1357.0,1736.8107173322637,1357.0,1736.8107173322637,1357.0
420,420.0,1738.1967703038042,1360.0,1738.1967703038042,1360.0,1738.1967703038042,1360.0
421,421.0,1739.5743177886418,1363.0,1739.5743177886418,1363.0,1739.5743177886418,1363.0
422,422.0,1740.943406920552,1366.0,1740.943406920552,1366.0,1740.943406920552,1366.0
423,423.0,1742.3040846423585,1369.0,1742.3040846423585,1369.0,1742.3040846423585,1369.0
424,424.0,1743.6563977056455,1372.0,1743.6563977056455,1372.0,1743.6563977056455,1372.0
425,425.0,1745.0003926704906,1375.0,1745.0003926704906,1375.0,1745.0003926704906,1375.0
426,426.0,1746.336115905219,1378.0,1746.336115905219,1378.0,1746.336115905219,1378.0
427,427.0,1747.6636135861781,1381.0,1747.6636135861781,1381.0,1747.6636135861781,1381.0
428,428.0,1748.982931697532,1384.0,1748.982931697532,1384.0,1748.982931697532,1384.0
429,429.0,1750.2941160310754,1387.0,1750.2941160310754,1387.0,1750.2941160310754,1387.0
430,430.0,1751.597212186068,1390.0,1751.597212186068,1390.0,1751.597212186068,1390.0
431,431.0,1752.8922655690858,1393.0,1752.8922655690858,1393.0,1752.8922655690858,1393.0
432,432.0,1754.1793213938934,1396.0,1754.1793213938934,1396.0,1754.1793213938934,1396.0
433,433.0,1755.4584246813324,1399.0,1755.4584246813324,1399.0,1755.4584246813324,1399.0
434,434.0,1756.7296202592304,1402.0,1756.7296202592304,1402.0,1756.7296202592304,1402.0
435,435.0,1757.9929527623249,1405.0,1757.9929527623249,1405.0,1757.9929527623249,1405.0
436,436.0,1759.2484666322066,1408.0,1759.2484666322066,1408.0,1759.2484666322066,1408.0
437,437.0,1760.496206117279,1411.0,1760.496206117279,1411.0,1760.496206117279,1411.0
438,438.0,1761.7362152727342,1414.0,1761.7362152727342,1414.0,1761.7362152727342,1414.0
439,439.0,1762.968537960547,1417.0,1762.968537960547,1417.0,1762.968537960547,1417.0
440,440.0,1764.1932178494822,1420.0,1764.1932178494822,1420.0,1764.1932178494822,1420.0
441,441.0,1765.4102984151202,1423.0,1765.4102984151202,1423.0,1765.4102984151202,1423.0
442,442.0,1766.6198229398972,1426.0,1766.6198229398972,1426.0,1766.6198229398972,1426.0
443,443.0,1767.8218345131606,1429.0,1767.8218345131606,1429.0,1767.8218345131606,1429.0
444,444.0,1769.01637603124,1432.0,1769.01637603124,1432.0,1769.01637603124,1432.0
445,445.0,1770.2034901975314,1435.0,1770.2034901975314,1435.0,1770.2034901975314,1435.0
446,446.0,1771.3832195225973,1438.0,1771.3832195225973,1438.0,1771.3832195225973,1438.0
447,447.0,1772.5556063242805,1441.0,1772.5556063242805,1441.0,1772.5556063242805,1441.0
448,448.0,1773.720692727831,1444.0,1773.720692727831,1444.0,1773.720692727831,1444.0
449,449.0,1774.878520666048,1447.0,1774.878520666048,1447.0,1774.878520666048,1447.0
450,450.0,1776.0291318794332,1450.0,1776.0291318794332,1450.0,1776.0291318794332,1450.0
451,451.0,1777.172567916359,1453.0,1777.172567916359,1453.0,1777.172567916359,1453.0
452,452.0,1778.3088701332485,1456.0,1778.3088701332485,1456.0,1778.3088701332485,1456.0
453,453.0,1779.4380796947687,1459.0,1779.4380796947687,1459.0,1779.4380796947687,1459.0
454,454.0,1780.560237574035,1462.0,1780.560237574035,1462.0,1780.560237574035,1462.0
455,455.0,1781.6753845528287,1465.0,1781.6753845528287,1465.0,1781.6753845528287,1465.0
456,456.0,1782.783561221826,1468.0,1782.783561221826,1468.0,1782.783561221826,1468.0
457,457.0,1783.8848079808379,1471.0,1783.8848079808379,1471.0,1783.8848079808379,1471.0
458,458.0,1784.9791650390632,1474.0,1784.9791650390632,1474.0,1784.9791650390632,1474.0
459,459.0,1786.0666724153507,1477.0,1786.0666724153507,1477.0,1786.0666724153507,1477.0
460,460.0,1787.1473699384735,1480.0,1787.1473699384735,1480.0,1787.1473699384735,1480.0
461,461.0,1788.2212972474128,1483.0,1788.2212972474128,1483.0,1788.2212972474128,1483.0
462,462.0,1789.2884937916538,1486.0,1789.2884937916538,1486.0,1789.2884937916538,1486.0
463,463.0,1790.3489988314902,1489.0,1790.3489988314902,1489.0,1790.3489988314902,1489.0
464,464.0,1791.4028514383394,1492.0,1791.4028514383394,1492.0,1791.4028514383394,1492.0
465,465.0,1792.450090495068,1495.0,1792.450090495068,1495.0,1792.450090495068,1495.0
466,466.0,1793.4907546963257,1498.0,1793.4907546963257,1498.0,1793.4907546963257,1498.0
467,467.0,1794.5248825488893,1501.0,1794.5248825488893,1501.0,1794.5248825488893,1501.0
468,468.0,1795.5525123720158,1504.0,1795.5525123720158,1504.0,1795.5525123720158,1504.0
469,469.0,1796.5736822978047,1507.0,1796.5736822978047,1507.0,1796.5736822978047,1507.0
470,470.0,1797.588430271568,1510.0,1797.588430271568,1510.0,1797.588430271568,1510.0
471,471.0,1798.5967940522107,1513.0,1798.5967940522107,1513.0,1798.5967940522107,1513.0
472,472.0,1799.5988112126176,1516.0,1799.5988112126176,1516.0,1799.5988112126176,1516.0
473,473.0,1800.5945191400494,1519.0,1800.5945191400494,1519.0,1800.5945191400494,1519.0
474,474.0,1801.5839550365465,1522.0,1801.5839550365465,1522.0,1801.5839550365465,1522.0
475,475.0,1802.5671559193415,1525.0,1802.5671559193415,1525.0,1802.5671559193415,1525.0
476,476.0,1803.544158621278,1528.0,1803.544158621278,1528.0,1803.544158621278,1528.0
477,477.0,1804.514999791237,1531.0,1804.514999791237,1531.0,1804.514999791237,1531.0
478,478.0,1805.4797158945714,1534.0,1805.4797158945714,1534.0,1805.4797158945714,1534.0
479,479.0,1806.4383432135485,1537.0,1806.4383432135485,1537.0,1806.4383432135485,1537.0
480,480.0,1807.3909178477957,1540.0,1807.3909178477957,1540.0,1807.3909178477957,1540.0
481,481.0,1808.3374757147576,1543.0,1808.3374757147576,1543.0,1808.3374757147576,1543.0
482,482.0,1809.2780525501566,1546.0,1809.2780525501566,1546.0,1809.2780525501566,1546.0
483,483.0,1810.212683908461,1549.0,1810.212683908461,1549.0,1810.212683908461,1549.0
484,484.0,1811.1414051633599,1552.0,1811.1414051633599,1552.0,1811.1414051633599,1552.0
485,485.0,1812.0642515082425,1555.0,1812.0642515082425,1555.0,1812.0642515082425,1555.0
486,486.0,1812.9812579566856,1558.0,1812.9812579566856,1558.0,1812.9812579566856,1558.0
487,487.0,1813.8924593429451,1561.0,1813.8924593429451,1561.0,1813.8924593429451,1561.0
488,488.0,1814.797890322455,1564.0,1814.797890322455,1564.0,1814.797890322455,1564.0
489,489.0,1815.6975853723297,1567.0,1815.6975853723297,1567.0,1815.6975853723297,1567.0
490,490.0,1816.5915787918732,1570.0,1816.5915787918732,1570.0,1816.5915787918732,1570.0
491,491.0,1817.479904703093,1573.0,1817.479904703093,1573.0,1817.479904703093,1573.0
492,492.0,1818.3625970512203,1576.0,1818.3625970512203,1576.0,1818.3625970512203,1576.0
493,493.0,1819.2396896052321,1579.0,1819.2396896052321,1579.0,1819.2396896052321,1579.0
494,494.0,1820.1112159583822,1582.0,1820.1112159583822,1582.0,1820.1112159583822,1582.0
495,495.0,1820.9772095287337,1585.0,1820.9772095287337,1585.0,1820.9772095287337,1585.0
496,496.0,1821.837703559697,1588.0,1821.837703559697,1588.0,1821.837703559697,1588.0
497,497.0,1822.6927311205732,1591.0,1822.6927311205732,1591.0,1822.6927311205732,1591.0
498,498.0,1823.5423251071002,1594.0,1823.5423251071002,1594.0,1823.5423251071002,1594.0
499,499.0,1824.386518242004,1597.0,1824.386518242004,1597.0,1824.386518242004,1597.0
500,500.0,1825.2253430755543,1600.0,1825.2253430755543,1600.0,1825.2253430755543,1600.0
501,501.0,1826.0588319861222,1603.0,1826.0588319861222,1603.0,1826.0588319861222,1603.0
502,502.0,1826.8870171807446,1606.0,1826.8870171807446,1606.0,1826.8870171807446,1606.0
503,503.0,1827.7099306956893,1609.0,1827.7099306956893,1609.0,1827.7099306956893,1609.0
504,504.0,1828.5276043970257,1612.0,1828.5276043970257,1612.0,1828.5276043970257,1612.0
505,505.0,1829.340069981198,1615.0,1829.340069981198,1615.0,1829.340069981198,1615.0
506,506.0,1830.1473589756022,1618.0,1830.1473589756022,1618.0,1830.1473589756022,1618.0
507,507.0,1830.949502739166,1621.0,1830.949502739166,1621.0,1830.949502739166,1621.0
508,508.0,1831.7465324629322,1624.0,1831.7465324629322,1624.0,1831.7465324629322,1624.0
509,509.0,1832.5384791706445,1627.0,1832.5384791706445,1627.0,1832.5384791706445,1627.0
510,510.0,1833.3253737193359,1630.0,1833.3253737193359,1630.0,1833.3253737193359,1630.0
511,511.0,1834.1072467999225,1633.0,1834.1072467999225,1633.0,1834.1072467999225,1633.0
512,512.0,1834.8841289377956,1636.0,1834.8841289377956,1636.0,1834.8841289377956,1636.0
513,513.0,1835.6560504934207,1639.0,1835.6560504934207,1639.0,1835.6560504934207,1639.0
514,514.0,1836.423041662936,1642.0,1836.423041662936,1642.0,1836.423041662936,1642.0
515,515.0,1837.1851324787547,1645.0,1837.1851324787547,1645.0,1837.1851324787547,1645.0
516,516.0,1837.9423528101695,1648.0,1837.9423528101695,1648.0,1837.9423528101695,1648.0
517,517.0,1838.6947323639588,1651.0,1838.6947323639588,1651.0,1838.6947323639588,1651.0
518,518.0,1839.4423006849956,1654.0,1839.4423006849956,1654.0,1839.4423006849956,1654.0
519,519.0,1840.185087156858,1657.0,1840.185087156858,1657.0,1840.185087156858,1657.0
520,520.0,1840.9231210024407,1660.0,1840.9231210024407,1660.0,1840.9231210024407,1660.0
521,521.0,1841.656431284572,1663.0,1841.656431284572,1663.0,1841.656431284572,1663.0
522,522.0,1842.3850469066267,1666.0,1842.3850469066267,1666.0,1842.3850469066267,1666.0
523,523.0,1843.1089966131467,1669.0,1843.1089966131467,1669.0,1843.1089966131467,1669.0
524,524.0,1843.8283089904585,1672.0,1843.8283089904585,1672.0,1843.8283089904585,1672.0
525,525.0,1844.5430124672955,1675.0,1844.5430124672955,1675.0,1844.5430124672955,1675.0
526,526.0,1845.253135315419,1678.0,1845.253135315419,1678.0,1845.253135315419,1678.0
527,527.0,1845.958705650243,1681.0,1845.958705650243,1681.0,1845.958705650243,1681.0
528,528.0,1846.6597514314585,1684.0,1846.6597514314585,1684.0,1846.6597514314585,1684.0
529,529.0,1847.3563004636599,1687.0,1847.3563004636599,1687.0,1847.3563004636599,1687.0
530,530.0,1848.0483803969719,1690.0,1848.0483803969719,1690.0,1848.0483803969719,1690.0
531,531.0,1848.7360187276784,1693.0,1848.7360187276784,1693.0,1848.7360187276784,1693.0
532,532.0,1849.4192427988512,1696.0,1849.4192427988512,1696.0,1849.4192427988512,1696.0
533,533.0,1850.0980798009805,1699.0,1850.0980798009805,1699.0,1850.0980798009805,1699.0
534,534.0,1850.7725567726056,1702.0,1850.7725567726056,1702.0,1850.7725567726056,1702.0
535,535.0,1851.4427006009466,1705.0,1851.4427006009466,1705.0,1851.4427006009466,1705.0
536,536.0,1852.1085380225375,1708.0,1852.1085380225375,1708.0,1852.1085380225375,1708.0
537,537.0,1852.770095623858,1711.0,1852.770095623858,1711.0,1852.770095623858,1711.0
538,538.0,1853.4273998419683,1714.0,1853.4273998419683,1714.0,1853.4273998419683,1714.0
539,539.0,1854.0804769651425,1717.0,1854.0804769651425,1717.0,1854.0804769651425,1717.0
540,540.0,1854.7293531335035,1720.0,1854.7293531335035,1720.0,1854.7293531335035,1720.0
541,541.0,1855.3740543396577,1723.0,1855.3740543396577,1723.0,1855.3740543396577,1723.0
542,542.0,1856.0146064293303,1726.0,1856.0146064293303,1726.0,1856.0146064293303,1726.0
543,543.0,1856.6510351020004,1729.0,1856.6510351020004,1729.0,1856.6510351020004,1729.0
544,544.0,1857.283365911537,1732.0,1857.283365911537,1732.0,1857.283365911537,1732.0
545,545.0,1857.911624266835,1735.0,1857.911624266835,1735.0,1857.911624266835,1735.0
546,546.0,1858.5358354324508,1738.0,1858.5358354324508,1738.0,1858.5358354324508,1738.0
547,547.0,1859.1560245292376,1741.0,1859.1560245292376,1741.0,1859.1560245292376,1741.0
548,548.0,1859.7722165349821,1744.0,1859.7722165349821,1744.0,1859.7722165349821,1744.0
549,549.0,1860.38443628504,1747.0,1860.38443628504,1747.0,1860.38443628504,1747.0
550,550.0,1860.9927084729716,1750.0,1860.9927084729716,1750.0,1860.9927084729716,1750.0
551,551.0,1861.597057651177,1753.0,1861.597057651177,1753.0,1861.597057651177,1753.0
552,552.0,1862.1975082315316,1756.0,1862.1975082315316,1756.0,1862.1975082315316,1756.0
553,553.0,1862.794084486021,1759.0,1862.794084486021,1759.0,1862.794084486021,1759.0
554,554.0,1863.386810547375,1762.0,1863.386810547375,1762.0,1863.386810547375,1762.0
555,555.0,1863.975710409703,1765.0,1863.975710409703,1765.0,1863.975710409703,1765.0
556,556.0,1864.5608079291262,1768.0,1864.5608079291262,1768.0,1864.5608079291262,1768.0
557,557.0,1865.1421268244123,1771.0,1865.1421268244123,1771.0,1865.1421268244123,1771.0
558,558.0,1865.7196906776076,1774.0,1865.7196906776076,1774.0,1865.7196906776076,1774.0
559,559.0,1866.2935229346685,1777.0,1866.2935229346685,1777.0,1866.2935229346685,1777.0
560,560.0,1866.863646906095,1780.0,1866.863646906095,1780.0,1866.863646906095,1780.0
561,561.0,1867.4300857675596,1783.0,1867.4300857675596,1783.0,1867.4300857675596,1783.0
562,562.0,1867.992862560539,1786.0,1867.992862560539,1786.0,1867.992862560539,1786.0
563,563.0,1868.5520001929424,1789.0,1868.5520001929424,1789.0,1868.5520001929424,1789.0
564,564.0,1869.1075214397417,1792.0,1869.1075214397417,1792.0,1869.1075214397417,1792.0
565,565.0,1869.6594489435981,1795.0,1869.6594489435981,1795.0,1869.6594489435981,1795.0
566,566.0,1870.2078052154902,1798.0,1870.2078052154902,1798.0,1870.2078052154902,1798.0
567,567.0,1870.7526126353396,1801.0,1870.7526126353396,1801.0,1870.7526126353396,1801.0
568,568.0,1871.2938934526364,1804.0,1871.2938934526364,1804.0,1871.2938934526364,1804.0
569,569.0,1871.831669787064,1807.0,1871.831669787064,1807.0,1871.831669787064,1807.0
570,570.0,1872.3659636291216,1810.0,1872.3659636291216,1810.0,1872.3659636291216,1810.0
571,571.0,1872.896796840747,1813.0,1872.896796840747,1813.0,1872.896796840747,1813.0
572,572.0,1873.4241911559382,1816.0,1873.4241911559382,1816.0,1873.4241911559382,1816.0
573,573.0,1873.948168181373,1819.0,1873.948168181373,1819.0,1873.948168181373,1819.0
574,574.0,1874.4687493970287,1822.0,1874.4687493970287,1822.0,1874.4687493970287,1822.0
575,575.0,1874.9859561567991,1825.0,1874.9859561567991,1825.0,1874.9859561567991,1825.0
576,576.0,1875.499809689113,1828.0,1875.499809689113,1828.0,1875.499809689113,1828.0
577,577.0,1876.0103310975476,1831.0,1876.0103310975476,1831.0,1876.0103310975476,1831.0
578,578.0,1876.5175413614438,1834.0,1876.5175413614438,1834.0,1876.5175413614438,1834.0
579,579.0,1877.0214613365201,1837.0,1877.0214613365201,1837.0,1877.0214613365201,1837.0
580,580.0,1877.522111755483,1840.0,1877.522111755483,1840.0,1877.522111755483,1840.0
581,581.0,1878.0195132286374,1843.0,1878.0195132286374,1843.0,1878.0195132286374,1843.0
582,582.0,1878.513686244497,1846.0,1878.513686244497,1846.0,1878.513686244497,1846.0
583,583.0,1879.0046511703908,1849.0,1879.0046511703908,1849.0,1879.0046511703908,1849.0
584,584.0,1879.4924282530696,1852.0,1879.4924282530696,1852.0,1879.4924282530696,1852.0
585,585.0,1879.9770376193114,1855.0,1879.9770376193114,1855.0,1879.9770376193114,1855.0
586,586.0,1880.4584992765244,1858.0,1880.4584992765244,1858.0,1880.4584992765244,1858.0
587,587.0,1880.9368331133487,1861.0,1880.9368331133487,1861.0,1880.9368331133487,1861.0
588,588.0,1881.4120589002573,1864.0,1881.4120589002573,1864.0,1881.4120589002573,1864.0
589,589.0,1881.8841962901547,1867.0,1881.8841962901547,1867.0,1881.8841962901547,1867.0
590,590.0,1882.3532648189741,1870.0,1882.3532648189741,1870.0,1882.3532648189741,1870.0
591,591.0,1882.819283906274,1873.0,1882.819283906274,1873.0,1882.819283906274,1873.0
592,592.0,1883.2822728558317,1876.0,1883.2822728558317,1876.0,1883.2822728558317,1876.0
593,593.0,1883.7422508562363,1879.0,1883.7422508562363,1879.0,1883.7422508562363,1879.0
594,594.0,1884.1992369814795,1882.0,1884.1992369814795,1882.0,1884.1992369814795,1882.0
595,595.0,1884.6532501915453,1885.0,1884.6532501915453,1885.0,1884.6532501915453,1885.0
596,596.0,1885.1043093329974,1888.0,1885.1043093329974,1888.0,1885.1043093329974,1888.0
597,597.0,1885.5524331395654,1891.0,1885.5524331395654,1891.0,1885.5524331395654,1891.0
598,598.0,1885.9976402327295,1894.0,1885.9976402327295,1894.0,1885.9976402327295,1894.0
599,599.0,1886.4399491223023,1897.0,1886.4399491223023,1897.0,1886.4399491223023,1897.0
600,600.0,1886.8793782070106,1900.0,1886.8793782070106,1900.0,1886.8793782070106,1900.0
601,601.0,1887.3159457750742,1903.0,1887.3159457750742,1903.0,1887.3159457750742,1903.0
602,602.0,1887.7496700047832,1906.0,1887.7496700047832,1906.0,1887.7496700047832,1906.0
603,603.0,1888.180568965074,1909.0,1888.180568965074,1909.0,1888.180568965074,1909.0
604,604.0,1888.6086606161023,1912.0,1888.6086606161023,1912.0,1888.6086606161023,1912.0
605,605.0,1889.0339628098166,1915.0,1889.0339628098166,1915.0,1889.0339628098166,1915.0
606,606.0,1889.4564932905266,1918.0,1889.4564932905266,1918.0,1889.4564932905266,1918.0
607,607.0,1889.8762696954736,1921.0,1889.8762696954736,1921.0,1889.8762696954736,1921.0
608,608.0,1890.2933095553956,1924.0,1890.2933095553956,1924.0,1890.2933095553956,1924.0
609,609.0,1890.7076302950918,1927.0,1890.7076302950918,1927.0,1890.7076302950918,1927.0
610,610.0,1891.119249233987,1930.0,1891.119249233987,1930.0,1891.119249233987,1930.0
611,611.0,1891.5281835866908,1933.0,1891.5281835866908,1933.0,1891.5281835866908,1933.0
612,612.0,1891.9344504635576,1936.0,1891.9344504635576,1936.0,1891.9344504635576,1936.0
613,613.0,1892.3380668712439,1939.0,1892.3380668712439,1939.0,1892.3380668712439,1939.0
614,614.0,1892.7390497132626,1942.0,1892.7390497132626,1942.0,1892.7390497132626,1942.0
615,615.0,1893.137415790537,1945.0,1893.137415790537,1945.0,1893.137415790537,1945.0
616,616.0,1893.5331818019522,1948.0,1893.5331818019522,1948.0,1893.5331818019522,1948.0
617,617.0,1893.9263643449037,1951.0,1893.9263643449037,1951.0,1893.9263643449037,1951.0
618,618.0,1894.316979915846,1954.0,1894.316979915846,1954.0,1894.316979915846,1954.0
619,619.0,1894.7050449108376,1957.0,1894.7050449108376,1957.0,1894.7050449108376,1957.0
620,620.0,1895.0905756260838,1960.0,1895.0905756260838,1960.0,1895.0905756260838,1960.0
621,621.0,1895.4735882584796,1963.0,1895.4735882584796,1963.0,1895.4735882584796,1963.0
622,622.0,1895.8540989061476,1966.0,1895.8540989061476,1966.0,1895.8540989061476,1966.0
623,623.0,1896.2321235689774,1969.0,1896.2321235689774,1969.0,1896.2321235689774,1969.0
624,624.0,1896.6076781491597,1972.0,1896.6076781491597,1972.0,1896.6076781491597,1972.0
625,625.0,1896.9807784517204,1975.0,1896.9807784517204,1975.0,1896.9807784517204,1975.0
626,626.0,1897.3514401850518,1978.0,1897.3514401850518,1978.0,1897.3514401850518,1978.0
627,627.0,1897.7196789614427,1981.0,1897.7196789614427,1981.0,1897.7196789614427,1981.0
628,628.0,1898.085510297605,1984.0,1898.085510297605,1984.0,1898.085510297605,1984.0
629,629.0,1898.4489496152,1987.0,1898.4489496152,1987.0,1898.4489496152,1987.0
630,630.0,1898.8100122413612,1990.0,1898.8100122413612,1990.0,1898.8100122413612,1990.0
631,631.0,1899.1687134092156,1993.0,1899.1687134092156,1993.0,1899.1687134092156,1993.0
632,632.0,1899.5250682584033,1996.0,1899.5250682584033,1996.0,1899.5250682584033,1996.0
633,633.0,1899.8790918355944,1999.0,1899.8790918355944,1999.0,1899.8790918355944,1999.0
634,634.0,1900.2307990950044,2002.0,1900.2307990950044,2002.0,1900.2307990950044,2002.0
635,635.0,1900.580204898907,2005.0,1900.580204898907,2005.0,1900.580204898907,2005.0
636,636.0,1900.9273240181456,2008.0,1900.9273240181456,2008.0,1900.9273240181456,2008.0
637,637.0,1901.2721711326417,2011.0,1901.2721711326417,2011.0,1901.2721711326417,2011.0
638,638.0,1901.614760831902,2014.0,1901.614760831902,2014.0,1901.614760831902,2014.0
639,639.0,1901.9551076155233,2017.0,1901.9551076155233,2017.0,1901.9551076155233,2017.0
640,640.0,1902.2932258936949,2020.0,1902.2932258936949,2020.0,1902.2932258936949,2020.0
641,641.0,1902.6291299876996,2023.0,1902.6291299876996,2023.0,1902.6291299876996,2023.0
642,642.0,1902.962834130412,2026.0,1902.962834130412,2026.0,1902.962834130412,2026.0
643,643.0,1903.2943524667944,2029.0,1903.2943524667944,2029.0,1903.2943524667944,2029.0
644,644.0,1903.6236990543923,2032.0,1903.6236990543923,2032.0,1903.6236990543923,2032.0
645,645.0,1903.950887863826,2035.0,1903.950887863826,2035.0,1903.950887863826,2035.0
646,646.0,1904.2759327792805,2038.0,1904.2759327792805,2038.0,1904.2759327792805,2038.0
647,647.0,1904.5988475989936,2041.0,1904.5988475989936,2041.0,1904.5988475989936,2041.0
648,648.0,1904.9196460357427,2044.0,1904.9196460357427,2044.0,1904.9196460357427,2044.0
649,649.0,1905.2383417173273,2047.0,1905.2383417173273,2047.0,1905.2383417173273,2047.0
650,650.0,1905.554948187052,2050.0,1905.554948187052,2050.0,1905.554948187052,2050.0
651,651.0,1905.8694789042052,2053.0,1905.8694789042052,2053.0,1905.8694789042052,2053.0
652,652.0,1906.1819472445372,2056.0,1906.1819472445372,2056.0,1906.1819472445372,2056.0
653,653.0,1906.492366500736,2059.0,1906.492366500736,2059.0,1906.492366500736,2059.0
654,654.0,1906.800749882899,2062.0,1906.800749882899,2062.0,1906.800749882899,2062.0
655,655.0,1907.1071105190063,2065.0,1907.1071105190063,2065.0,1907.1071105190063,2065.0
656,656.0,1907.4114614553885,2068.0,1907.4114614553885,2068.0,1907.4114614553885,2068.0
657,657.0,1907.7138156571943,2071.0,1907.7138156571943,2071.0,1907.7138156571943,2071.0
658,658.0,1908.0141860088552,2074.0,1908.0141860088552,2074.0,1908.0141860088552,2074.0
659,659.0,1908.312585314548,2077.0,1908.312585314548,2077.0,1908.312585314548,2077.0
660,660.0,1908.6090262986568,2080.0,1908.6090262986568,2080.0,1908.6090262986568,2080.0
661,661.0,1908.90352160623,2083.0,1908.90352160623,2083.0,1908.90352160623,2083.0
662,662.0,1909.196083803438,2086.0,1909.196083803438,2086.0,1909.196083803438,2086.0
663,663.0,1909.4867253780267,2089.0,1909.4867253780267,2089.0,1909.4867253780267,2089.0
664,664.0,1909.775458739771,2092.0,1909.775458739771,2092.0,1909.775458739771,2092.0
665,665.0,1910.0622962209245,2095.0,1910.0622962209245,2095.0,1910.0622962209245,2095.0
666,666.0,1910.347250076667,2098.0,1910.347250076667,2098.0,1910.347250076667,2098.0
667,667.0,1910.630332485552,2101.0,1910.630332485552,2101.0,1910.630332485552,2101.0
668,668.0,1910.911555549949,2104.0,1910.911555549949,2104.0,1910.911555549949,2104.0
669,669.0,1911.1909312964874,2107.0,1911.1909312964874,2107.0,1911.1909312964874,2107.0
670,670.0,1911.4684716764943,2110.0,1911.4684716764943,2110.0,1911.4684716764943,2110.0
671,671.0,1911.7441885664336,2113.0,1911.7441885664336,2113.0,1911.7441885664336,2113.0
672,672.0,1912.0180937683413,2116.0,1912.0180937683413,2116.0,1912.0180937683413,2116.0
673,673.0,1912.2901990102591,2119.0,1912.2901990102591,2119.0,1912.2901990102591,2119.0
674,674.0,1912.5605159466656,2122.0,1912.5605159466656,2122.0,1912.5605159466656,2122.0
675,675.0,1912.8290561589067,2125.0,1912.8290561589067,2125.0,1912.8290561589067,2125.0
676,676.0,1913.095831155622,2128.0,1913.095831155622,2128.0,1913.095831155622,2128.0
677,677.0,1913.3608523731707,2131.0,1913.3608523731707,2131.0,1913.3608523731707,2131.0
678,678.0,1913.6241311760548,2134.0,1913.6241311760548,2134.0,1913.6241311760548,2134.0
679,679.0,1913.88567885734,2137.0,1913.88567885734,2137.0,1913.88567885734,2137.0
680,680.0,1914.1455066390754,2140.0,1914.1455066390754,2140.0,1914.1455066390754,2140.0
681,681.0,1914.4036256727104,2143.0,1914.4036256727104,2143.0,1914.4036256727104,2143.0
682,682.0,1914.6600470395101,2146.0,1914.6600470395101,2146.0,1914.6600470395101,2146.0
683,683.0,1914.9147817509677,2149.0,1914.9147817509677,2149.0,1914.9147817509677,2149.0
684,684.0,1915.167840749216,2152.0,1915.167840749216,2152.0,1915.167840749216,2152.0
685,685.0,1915.4192349074365,2155.0,1915.4192349074365,2155.0,1915.4192349074365,2155.0
686,686.0,1915.6689750302658,2158.0,1915.6689750302658,2158.0,1915.6689750302658,2158.0
687,687.0,1915.9170718542011,2161.0,1915.9170718542011,2161.0,1915.9170718542011,2161.0
688,688.0,1916.1635360480036,2164.0,1916.1635360480036,2164.0,1916.1635360480036,2164.0
689,689.0,1916.408378213098,2167.0,1916.408378213098,2167.0,1916.408378213098,2167.0
690,690.0,1916.6516088839728,2170.0,1916.6516088839728,2170.0,1916.6516088839728,2170.0
691,691.0,1916.8932385285766,2173.0,1916.8932385285766,2173.0,1916.8932385285766,2173.0
692,692.0,1917.1332775487126,2176.0,1917.1332775487126,2176.0,1917.1332775487126,2176.0
693,693.0,1917.3717362804323,2179.0,1917.3717362804323,2179.0,1917.3717362804323,2179.0
694,694.0,1917.6086249944265,2182.0,1917.6086249944265,2182.0,1917.6086249944265,2182.0
695,695.0,1917.843953896413,2185.0,1917.843953896413,2185.0,1917.843953896413,2185.0
696,696.0,1918.0777331275258,2188.0,1918.0777331275258,2188.0,1918.0777331275258,2188.0
697,697.0,1918.3099727646975,2191.0,1918.3099727646975,2191.0,1918.3099727646975,2191.0
698,698.0,1918.5406828210441,2194.0,1918.5406828210441,2194.0,1918.5406828210441,2194.0
699,699.0,1918.7698732462459,2197.0,1918.7698732462459,2197.0,1918.7698732462459,2197.0
700,700.0,1918.9975539269262,2200.0,1918.9975539269262,2200.0,1918.9975539269262,2200.0
701,701.0,1919.2237346870281,2203.0,1919.2237346870281,2203.0,1919.2237346870281,2203.0
702,702.0,1919.448425288191,2206.0,1919.448425288191,2206.0,1919.448425288191,2206.0
703,703.0,1919.671635430122,2209.0,1919.671635430122,2209.0,1919.671635430122,2209.0
704,704.0,1919.8933747509693,2212.0,1919.8933747509693,2212.0,1919.8933747509693,2212.0
705,705.0,1920.11365282769,2215.0,1920.11365282769,2215.0,1920.11365282769,2215.0
706,706.0,1920.3324791764185,2218.0,1920.3324791764185,2218.0,1920.3324791764185,2218.0
707,707.0,1920.549863252832,2221.0,1920.549863252832,2221.0,1920.549863252832,2221.0
708,708.0,1920.7658144525135,2224.0,1920.7658144525135,2224.0,1920.7658144525135,2224.0
709,709.0,1920.9803421113147,2227.0,1920.9803421113147,2227.0,1920.9803421113147,2227.0
710,710.0,1921.1934555057142,2230.0,1921.1934555057142,2230.0,1921.1934555057142,2230.0
711,711.0,1921.405163853177,2233.0,1921.405163853177,2233.0,1921.405163853177,2233.0
712,712.0,1921.6154763125105,2236.0,1921.6154763125105,2236.0,1921.6154763125105,2236.0
713,713.0,1921.824401984217,2239.0,1921.824401984217,2239.0,1921.824401984217,2239.0
714,714.0,1922.0319499108484,2242.0,1922.0319499108484,2242.0,1922.0319499108484,2242.0
715,715.0,1922.2381290773546,2245.0,1922.2381290773546,2245.0,1922.2381290773546,2245.0
716,716.0,1922.4429484114332,2248.0,1922.4429484114332,2248.0,1922.4429484114332,2248.0
717,717.0,1922.646416783876,2251.0,1922.646416783876,2251.0,1922.646416783876,2251.0
718,718.0,1922.8485430089138,2254.0,1922.8485430089138,2254.0,1922.8485430089138,2254.0
719,719.0,1923.04933584456,2257.0,1923.04933584456,2257.0,1923.04933584456,2257.0
720,720.0,1923.24880399295,2260.0,1923.24880399295,2260.0,1923.24880399295,2260.0
721,721.0,1923.4469561006829,2263.0,1923.4469561006829,2263.0,1923.4469561006829,2263.0
722,722.0,1923.6438007591576,2266.0,1923.6438007591576,2266.0,1923.6438007591576,2266.0
723,723.0,1923.8393465049087,2269.0,1923.8393465049087,2269.0,1923.8393465049087,2269.0
724,724.0,1924.033601819941,2272.0,1924.033601819941,2272.0,1924.033601819941,2272.0
725,725.0,1924.2265751320601,2275.0,1924.2265751320601,2275.0,1924.2265751320601,2275.0
726,726.0,1924.418274815205,2278.0,1924.418274815205,2278.0,1924.418274815205,2278.0
727,727.0,1924.6087091897746,2281.0,1924.6087091897746,2281.0,1924.6087091897746,2281.0
728,728.0,1924.7978865229552,2284.0,1924.7978865229552,2284.0,1924.7978865229552,2284.0
729,729.0,1924.9858150290454,2287.0,1924.9858150290454,2287.0,1924.9858150290454,2287.0
730,730.0,1925.1725028697795,2290.0,1925.1725028697795,2290.0,1925.1725028697795,2290.0
731,731.0,1925.3579581546483,2293.0,1925.3579581546483,2293.0,1925.3579581546483,2293.0
732,732.0,1925.5421889412191,2296.0,1925.5421889412191,2296.0,1925.5421889412191,2296.0
733,733.0,1925.7252032354536,2299.0,1925.7252032354536,2299.0,1925.7252032354536,2299.0
734,734.0,1925.907008992024,2302.0,1925.907008992024,2302.0,1925.907008992024,2302.0
735,735.0,1926.0876141146275,2305.0,1926.0876141146275,2305.0,1926.0876141146275,2305.0
736,736.0,1926.2670264562985,2308.0,1926.2670264562985,2308.0,1926.2670264562985,2308.0
737,737.0,1926.44525381972,2311.0,1926.44525381972,2311.0,1926.44525381972,2311.0
738,738.0,1926.6223039575325,2314.0,1926.6223039575325,2314.0,1926.6223039575325,2314.0
739,739.0,1926.798184572642,2317.0,1926.798184572642,2317.0,1926.798184572642,2317.0
740,740.0,1926.9729033185254,2320.0,1926.9729033185254,2320.0,1926.9729033185254,2320.0
741,741.0,1927.1464677995345,2323.0,1927.1464677995345,2323.0,1927.1464677995345,2323.0
742,742.0,1927.318885571199,2326.0,1927.318885571199,2326.0,1927.318885571199,2326.0
743,743.0,1927.490164140526,2329.0,1927.490164140526,2329.0,1927.490164140526,2329.0
744,744.0,1927.6603109663006,2332.0,1927.6603109663006,2332.0,1927.6603109663006,2332.0
745,745.0,1927.8293334593818,2335.0,1927.8293334593818,2335.0,1927.8293334593818,2335.0
746,746.0,1927.9972389829995,2338.0,1927.9972389829995,2338.0,1927.9972389829995,2338.0
747,747.0,1928.1640348530477,2341.0,1928.1640348530477,2341.0,1928.1640348530477,2341.0
748,748.0,1928.3297283383774,2344.0,1928.3297283383774,2344.0,1928.3297283383774,2344.0
749,749.0,1928.4943266610867,2347.0,1928.4943266610867,2347.0,1928.4943266610867,2347.0
750,750.0,1928.6578369968106,2350.0,1928.6578369968106,2350.0,1928.6578369968106,2350.0
751,751.0,1928.8202664750083,2353.0,1928.8202664750083,2353.0,1928.8202664750083,2353.0
752,752.0,1928.9816221792487,2356.0,1928.9816221792487,2356.0,1928.9816221792487,2356.0
753,753.0,1929.1419111474947,2359.0,1929.1419111474947,2359.0,1929.1419111474947,2359.0
754,754.0,1929.301140372387,2362.0,1929.301140372387,2362.0,1929.301140372387,2362.0
755,755.0,1929.4593168015233,2365.0,1929.4593168015233,2365.0,1929.4593168015233,2365.0
756,756.0,1929.6164473377391,2368.0,1929.6164473377391,2368.0,1929.6164473377391,2368.0
757,757.0,1929.7725388393849,2371.0,1929.7725388393849,2371.0,1929.7725388393849,2371.0
758,758.0,1929.9275981206029,2374.0,1929.9275981206029,2374.0,1929.9275981206029,2374.0
759,759.0,1930.081631951601,2377.0,1930.081631951601,2377.0,1930.081631951601,2377.0
760,760.0,1930.2346470589268,2380.0,1930.2346470589268,2380.0,1930.2346470589268,2380.0
761,761.0,1930.3866501257392,2383.0,1930.3866501257392,2383.0,1930.3866501257392,2383.0
762,762.0,1930.537647792077,2386.0,1930.537647792077,2386.0,1930.537647792077,2386.0
763,763.0,1930.6876466551291,2389.0,1930.6876466551291,2389.0,1930.6876466551291,2389.0
764,764.0,1930.8366532695004,2392.0,1930.8366532695004,2392.0,1930.8366532695004,2392.0
765,765.0,1930.9846741474778,2395.0,1930.9846741474778,2395.0,1930.9846741474778,2395.0
766,766.0,1931.1317157592935,2398.0,1931.1317157592935,2398.0,1931.1317157592935,2398.0
767,767.0,1931.2777845333876,2401.0,1931.2777845333876,2401.0,1931.2777845333876,2401.0
768,768.0,1931.4228868566693,2404.0,1931.4228868566693,2404.0,1931.4228868566693,2404.0
769,769.0,1931.5670290747757,2407.0,1931.5670290747757,2407.0,1931.5670290747757,2407.0
770,770.0,1931.71021749233,2410.0,1931.71021749233,2410.0,1931.71021749233,2410.0
771,771.0,1931.8524583731976,2413.0,1931.8524583731976,2413.0,1931.8524583731976,2413.0
772,772.0,1931.9937579407413,2416.0,1931.9937579407413,2416.0,1931.9937579407413,2416.0
773,773.0,1932.1341223780742,2419.0,1932.1341223780742,2419.0,1932.1341223780742,2419.0
774,774.0,1932.2735578283123,2422.0,1932.2735578283123,2422.0,1932.2735578283123,2422.0
775,775.0,1932.4120703948245,2425.0,1932.4120703948245,2425.0,1932.4120703948245,2425.0
776,776.0,1932.5496661414813,2428.0,1932.5496661414813,2428.0,1932.5496661414813,2428.0
777,777.0,1932.6863510929031,2431.0,1932.6863510929031,2431.0,1932.6863510929031,2431.0
778,778.0,1932.8221312347061,2434.0,1932.8221312347061,2434.0,1932.8221312347061,2434.0
779,779.0,1932.9570125137463,2437.0,1932.9570125137463,2437.0,1932.9570125137463,2437.0
780,780.0,1933.0910008383637,2440.0,1933.0910008383637,2440.0,1933.0910008383637,2440.0
781,781.0,1933.224102078624,2443.0,1933.224102078624,2443.0,1933.224102078624,2443.0
782,782.0,1933.3563220665578,2446.0,1933.3563220665578,2446.0,1933.3563220665578,2446.0
783,783.0,1933.4876665964014,2449.0,1933.4876665964014,2449.0,1933.4876665964014,2449.0
784,784.0,1933.6181414248333,2452.0,1933.6181414248333,2452.0,1933.6181414248333,2452.0
785,785.0,1933.7477522712104,2455.0,1933.7477522712104,2455.0,1933.7477522712104,2455.0
786,786.0,1933.8765048178036,2458.0,1933.8765048178036,2458.0,1933.8765048178036,2458.0
787,787.0,1934.0044047100303,2461.0,1934.0044047100303,2461.0,1934.0044047100303,2461.0
788,788.0,1934.1314575566869,2464.0,1934.1314575566869,2464.0,1934.1314575566869,2464.0
789,789.0,1934.2576689301795,2467.0,1934.2576689301795,2467.0,1934.2576689301795,2467.0
790,790.0,1934.3830443667534,2470.0,1934.3830443667534,2470.0,1934.3830443667534,2470.0
791,791.0,1934.507589366721,2473.0,1934.507589366721,2473.0,1934.507589366721,2473.0
792,792.0,1934.6313093946883,2476.0,1934.6313093946883,2476.0,1934.6313093946883,2476.0
793,793.0,1934.7542098797799,2479.0,1934.7542098797799,2479.0,1934.7542098797799,2479.0
794,794.0,1934.8762962158635,2482.0,1934.8762962158635,2482.0,1934.8762962158635,2482.0
795,795.0,1934.9975737617726,2485.0,1934.9975737617726,2485.0,1934.9975737617726,2485.0
796,796.0,1935.1180478415276,2488.0,1935.1180478415276,2488.0,1935.1180478415276,2488.0
797,797.0,1935.2377237445555,2491.0,1935.2377237445555,2491.0,1935.2377237445555,2491.0
798,798.0,1935.3566067259087,2494.0,1935.3566067259087,2494.0,1935.3566067259087,2494.0
799,799.0,1935.4747020064833,2497.0,1935.4747020064833,2497.0,1935.4747020064833,2497.0
800,800.0,1935.592014773234,2500.0,1935.592014773234,2500.0,1935.592014773234,2500.0
801,801.0,1935.7085501793895,2503.0,1935.7085501793895,2503.0,1935.7085501793895,2503.0
802,802.0,1935.8243133446658,2506.0,1935.8243133446658,2506.0,1935.8243133446658,2506.0
803,803.0,1935.939309355479,2509.0,1935.939309355479,2509.0,1935.939309355479,2509.0
804,804.0,1936.0535432651557,2512.0,1936.0535432651557,2512.0,1936.0535432651557,2512.0
805,805.0,1936.1670200941428,2515.0,1936.1670200941428,2515.0,1936.1670200941428,2515.0
806,806.0,1936.2797448302163,2518.0,1936.2797448302163,2518.0,1936.2797448302163,2518.0
807,807.0,1936.391722428688,2521.0,1936.391722428688,2521.0,1936.391722428688,2521.0
808,808.0,1936.5029578126123,2524.0,1936.5029578126123,2524.0,1936.5029578126123,2524.0
809,809.0,1936.6134558729902,2527.0,1936.6134558729902,2527.0,1936.6134558729902,2527.0
810,810.0,1936.7232214689734,2530.0,1936.7232214689734,2530.0,1936.7232214689734,2530.0
811,811.0,1936.832259428066,2533.0,1936.832259428066,2533.0,1936.832259428066,2533.0
812,812.0,1936.9405745463257,2536.0,1936.9405745463257,2536.0,1936.9405745463257,2536.0
813,813.0,1937.0481715885646,2539.0,1937.0481715885646,2539.0,1937.0481715885646,2539.0
814,814.0,1937.1550552885467,2542.0,1937.1550552885467,2542.0,1937.1550552885467,2542.0
815,815.0,1937.2612303491858,2545.0,1937.2612303491858,2545.0,1937.2612303491858,2545.0
816,816.0,1937.3667014427417,2548.0,1937.3667014427417,2548.0,1937.3667014427417,2548.0
817,817.0,1937.471473211016,2551.0,1937.471473211016,2551.0,1937.471473211016,2551.0
818,818.0,1937.575550265545,2554.0,1937.575550265545,2554.0,1937.575550265545,2554.0
819,819.0,1937.6789371877926,2557.0,1937.6789371877926,2557.0,1937.6789371877926,2557.0
820,820.0,1937.7816385293427,2560.0,1937.7816385293427,2560.0,1937.7816385293427,2560.0
821,821.0,1937.8836588120892,2563.0,1937.8836588120892,2563.0,1937.8836588120892,2563.0
822,822.0,1937.9850025284245,2566.0,1937.9850025284245,2566.0,1937.9850025284245,2566.0
823,823.0,1938.085674141429,2569.0,1938.085674141429,2569.0,1938.085674141429,2569.0
824,824.0,1938.185678085057,2572.0,1938.185678085057,2572.0,1938.185678085057,2572.0
825,825.0,1938.2850187643226,2575.0,1938.2850187643226,2575.0,1938.2850187643226,2575.0
826,826.0,1938.3837005554856,2578.0,1938.3837005554856,2578.0,1938.3837005554856,2578.0
827,827.0,1938.4817278062337,2581.0,1938.4817278062337,2581.0,1938.4817278062337,2581.0
828,828.0,1938.5791048358656,2584.0,1938.5791048358656,2584.0,1938.5791048358656,2584.0
829,829.0,1938.6758359354722,2587.0,1938.6758359354722,2587.0,1938.6758359354722,2587.0
830,830.0,1938.771925368117,2590.0,1938.771925368117,2590.0,1938.771925368117,2590.0
831,831.0,1938.867377369016,2593.0,1938.867377369016,2593.0,1938.867377369016,2593.0
832,832.0,1938.9621961457135,2596.0,1938.9621961457135,2596.0,1938.9621961457135,2596.0
833,833.0,1939.0563858782618,2599.0,1939.0563858782618,2599.0,1939.0563858782618,2599.0
834,834.0,1939.1499507193957,2602.0,1939.1499507193957,2602.0,1939.1499507193957,2602.0
835,835.0,1939.242894794707,2605.0,1939.242894794707,2605.0,1939.242894794707,2605.0
836,836.0,1939.3352222028188,2608.0,1939.3352222028188,2608.0,1939.3352222028188,2608.0
837,837.0,1939.4269370155591,2611.0,1939.4269370155591,2611.0,1939.4269370155591,2611.0
838,838.0,1939.5180432781308,2614.0,1939.5180432781308,2614.0,1939.5180432781308,2614.0
839,839.0,1939.6085450092828,2617.0,1939.6085450092828,2617.0,1939.6085450092828,2617.0
840,840.0,1939.6984462014805,2620.0,1939.6984462014805,2620.0,1939.6984462014805,2620.0
841,841.0,1939.7877508210731,2623.0,1939.7877508210731,2623.0,1939.7877508210731,2623.0
842,842.0,1939.8764628084614,2626.0,1939.8764628084614,2626.0,1939.8764628084614,2626.0
843,843.0,1939.9645860782646,2629.0,1939.9645860782646,2629.0,1939.9645860782646,2629.0
844,844.0,1940.0521245194852,2632.0,1940.0521245194852,2632.0,1940.0521245194852,2632.0
845,845.0,1940.1390819956746,2635.0,1940.1390819956746,2635.0,1940.1390819956746,2635.0
846,846.0,1940.2254623450942,2638.0,1940.2254623450942,2638.0,1940.2254623450942,2638.0
847,847.0,1940.3112693808803,2641.0,1940.3112693808803,2641.0,1940.3112693808803,2641.0
848,848.0,1940.396506891204,2644.0,1940.396506891204,2644.0,1940.396506891204,2644.0
849,849.0,1940.4811786394314,2647.0,1940.4811786394314,2647.0,1940.4811786394314,2647.0
850,850.0,1940.565288364284,2650.0,1940.565288364284,2650.0,1940.565288364284,2650.0
851,851.0,1940.6488397799972,2653.0,1940.6488397799972,2653.0,1940.6488397799972,2653.0
852,852.0,1940.7318365764759,2656.0,1940.7318365764759,2656.0,1940.7318365764759,2656.0
853,853.0,1940.814282419453,2659.0,1940.814282419453,2659.0,1940.814282419453,2659.0
854,854.0,1940.8961809506445,2662.0,1940.8961809506445,2662.0,1940.8961809506445,2662.0
855,855.0,1940.977535787903,2665.0,1940.977535787903,2665.0,1940.977535787903,2665.0
856,856.0,1941.0583505253721,2668.0,1941.0583505253721,2668.0,1941.0583505253721,2668.0
857,857.0,1941.138628733639,2671.0,1941.138628733639,2671.0,1941.138628733639,2671.0
858,858.0,1941.218373959886,2674.0,1941.218373959886,2674.0,1941.218373959886,2674.0
859,859.0,1941.2975897280417,2677.0,1941.2975897280417,2677.0,1941.2975897280417,2677.0
860,860.0,1941.3762795389296,2680.0,1941.3762795389296,2680.0,1941.3762795389296,2680.0
861,861.0,1941.4544468704182,2683.0,1941.4544468704182,2683.0,1941.4544468704182,2683.0
862,862.0,1941.5320951775686,2686.0,1941.5320951775686,2686.0,1941.5320951775686,2686.0
863,863.0,1941.6092278927815,2689.0,1941.6092278927815,2689.0,1941.6092278927815,2689.0
864,864.0,1941.685848425943,2692.0,1941.685848425943,2692.0,1941.685848425943,2692.0
865,865.0,1941.7619601645706,2695.0,1941.7619601645706,2695.0,1941.7619601645706,2695.0
866,866.0,1941.8375664739567,2698.0,1941.8375664739567,2698.0,1941.8375664739567,2698.0
867,867.0,1941.9126706973123,2701.0,1941.9126706973123,2701.0,1941.9126706973123,2701.0
868,868.0,1941.9872761559095,2704.0,1941.9872761559095,2704.0,1941.9872761559095,2704.0
869,869.0,1942.0613861492232,2707.0,1942.0613861492232,2707.0,1942.0613861492232,2707.0
870,870.0,1942.1350039550719,2710.0,1942.1350039550719,2710.0,1942.1350039550719,2710.0
871,871.0,1942.2081328297575,2713.0,1942.2081328297575,2713.0,1942.2081328297575,2713.0
872,872.0,1942.2807760082042,2716.0,1942.2807760082042,2716.0,1942.2807760082042,2716.0
873,873.0,1942.3529367040967,2719.0,1942.3529367040967,2719.0,1942.3529367040967,2719.0
874,874.0,1942.4246181100175,2722.0,1942.4246181100175,2722.0,1942.4246181100175,2722.0
875,875.0,1942.495823397583,2725.0,1942.495823397583,2725.0,1942.495823397583,2725.0
876,876.0,1942.56655571758,2728.0,1942.56655571758,2728.0,1942.56655571758,2728.0
877,877.0,1942.6368182000992,2731.0,1942.6368182000992,2731.0,1942.6368182000992,2731.0
878,878.0,1942.7066139546698,2734.0,1942.7066139546698,2734.0,1942.7066139546698,2734.0
879,879.0,1942.775946070392,2737.0,1942.775946070392,2737.0,1942.775946070392,2737.0
880,880.0,1942.8448176160698,2740.0,1942.8448176160698,2740.0,1942.8448176160698,2740.0
881,881.0,1942.9132316403422,2743.0,1942.9132316403422,2743.0,1942.9132316403422,2743.0
882,882.0,1942.9811911718134,2746.0,1942.9811911718134,2746.0,1942.9811911718134,2746.0
883,883.0,1943.0486992191827,2749.0,1943.0486992191827,2749.0,1943.0486992191827,2749.0
884,884.0,1943.1157587713737,2752.0,1943.1157587713737,2752.0,1943.1157587713737,2752.0
885,885.0,1943.182372797662,2755.0,1943.182372797662,2755.0,1943.182372797662,2755.0
886,886.0,1943.2485442478028,2758.0,1943.2485442478028,2758.0,1943.2485442478028,2758.0
887,887.0,1943.3142760521569,2761.0,1943.3142760521569,2761.0,1943.3142760521569,2761.0
888,888.0,1943.3795711218168,2764.0,1943.3795711218168,2764.0,1943.3795711218168,2764.0
889,889.0,1943.444432348732,2767.0,1943.444432348732,2767.0,1943.444432348732,2767.0
890,890.0,1943.5088626058323,2770.0,1943.5088626058323,2770.0,1943.5088626058323,2770.0
891,891.0,1943.5728647471515,2773.0,1943.5728647471515,2773.0,1943.5728647471515,2773.0
892,892.0,1943.6364416079502,2776.0,1943.6364416079502,2776.0,1943.6364416079502,2776.0
893,893.0,1943.6995960048373,2779.0,1943.6995960048373,2779.0,1943.6995960048373,2779.0
894,894.0,1943.7623307358908,2782.0,1943.7623307358908,2782.0,1943.7623307358908,2782.0
895,895.0,1943.8246485807788,2785.0,1943.8246485807788,2785.0,1943.8246485807788,2785.0
896,896.0,1943.8865523008783,2788.0,1943.8865523008783,2788.0,1943.8865523008783,2788.0
897,897.0,1943.9480446393943,2791.0,1943.9480446393943,2791.0,1943.9480446393943,2791.0
898,898.0,1944.0091283214779,2794.0,1944.0091283214779,2794.0,1944.0091283214779,2794.0
899,899.0,1944.069806054343,2797.0,1944.069806054343,2797.0,1944.069806054343,2797.0
900,900.0,1944.1300805273834,2800.0,1944.1300805273834,2800.0,1944.1300805273834,2800.0
901,901.0,1944.1899544122887,2803.0,1944.1899544122887,2803.0,1944.1899544122887,2803.0
902,902.0,1944.2494303631586,2806.0,1944.2494303631586,2806.0,1944.2494303631586,2806.0
903,903.0,1944.3085110166176,2809.0,1944.3085110166176,2809.0,1944.3085110166176,2809.0
904,904.0,1944.367198991929,2812.0,1944.367198991929,2812.0,1944.367198991929,2812.0
905,905.0,1944.4254968911073,2815.0,1944.4254968911073,2815.0,1944.4254968911073,2815.0
906,906.0,1944.4834072990302,2818.0,1944.4834072990302,2818.0,1944.4834072990302,2818.0
907,907.0,1944.540932783551,2821.0,1944.540932783551,2821.0,1944.540932783551,2821.0
908,908.0,1944.5980758956077,2824.0,1944.5980758956077,2824.0,1944.5980758956077,2824.0
909,909.0,1944.654839169335,2827.0,1944.654839169335,2827.0,1944.654839169335,2827.0
910,910.0,1944.7112251221722,2830.0,1944.7112251221722,2830.0,1944.7112251221722,2830.0
911,911.0,1944.7672362549727,2833.0,1944.7672362549727,2833.0,1944.7672362549727,2833.0
912,912.0,1944.822875052111,2836.0,1944.822875052111,2836.0,1944.822875052111,2836.0
913,913.0,1944.878143981591,2839.0,1944.878143981591,2839.0,1944.878143981591,2839.0
914,914.0,1944.9330454951523,2842.0,1944.9330454951523,2842.0,1944.9330454951523,2842.0
915,915.0,1944.9875820283758,2845.0,1944.9875820283758,2845.0,1944.9875820283758,2845.0
916,916.0,1945.041756000789,2848.0,1945.041756000789,2848.0,1945.041756000789,2848.0
917,917.0,1945.0955698159714,2851.0,1945.0955698159714,2851.0,1945.0955698159714,2851.0
918,918.0,1945.1490258616568,2854.0,1945.1490258616568,2854.0,1945.1490258616568,2854.0
919,919.0,1945.2021265098383,2857.0,1945.2021265098383,2857.0,1945.2021265098383,2857.0
920,920.0,1945.2548741168696,2860.0,1945.2548741168696,2860.0,1945.2548741168696,2860.0
921,921.0,1945.3072710235679,2863.0,1945.3072710235679,2863.0,1945.3072710235679,2863.0
922,922.0,1945.3593195553144,2866.0,1945.3593195553144,2866.0,1945.3593195553144,2866.0
923,923.0,1945.4110220221557,2869.0,1945.4110220221557,2869.0,1945.4110220221557,2869.0
924,924.0,1945.462380718903,2872.0,1945.462380718903,2872.0,1945.462380718903,2872.0
925,925.0,1945.5133979252319,2875.0,1945.5133979252319,2875.0,1945.5133979252319,2875.0
926,926.0,1945.5640759057815,2878.0,1945.5640759057815,2878.0,1945.5640759057815,2878.0
927,927.0,1945.6144169102517,2881.0,1945.6144169102517,2881.0,1945.6144169102517,2881.0
928,928.0,1945.6644231735013,2884.0,1945.6644231735013,2884.0,1945.6644231735013,2884.0
929,929.0,1945.7140969156449,2887.0,1945.7140969156449,2887.0,1945.7140969156449,2887.0
930,930.0,1945.763440342149,2890.0,1945.763440342149,2890.0,1945.763440342149,2890.0
931,931.0,1945.8124556439266,2893.0,1945.8124556439266,2893.0,1945.8124556439266,2893.0
932,932.0,1945.8611449974342,2896.0,1945.8611449974342,2896.0,1945.8611449974342,2896.0
933,933.0,1945.909510564765,2899.0,1945.909510564765,2899.0,1945.909510564765,2899.0
934,934.0,1945.9575544937427,2902.0,1945.9575544937427,2902.0,1945.9575544937427,2902.0
935,935.0,1946.005278918015,2905.0,1946.005278918015,2905.0,1946.005278918015,2905.0
936,936.0,1946.052685957146,2908.0,1946.052685957146,2908.0,1946.052685957146,2908.0
937,937.0,1946.0997777167083,2911.0,1946.0997777167083,2911.0,1946.0997777167083,2911.0
938,938.0,1946.1465562883748,2914.0,1946.1465562883748,2914.0,1946.1465562883748,2914.0
939,939.0,1946.193023750009,2917.0,1946.193023750009,2917.0,1946.193023750009,2917.0
940,940.0,1946.2391821657554,2920.0,1946.2391821657554,2920.0,1946.2391821657554,2920.0
941,941.0,1946.2850335861294,2923.0,1946.2850335861294,2923.0,1946.2850335861294,2923.0
942,942.0,1946.3305800481064,2926.0,1946.3305800481064,2926.0,1946.3305800481064,2926.0
943,943.0,1946.3758235752098,2929.0,1946.3758235752098,2929.0,1946.3758235752098,2929.0
944,944.0,1946.4207661775997,2932.0,1946.4207661775997,2932.0,1946.4207661775997,2932.0
945,945.0,1946.4654098521603,2935.0,1946.4654098521603,2935.0,1946.4654098521603,2935.0
946,946.0,1946.509756582586,2938.0,1946.509756582586,2938.0,1946.509756582586,2938.0
947,947.0,1946.5538083394683,2941.0,1946.5538083394683,2941.0,1946.5538083394683,2941.0
948,948.0,1946.5975670803814,2944.0,1946.5975670803814,2944.0,1946.5975670803814,2944.0
949,949.0,1946.6410347499675,2947.0,1946.6410347499675,2947.0,1946.6410347499675,2947.0
950,950.0,1946.6842132800211,2950.0,1946.6842132800211,2950.0,1946.6842132800211,2950.0
951,951.0,1946.7271045895736,2953.0,1946.7271045895736,2953.0,1946.7271045895736,2953.0
952,952.0,1946.7697105849768,2956.0,1946.7697105849768,2956.0,1946.7697105849768,2956.0
953,953.0,1946.8120331599848,2959.0,1946.8120331599848,2959.0,1946.8120331599848,2959.0
954,954.0,1946.8540741958384,2962.0,1946.8540741958384,2962.0,1946.8540741958384,2962.0
955,955.0,1946.8958355613454,2965.0,1946.8958355613454,2965.0,1946.8958355613454,2965.0
956,956.0,1946.9373191129628,2968.0,1946.9373191129628,2968.0,1946.9373191129628,2968.0
957,957.0,1946.978526694878,2971.0,1946.978526694878,2971.0,1946.978526694878,2971.0
958,958.0,1947.0194601390883,2974.0,1947.0194601390883,2974.0,1947.0194601390883,2974.0
959,959.0,1947.060121265482,2977.0,1947.060121265482,2977.0,1947.060121265482,2977.0
960,960.0,1947.1005118819157,2980.0,1947.1005118819157,2980.0,1947.1005118819157,2980.0
961,961.0,1947.140633784296,2983.0,1947.140633784296,2983.0,1947.140633784296,2983.0
962,962.0,1947.180488756655,2986.0,1947.180488756655,2986.0,1947.180488756655,2986.0
963,963.0,1947.2200785712303,2989.0,1947.2200785712303,2989.0,1947.2200785712303,2989.0
964,964.0,1947.259404988541,2992.0,1947.259404988541,2992.0,1947.259404988541,2992.0
965,965.0,1947.2984697574655,2995.0,1947.2984697574655,2995.0,1947.2984697574655,2995.0
966,966.0,1947.3372746153166,2998.0,1947.3372746153166,2998.0,1947.3372746153166,2998.0
967,967.0,1947.3758212879188,3001.0,1947.3758212879188,3001.0,1947.3758212879188,3001.0
968,968.0,1947.4141114896827,3004.0,1947.4141114896827,3004.0,1947.4141114896827,3004.0
969,969.0,1947.4521469236797,3007.0,1947.4521469236797,3007.0,1947.4521469236797,3007.0
970,970.0,1947.4899292817174,3010.0,1947.4899292817174,3010.0,1947.4899292817174,3010.0
971,971.0,1947.5274602444126,3013.0,1947.5274602444126,3013.0,1947.5274602444126,3013.0
972,972.0,1947.5647414812654,3016.0,1947.5647414812654,3016.0,1947.5647414812654,3016.0
973,973.0,1947.6017746507312,3019.0,1947.6017746507312,3019.0,1947.6017746507312,3019.0
974,974.0,1947.638561400294,3022.0,1947.638561400294,3022.0,1947.638561400294,3022.0
975,975.0,1947.6751033665387,3025.0,1947.6751033665387,3025.0,1947.6751033665387,3025.0
976,976.0,1947.7114021752216,3028.0,1947.7114021752216,3028.0,1947.7114021752216,3028.0
977,977.0,1947.7474594413425,3031.0,1947.7474594413425,3031.0,1947.7474594413425,3031.0
978,978.0,1947.7832767692144,3034.0,1947.7832767692144,3034.0,1947.7832767692144,3034.0
979,979.0,1947.8188557525345,3037.0,1947.8188557525345,3037.0,1947.8188557525345,3037.0
980,980.0,1947.8541979744537,3040.0,1947.8541979744537,3040.0,1947.8541979744537,3040.0
981,981.0,1947.889305007645,3043.0,1947.889305007645,3043.0,1947.889305007645,3043.0
982,982.0,1947.9241784143742,3046.0,1947.9241784143742,3046.0,1947.9241784143742,3046.0
983,983.0,1947.9588197465664,3049.0,1947.9588197465664,3049.0,1947.9588197465664,3049.0
984,984.0,1947.993230545875,3052.0,1947.993230545875,3052.0,1947.993230545875,3052.0
985,985.0,1948.0274123437482,3055.0,1948.0274123437482,3055.0,1948.0274123437482,3055.0
986,986.0,1948.0613666614981,3058.0,1948.0613666614981,3058.0,1948.0613666614981,3058.0
987,987.0,1948.0950950103647,3061.0,1948.0950950103647,3061.0,1948.0950950103647,3061.0
988,988.0,1948.128598891584,3064.0,1948.128598891584,3064.0,1948.128598891584,3064.0
989,989.0,1948.1618797964531,3067.0,1948.1618797964531,3067.0,1948.1618797964531,3067.0
990,990.0,1948.1949392063955,3070.0,1948.1949392063955,3070.0,1948.1949392063955,3070.0
991,991.0,1948.2277785930257,3073.0,1948.2277785930257,3073.0,1948.2277785930257,3073.0
992,992.0,1948.2603994182145,3076.0,1948.2603994182145,3076.0,1948.2603994182145,3076.0
993,993.0,1948.2928031341528,3079.0,1948.2928031341528,3079.0,1948.2928031341528,3079.0
994,994.0,1948.3249911834146,3082.0,1948.3249911834146,3082.0,1948.3249911834146,3082.0
995,995.0,1948.356964999021,3085.0,1948.356964999021,3085.0,1948.356964999021,3085.0
996,996.0,1948.3887260045033,3088.0,1948.3887260045033,3088.0,1948.3887260045033,3088.0
997,997.0,1948.420275613964,3091.0,1948.420275613964,3091.0,1948.420275613964,3091.0
998,998.0,1948.45161523214,3094.0,1948.45161523214,3094.0,1948.45161523214,3094.0
999,999.0,1948.482746254465,3097.0,1948.482746254465,3097.0,1948.482746254465,3097.0
1000,1000.0,1948.513670067128,3100.0,1948.513670067128,3100.0,1948.513670067128,3100.0
