,cycle,population__t1,population__t2,population__t3
0,0,1,1,1
1,1,1,1,1
2,2,1,1,1
3,3,1,1,1
4,4,1,1,1
5,5,1,1,1
6,6,1,1,1
7,7,1,1,1
8,8,1,1,1
9,9,1,1,1
10,10,1,1,1
11,11,1,1,1
12,12,1,1,1
13,13,1,1,1
14,14,1,1,1
15,15,1,1,1
16,16,1,1,1
17,17,1,1,1
18,18,1,1,1
19,19,1,1,1
20,20,1,1,1
21,21,1,1,1
22,22,1,1,1
23,23,1,1,1
24,24,1,1,1
25,25,1,1,1
26,26,1,1,1
27,27,1,1,1
28,28,1,1,1
29,29,1,1,1
30,30,1,1,1
31,31,1,1,1
32,32,1,1,1
33,33,1,1,1
34,34,2,2,2
35,35,2,2,2
36,36,2,2,2
37,37,2,2,2
38,38,2,2,2
39,39,2,2,2
40,40,2,2,2
41,41,2,2,2
42,42,2,2,2
43,43,2,2,2
44,44,2,2,2
45,45,2,2,2
46,46,2,2,2
47,47,2,2,2
48,48,2,2,2
49,49,2,2,2
50,50,2,2,2
51,51,2,2,2
52,52,2,2,2
53,53,2,2,2
54,54,2,2,2
55,55,2,2,2
56,56,2,2,2
57,57,2,2,2
58,58,2,2,2
59,59,2,2,2
60,60,2,2,2
61,61,2,2,2
62,62,2,2,2
63,63,2,2,2
64,64,2,2,2
65,65,2,2,2
66,66,2,2,2
67,67,2,2,2
68,68,4,4,4
69,69,4,4,4
70,70,4,4,4
71,71,4,4,4
72,72,4,4,4
73,73,4,4,4
74,74,4,4,4
75,75,4,4,4
76,76,4,4,4
77,77,4,4,4
78,78,4,4,4
79,79,4,4,4
80,80,4,4,4
81,81,4,4,4
82,82,4,4,4
83,83,4,4,4
84,84,4,4,4
85,85,4,4,4
86,86,4,4,4
87,87,4,4,4
88,88,4,4,4
89,89,4,4,4
90,90,4,4,4
91,91,4,4,4
92,92,4,4,4
93,93,4,4,4
94,94,4,4,4
95,95,4,4,4
96,96,4,4,4
97,97,4,4,4
98,98,4,4,4
99,99,4,4,4
100,100,4,4,4
101,101,8,8,8
102,102,8,8,8
103,103,8,8,8
104,104,8,8,8
105,105,8,8,8
106,106,8,8,8
107,107,8,8,8
108,108,8,8,8
109,109,8,8,8
110,110,8,8,8
111,111,8,8,8
112,112,8,8,8
113,113,8,8,8
114,114,8,8,8
115,115,8,8,8
116,116,8,8,8
117,117,8,8,8
118,118,8,8,8
119,119,8,8,8
120,120,8,8,8
121,121,8,8,8
122,122,8,8,8
123,123,8,8,8
124,124,8,8,8
125,125,8,8,8
126,126,8,8,8
127,127,8,8,8
128,128,8,8,8
129,129,8,8,8
130,130,8,8,8
131,131,8,8,8
132,132,8,8,8
133,133,8,8,8
134,134,8,8,8
135,135,16,16,16
136,136,16,16,16
137,137,16,16,16
138,138,16,16,16
139,139,16,16,16
140,140,16,16,16
141,141,16,16,16
142,142,16,16,16
143,143,16,16,16
144,144,16,16,16
145,145,16,16,16
146,146,16,16,16
147,147,16,16,16
148,148,16,16,16
149,149,16,16,16
150,150,16,16,16
151,151,16,16,16
152,152,16,16,16
153,153,16,16,16
154,154,16,16,16
155,155,16,16,16
156,156,16,16,16
157,157,16,16,16
158,158,16,16,16
159,159,16,16,16
160,160,16,16,16
161,161,16,16,16
162,162,16,16,16
163,163,16,16,16
164,164,16,16,16
165,165,16,16,16
166,166,16,16,16
167,167,16,16,16
168,168,32,32,32
169,169,32,32,32
170,170,32,32,32
171,171,32,32,32
172,172,32,32,32
173,173,32,32,32
174,174,32,32,32
175,175,32,32,32
176,176,32,32,32
177,177,32,32,32
178,178,32,32,32
179,179,32,32,32
180,180,32,32,32
181,181,32,32,32
182,182,32,32,32
183,183,32,32,32
184,184,32,32,32
185,185,32,32,32
186,186,32,32,32
187,187,32,32,32
188,188,32,32,32
189,189,32,32,32
190,190,32,32,32
191,191,32,32,32
192,192,32,32,32
193,193,32,32,32
194,194,32,32,32
195,195,32,32,32
196,196,32,32,32
197,197,32,32,32
198,198,32,32,32
199,199,32,32,32
200,200,32,32,32
201,201,32,32,32
202,202,64,64,64
203,203,64,64,64
204,204,64,64,64
205,205,64,64,64
206,206,64,64,64
207,207,64,64,64
208,208,64,64,64
209,209,64,64,64
210,210,64,64,64
211,211,64,64,64
212,212,64,64,64
213,213,64,64,64
214,214,64,64,64
215,215,64,64,64
216,216,64,64,64
217,217,64,64,64
218,218,64,64,64
219,219,64,64,64
220,220,64,64,64
221,221,64,64,64
222,222,64,64,64
223,223,64,64,64
224,224,64,64,64
225,225,64,64,64
226,226,64,64,64
227,227,64,64,64
228,228,64,64,64
229,229,64,64,64
230,230,64,64,64
231,231,64,64,64
232,232,64,64,64
233,233,64,64,64
234,234,64,64,64
235,235,128,128,128
236,236,128,128,128
237,237,128,128,128
238,238,128,128,128
239,239,128,128,128
240,240,128,128,128
241,241,128,128,128
242,242,128,128,128
243,243,128,128,128
244,244,128,128,128
245,245,128,128,128
246,246,128,128,128
247,247,128,128,128
248,248,128,128,128
249,249,128,128,128
250,250,128,128,128
251,251,128,128,128
252,252,128,128,128
253,253,128,128,128
254,254,128,128,128
255,255,128,128,128
256,256,128,128,128
257,257,128,128,128
258,258,128,128,128
259,259,128,128,128
260,260,128,128,128
261,261,128,128,128
262,262,128,128,128
263,263,128,128,128
264,264,128,128,128
265,265,128,128,128
266,266,128,128,128
267,267,128,128,128
268,268,128,128,128
269,269,128,128,128
270,270,128,128,128
271,271,128,128,128
272,272,128,128,128
273,273,128,128,128
274,274,128,128,128
275,275,128,128,128
276,276,128,128,128
277,277,128,128,128
278,278,128,128,128
279,279,128,128,128
280,280,128,128,128
281,281,128,128,128
282,282,128,128,128
283,283,128,128,128
284,284,128,128,128
285,285,128,128,128
286,286,128,128,128
287,287,128,128,128
288,288,128,128,128
289,289,128,128,128
290,290,128,128,128
291,291,128,128,128
292,292,128,128,128
293,293,128,128,128
294,294,128,128,128
295,295,128,128,128
296,296,128,128,128
297,297,128,128,128
298,298,128,128,128
299,299,128,128,128
300,300,128,128,128
301,301,128,128,128
302,302,128,128,128
303,303,128,128,128
304,304,128,128,128
305,305,128,128,128
306,306,128,127,128
307,307,128,127,128
308,308,128,127,127
309,309,128,127,127
310,310,128,127,127
311,311,126,125,124
312,312,126,125,124
313,313,124,125,122
314,314,124,125,122
315,315,124,125,122
316,316,123,123,118
317,317,123,123,118
318,318,120,114,114
319,319,120,114,114
320,320,120,114,114
321,321,113,112,110
322,322,113,112,110
323,323,108,109,106
324,324,108,109,106
325,325,108,109,106
326,326,106,102,104
327,327,106,102,104
328,328,100,99,96
329,329,100,99,96
330,330,100,99,96
331,331,93,90,89
332,332,93,90,89
333,333,84,83,83
334,334,84,83,83
335,335,84,83,83
336,336,80,78,80
337,337,80,78,80
338,338,72,71,73
339,339,72,71,73
340,340,72,71,73
341,341,62,66,65
342,342,62,66,65
343,343,56,65,61
344,344,56,65,61
345,345,56,65,61
346,346,54,60,58
347,347,54,60,58
348,348,50,54,53
349,349,50,54,53
350,350,50,54,53
351,351,49,52,52
352,352,49,52,52
353,353,49,48,51
354,354,49,48,51
355,355,49,48,51
356,356,47,45,50
357,357,47,45,50
358,358,46,43,50
359,359,46,43,50
360,360,46,43,50
361,361,43,42,48
362,362,43,42,48
363,363,42,42,47
364,364,42,42,47
365,365,42,42,47
366,366,41,41,46
367,367,41,41,46
368,368,41,41,45
369,369,41,41,45
370,370,41,41,45
371,371,41,41,45
372,372,41,41,45
373,373,41,41,45
374,374,41,41,45
375,375,41,41,45
376,376,41,41,45
377,377,41,41,45
378,378,41,41,45
379,379,41,41,45
380,380,41,41,45
381,381,41,41,45
382,382,41,41,45
383,383,41,40,45
384,384,41,40,45
385,385,41,40,45
386,386,41,40,44
387,387,41,40,44
388,388,41,39,42
389,389,41,39,42
390,390,41,39,42
391,391,41,39,42
392,392,41,39,42
393,393,41,39,42
394,394,41,39,42
395,395,41,39,42
396,396,41,39,41
397,397,41,39,41
398,398,41,39,40
399,399,41,39,40
400,400,41,39,40
401,401,41,39,40
402,402,41,39,40
403,403,41,39,40
404,404,41,39,40
405,405,41,39,40
406,406,41,39,40
407,407,41,39,40
408,408,41,39,40
409,409,41,39,40
410,410,41,39,40
411,411,41,39,40
412,412,41,39,40
413,413,41,39,40
414,414,41,39,40
415,415,41,39,40
416,416,41,39,40
417,417,41,39,40
418,418,41,39,40
419,419,41,39,40
420,420,41,39,40
421,421,41,39,40
422,422,41,39,40
423,423,41,39,40
424,424,41,39,40
425,425,41,39,40
426,426,41,39,40
427,427,41,39,40
428,428,41,39,40
429,429,41,39,40
430,430,41,39,40
431,431,41,39,40
432,432,41,39,40
433,433,41,39,40
434,434,41,39,40
435,435,41,39,40
436,436,41,39,40
437,437,41,39,40
438,438,41,39,40
439,439,41,39,40
440,440,41,39,40
441,441,41,39,40
442,442,41,39,40
443,443,41,39,40
444,444,41,39,40
445,445,41,39,40
446,446,41,39,40
447,447,41,39,40
448,448,40,39,40
449,449,40,39,40
450,450,40,39,40
451,451,40,39,40
452,452,40,39,40
453,453,40,39,40
454,454,40,39,40
455,455,40,39,40
456,456,40,39,40
457,457,40,39,40
458,458,40,39,40
459,459,40,39,40
460,460,40,39,40
461,461,40,39,40
462,462,40,39,40
463,463,40,39,40
464,464,40,39,40
465,465,40,39,40
466,466,40,39,40
467,467,40,39,40
468,468,40,39,40
469,469,40,39,40
470,470,40,39,40
471,471,40,39,40
472,472,40,39,40
473,473,40,39,40
474,474,40,39,40
475,475,40,39,40
476,476,40,39,40
477,477,40,39,40
478,478,40,39,40
479,479,40,39,40
480,480,40,39,40
481,481,40,39,40
482,482,40,39,40
483,483,40,39,40
484,484,40,39,40
485,485,40,39,40
486,486,40,39,40
487,487,40,39,40
488,488,40,39,40
489,489,40,39,40
490,490,40,39,40
491,491,40,39,40
492,492,40,39,40
493,493,40,39,40
494,494,40,39,40
495,495,40,39,40
496,496,40,39,40
497,497,40,39,40
498,498,40,39,40
499,499,40,39,40
500,500,40,39,40
501,501,40,39,40
502,502,40,39,40
503,503,40,39,40
504,504,40,39,40
505,505,40,39,40
506,506,40,39,40
507,507,40,39,40
508,508,40,39,40
509,509,40,39,40
510,510,40,39,40
511,511,40,39,40
512,512,40,39,40
513,513,40,39,40
514,514,40,39,40
515,515,40,39,40
516,516,40,39,40
517,517,40,39,40
518,518,40,39,40
519,519,40,39,40
520,520,40,39,40
521,521,40,39,40
522,522,40,39,40
523,523,40,39,40
524,524,40,39,40
525,525,40,39,40
526,526,40,39,40
527,527,40,39,40
528,528,40,39,40
529,529,40,39,40
530,530,40,40,40
531,531,40,40,40
532,532,40,40,40
533,533,40,40,40
534,534,40,40,40
535,535,40,40,40
536,536,40,40,40
537,537,40,40,40
538,538,40,40,40
539,539,40,40,40
540,540,40,40,40
541,541,40,40,40
542,542,40,40,41
543,543,40,40,41
544,544,40,40,41
545,545,40,40,41
546,546,40,40,41
547,547,40,40,41
548,548,40,40,41
549,549,40,40,41
550,550,40,40,41
551,551,40,40,41
552,552,40,40,41
553,553,40,40,41
554,554,40,40,41
555,555,40,40,41
556,556,40,40,41
557,557,40,41,41
558,558,40,41,41
559,559,40,41,41
560,560,40,41,41
561,561,40,41,41
562,562,40,41,41
563,563,40,41,41
564,564,40,41,41
565,565,40,41,41
566,566,40,41,41
567,567,40,41,41
568,568,40,41,41
569,569,40,41,41
570,570,40,42,41
571,571,40,42,41
572,572,40,42,41
573,573,40,42,41
574,574,40,43,41
575,575,40,43,41
576,576,40,43,41
577,577,40,43,41
578,578,40,43,41
579,579,40,43,41
580,580,40,43,41
581,581,40,43,41
582,582,41,43,42
583,583,41,43,42
584,584,41,43,42
585,585,41,43,42
586,586,41,43,42
587,587,41,43,42
588,588,41,43,42
589,589,41,43,42
590,590,42,44,42
591,591,42,44,42
592,592,42,44,43
593,593,42,44,43
594,594,42,44,43
595,595,43,44,43
596,596,43,44,43
597,597,43,44,43
598,598,43,44,43
599,599,43,44,43
600,600,43,44,43
601,601,43,44,43
602,602,43,45,43
603,603,43,45,43
604,604,43,45,43
605,605,43,45,43
606,606,43,45,43
607,607,43,45,43
608,608,43,45,43
609,609,44,45,43
610,610,44,45,43
611,611,44,45,43
612,612,44,45,43
613,613,44,45,43
614,614,44,45,43
615,615,44,45,43
616,616,44,45,43
617,617,44,45,43
618,618,44,45,43
619,619,44,45,43
620,620,44,45,44
621,621,44,45,44
622,622,44,46,45
623,623,44,46,45
624,624,44,46,45
625,625,44,47,45
626,626,44,47,45
627,627,44,47,45
628,628,44,47,45
629,629,44,47,45
630,630,44,48,45
631,631,44,48,45
632,632,44,48,45
633,633,44,48,45
634,634,44,48,45
635,635,44,49,45
636,636,44,49,45
637,637,44,49,45
638,638,44,49,45
639,639,44,49,45
640,640,44,49,45
641,641,44,49,45
642,642,44,49,45
643,643,44,49,45
644,644,44,49,45
645,645,45,49,45
646,646,45,49,45
647,647,45,49,46
648,648,45,49,46
649,649,45,49,46
650,650,45,49,46
651,651,45,49,46
652,652,46,49,46
653,653,46,49,46
654,654,46,49,46
655,655,46,49,46
656,656,46,49,46
657,657,46,49,46
658,658,46,49,46
659,659,46,49,46
660,660,46,49,46
661,661,46,49,46
662,662,46,49,46
663,663,46,49,46
664,664,46,49,47
665,665,46,49,47
666,666,46,49,47
667,667,46,49,47
668,668,46,49,47
669,669,46,49,47
670,670,47,49,47
671,671,47,49,47
672,672,47,49,48
673,673,47,49,48
674,674,47,49,48
675,675,47,49,48
676,676,47,49,48
677,677,47,49,48
678,678,47,49,48
679,679,47,49,48
680,680,47,49,48
681,681,47,49,48
682,682,47,49,48
683,683,47,49,48
684,684,47,49,48
685,685,47,49,48
686,686,47,49,48
687,687,47,49,49
688,688,47,49,49
689,689,47,49,49
690,690,47,49,49
691,691,47,49,49
692,692,47,49,49
693,693,47,49,49
694,694,47,49,49
695,695,47,49,49
696,696,47,49,49
697,697,47,49,49
698,698,47,49,49
699,699,47,49,49
700,700,48,49,49
701,701,48,49,49
702,702,48,49,49
703,703,48,49,49
704,704,48,49,49
705,705,48,49,49
706,706,48,49,49
707,707,48,49,49
708,708,48,49,49
709,709,48,49,49
710,710,48,49,49
711,711,48,49,49
712,712,48,49,49
713,713,48,49,49
714,714,48,49,49
715,715,48,49,49
716,716,48,49,49
717,717,48,49,49
718,718,48,49,49
719,719,48,49,49
720,720,48,49,49
721,721,48,49,49
722,722,48,49,49
723,723,48,49,49
724,724,48,49,49
725,725,48,49,49
726,726,48,49,49
727,727,48,49,49
728,728,48,49,49
729,729,48,49,49
730,730,48,49,49
731,731,48,49,49
732,732,48,49,49
733,733,48,49,49
734,734,48,49,49
735,735,48,49,49
736,736,48,49,49
737,737,49,49,50
738,738,49,49,50
739,739,49,49,50
740,740,50,49,50
741,741,50,49,50
742,742,50,49,50
743,743,50,49,50
744,744,50,49,50
745,745,50,50,50
746,746,50,50,50
747,747,51,51,50
748,748,51,51,50
749,749,51,51,50
750,750,51,51,50
751,751,51,51,50
752,752,51,51,50
753,753,51,51,50
754,754,51,51,50
755,755,52,51,50
756,756,52,51,50
757,757,52,51,50
758,758,52,51,50
759,759,52,51,50
760,760,52,51,50
761,761,52,51,50
762,762,52,51,51
763,763,52,51,51
764,764,52,51,51
765,765,52,51,51
766,766,52,51,51
767,767,53,51,52
768,768,53,51,52
769,769,53,51,52
770,770,53,51,52
771,771,53,51,52
772,772,53,51,52
773,773,53,51,52
774,774,53,51,52
775,775,53,51,52
776,776,53,51,52
777,777,54,51,52
778,778,54,51,52
779,779,54,51,52
780,780,54,51,52
781,781,54,51,52
782,782,54,51,52
783,783,54,51,52
784,784,54,51,52
785,785,54,51,52
786,786,54,51,52
787,787,54,51,52
788,788,54,51,52
789,789,54,51,52
790,790,54,51,52
791,791,54,51,52
792,792,54,51,52
793,793,54,51,52
794,794,54,51,52
795,795,54,51,52
796,796,54,51,52
797,797,55,51,52
798,798,55,51,52
799,799,55,51,52
800,800,55,51,52
801,801,55,51,52
802,802,55,51,52
803,803,55,51,52
804,804,55,51,52
805,805,55,51,52
806,806,55,51,52
807,807,55,51,52
808,808,55,51,52
809,809,55,51,52
810,810,55,51,52
811,811,55,51,52
812,812,55,51,52
813,813,55,51,52
814,814,55,51,52
815,815,55,51,52
816,816,55,51,52
817,817,55,51,53
818,818,55,51,53
819,819,55,51,53
820,820,55,51,53
821,821,55,51,53
822,822,55,51,53
823,823,55,51,53
824,824,55,51,53
825,825,55,51,53
826,826,55,51,53
827,827,55,51,53
828,828,55,51,53
829,829,55,51,53
830,830,55,51,54
831,831,55,51,54
832,832,55,51,54
833,833,55,51,54
834,834,55,51,54
835,835,55,51,54
836,836,55,51,54
837,837,55,51,54
838,838,55,51,54
839,839,55,51,54
840,840,55,51,54
841,841,55,51,54
842,842,55,51,54
843,843,55,51,54
844,844,55,51,54
845,845,55,51,54
846,846,55,51,54
847,847,55,51,54
848,848,55,50,54
849,849,55,50,54
850,850,55,50,54
851,851,55,50,54
852,852,55,50,54
853,853,55,50,54
854,854,55,50,54
855,855,55,50,54
856,856,55,50,54
857,857,55,50,54
858,858,55,50,54
859,859,55,50,54
860,860,55,50,54
861,861,55,50,54
862,862,55,50,54
863,863,55,50,54
864,864,55,50,54
865,865,55,50,54
866,866,55,50,54
867,867,55,50,54
868,868,55,50,54
869,869,55,50,54
870,870,55,50,54
871,871,55,50,54
872,872,55,50,54
873,873,55,50,53
874,874,55,50,53
875,875,55,50,54
876,876,55,50,54
877,877,55,50,54
878,878,55,50,54
879,879,55,50,54
880,880,55,50,54
881,881,55,50,54
882,882,55,50,54
883,883,55,50,54
884,884,55,50,54
885,885,55,51,54
886,886,55,51,54
887,887,55,52,54
888,888,55,52,54
889,889,55,52,54
890,890,55,52,54
891,891,55,52,54
892,892,55,52,54
893,893,55,52,54
894,894,55,52,54
895,895,55,52,54
896,896,55,52,54
897,897,55,52,54
898,898,55,52,54
899,899,55,52,54
900,900,55,52,54
901,901,55,52,54
902,902,55,52,54
903,903,55,52,54
904,904,55,52,54
905,905,55,52,54
906,906,55,52,54
907,907,55,52,54
908,908,55,52,54
909,909,55,52,54
910,910,55,52,54
911,911,54,52,54
912,912,54,52,54
913,913,54,52,54
914,914,54,52,54
915,915,54,52,54
916,916,54,52,54
917,917,54,52,54
918,918,54,52,54
919,919,54,52,54
920,920,54,52,54
921,921,54,52,54
922,922,54,52,54
923,923,54,52,54
924,924,54,52,54
925,925,54,52,54
926,926,54,52,54
927,927,54,52,54
928,928,54,52,53
929,929,54,52,53
930,930,54,52,53
931,931,54,52,53
932,932,54,52,53
933,933,54,52,53
934,934,54,53,53
935,935,54,53,53
936,936,54,53,53
937,937,54,53,53
938,938,54,53,53
939,939,54,53,53
940,940,54,53,53
941,941,54,53,53
942,942,54,54,53
943,943,54,54,53
944,944,54,54,53
945,945,54,54,53
946,946,54,54,53
947,947,54,54,53
948,948,54,54,53
949,949,54,54,53
950,950,54,54,53
951,951,54,54,53
952,952,54,54,53
953,953,54,54,53
954,954,54,54,53
955,955,54,54,53
956,956,54,54,53
957,957,54,54,53
958,958,54,54,53
959,959,54,54,53
960,960,54,54,53
961,961,54,54,53
962,962,54,54,53
963,963,54,54,53
964,964,54,55,53
965,965,54,55,53
966,966,54,55,53
967,967,54,55,53
968,968,54,55,53
969,969,54,55,53
970,970,54,55,53
971,971,54,55,53
972,972,54,55,53
973,973,54,55,53
974,974,54,55,53
975,975,54,55,53
976,976,54,55,53
977,977,54,55,53
978,978,54,55,53
979,979,54,55,53
980,980,54,55,53
981,981,54,55,53
982,982,54,55,53
983,983,54,55,53
984,984,54,56,53
985,985,54,56,53
986,986,54,56,53
987,987,54,56,53
988,988,54,56,53
989,989,54,56,53
990,990,54,56,53
991,991,54,56,53
992,992,54,56,53
993,993,54,56,53
994,994,54,56,53
995,995,54,55,53
996,996,54,55,53
997,997,54,55,53
998,998,54,55,53
999,999,54,55,53
1000,1000,54,55,53
1001,1001,54,55,53
1002,1002,54,55,53
1003,1003,54,55,53
1004,1004,54,55,53
1005,1005,54,55,53
1006,1006,54,55,53
1007,1007,54,55,53
1008,1008,53,55,53
1009,1009,53,55,53
1010,1010,53,55,53
1011,1011,53,55,53
1012,1012,53,55,53
1013,1013,53,55,53
1014,1014,53,55,53
1015,1015,53,55,53
1016,1016,53,55,53
1017,1017,53,55,53
1018,1018,53,55,53
1019,1019,53,55,53
1020,1020,53,55,53
1021,1021,53,55,53
1022,1022,53,55,53
1023,1023,53,55,53
1024,1024,53,56,53
1025,1025,53,56,53
1026,1026,53,56,53
1027,1027,53,56,53
1028,1028,53,56,53
1029,1029,53,56,53
1030,1030,53,56,53
1031,1031,53,56,53
1032,1032,53,56,53
1033,1033,53,56,53
1034,1034,53,56,53
1035,1035,53,56,53
1036,1036,53,56,53
1037,1037,53,56,53
1038,1038,53,56,53
1039,1039,53,56,53
1040,1040,53,56,53
1041,1041,53,56,53
1042,1042,53,56,53
1043,1043,53,56,53
1044,1044,53,56,53
1045,1045,53,56,53
1046,1046,53,56,53
1047,1047,53,56,53
1048,1048,53,55,53
1049,1049,53,55,53
1050,1050,53,55,53
1051,1051,53,54,53
1052,1052,53,54,53
1053,1053,53,54,53
1054,1054,53,54,53
1055,1055,53,54,53
1056,1056,53,54,53
1057,1057,53,54,53
1058,1058,53,54,53
1059,1059,53,54,53
1060,1060,53,54,53
1061,1061,53,54,53
1062,1062,53,54,53
1063,1063,53,54,53
1064,1064,53,54,53
1065,1065,53,54,53
1066,1066,52,54,53
1067,1067,52,54,53
1068,1068,51,54,53
1069,1069,51,54,53
1070,1070,51,54,53
1071,1071,51,54,53
1072,1072,51,54,53
1073,1073,51,54,53
1074,1074,51,54,53
1075,1075,51,54,53
1076,1076,50,54,53
1077,1077,50,54,53
1078,1078,50,54,53
1079,1079,50,55,53
1080,1080,50,55,52
1081,1081,50,55,52
1082,1082,50,55,52
1083,1083,50,55,52
1084,1084,50,55,52
1085,1085,50,55,51
1086,1086,50,55,51
1087,1087,50,55,51
1088,1088,49,55,51
1089,1089,49,55,51
1090,1090,49,55,51
1091,1091,49,55,51
1092,1092,49,55,51
1093,1093,49,55,51
1094,1094,49,55,51
1095,1095,49,54,51
1096,1096,49,54,51
1097,1097,49,54,51
1098,1098,49,54,51
1099,1099,49,54,51
1100,1100,49,54,51
1101,1101,49,54,51
1102,1102,49,54,51
1103,1103,49,54,51
1104,1104,49,54,51
1105,1105,49,54,51
1106,1106,48,54,51
1107,1107,48,54,51
1108,1108,48,54,51
1109,1109,48,54,51
1110,1110,48,54,50
1111,1111,48,53,50
1112,1112,48,53,50
1113,1113,48,53,50
1114,1114,48,53,50
1115,1115,48,53,50
1116,1116,48,53,50
1117,1117,48,53,50
1118,1118,48,53,50
1119,1119,48,53,50
1120,1120,48,53,50
1121,1121,48,53,49
1122,1122,48,53,49
1123,1123,48,52,49
1124,1124,48,52,49
1125,1125,48,52,49
1126,1126,48,52,49
1127,1127,48,52,49
1128,1128,48,52,49
1129,1129,48,52,49
1130,1130,48,52,49
1131,1131,48,52,49
1132,1132,48,52,49
1133,1133,48,52,49
1134,1134,48,52,49
1135,1135,48,52,49
1136,1136,48,51,49
1137,1137,48,51,49
1138,1138,48,51,49
1139,1139,48,51,49
1140,1140,48,51,49
1141,1141,48,51,49
1142,1142,48,51,49
1143,1143,48,50,49
1144,1144,48,50,49
1145,1145,48,50,49
1146,1146,48,50,49
1147,1147,48,50,49
1148,1148,48,50,49
1149,1149,48,50,49
1150,1150,48,50,49
1151,1151,48,50,49
1152,1152,48,50,49
1153,1153,48,50,49
1154,1154,48,50,49
1155,1155,49,50,49
1156,1156,49,50,49
1157,1157,49,50,49
1158,1158,49,50,49
1159,1159,49,50,49
1160,1160,49,50,49
1161,1161,49,50,49
1162,1162,49,50,49
1163,1163,48,50,49
1164,1164,48,50,49
1165,1165,48,50,49
1166,1166,48,50,49
1167,1167,48,50,49
1168,1168,48,50,49
1169,1169,48,50,49
1170,1170,48,50,49
1171,1171,48,50,49
1172,1172,48,50,49
1173,1173,48,50,49
1174,1174,48,50,49
1175,1175,48,50,49
1176,1176,48,50,49
1177,1177,48,50,49
1178,1178,48,50,49
1179,1179,49,50,49
1180,1180,49,50,49
1181,1181,49,50,49
1182,1182,49,50,49
1183,1183,49,50,49
1184,1184,49,50,49
1185,1185,49,50,49
1186,1186,49,50,49
1187,1187,49,50,49
1188,1188,49,50,49
1189,1189,49,50,49
1190,1190,48,50,49
1191,1191,48,50,49
1192,1192,48,50,49
1193,1193,48,50,48
1194,1194,48,50,48
1195,1195,48,50,48
1196,1196,48,50,48
1197,1197,48,50,48
1198,1198,48,50,48
1199,1199,48,50,48
1200,1200,48,50,48
1201,1201,48,50,48
1202,1202,48,50,48
1203,1203,48,50,47
1204,1204,48,50,47
1205,1205,48,50,47
1206,1206,48,50,47
1207,1207,48,50,47
1208,1208,48,50,47
1209,1209,48,50,47
1210,1210,48,50,48
1211,1211,47,50,48
1212,1212,47,50,48
1213,1213,47,50,47
1214,1214,47,50,47
1215,1215,47,50,47
1216,1216,47,50,47
1217,1217,47,50,47
1218,1218,47,50,47
1219,1219,47,50,47
1220,1220,47,50,47
1221,1221,47,50,47
1222,1222,47,50,47
1223,1223,47,50,47
1224,1224,47,50,47
1225,1225,47,50,47
1226,1226,47,50,47
1227,1227,47,50,47
1228,1228,47,50,47
1229,1229,47,50,48
1230,1230,47,50,48
1231,1231,46,50,48
1232,1232,46,50,48
1233,1233,46,50,48
1234,1234,46,50,48
1235,1235,46,50,48
1236,1236,46,50,48
1237,1237,46,50,48
1238,1238,46,50,48
1239,1239,46,50,48
1240,1240,46,50,48
1241,1241,46,50,48
1242,1242,46,50,48
1243,1243,46,50,48
1244,1244,46,50,48
1245,1245,46,50,48
1246,1246,46,50,48
1247,1247,46,50,48
1248,1248,46,50,48
1249,1249,46,50,48
1250,1250,46,50,48
1251,1251,46,50,48
1252,1252,46,50,48
1253,1253,46,50,48
1254,1254,46,50,48
1255,1255,46,50,48
1256,1256,46,50,48
1257,1257,46,50,48
1258,1258,46,50,48
1259,1259,46,50,48
1260,1260,46,50,48
1261,1261,46,50,48
1262,1262,46,50,48
1263,1263,46,50,48
1264,1264,46,50,48
1265,1265,46,50,48
1266,1266,46,50,48
1267,1267,46,50,48
1268,1268,46,50,48
1269,1269,46,50,48
1270,1270,46,50,48
1271,1271,46,50,48
1272,1272,46,50,48
1273,1273,46,50,48
1274,1274,46,50,48
1275,1275,46,50,48
1276,1276,46,50,48
1277,1277,46,50,48
1278,1278,46,50,48
1279,1279,46,50,48
1280,1280,46,50,48
1281,1281,46,50,48
1282,1282,46,50,48
1283,1283,46,50,48
1284,1284,46,50,48
1285,1285,46,50,48
1286,1286,46,50,48
1287,1287,46,50,48
1288,1288,46,50,48
1289,1289,46,50,48
1290,1290,46,50,48
1291,1291,46,50,48
1292,1292,46,50,48
1293,1293,46,50,48
1294,1294,46,50,48
1295,1295,46,50,48
1296,1296,46,50,48
1297,1297,46,50,48
1298,1298,46,50,48
1299,1299,47,50,48
1300,1300,47,50,48
1301,1301,47,50,48
1302,1302,48,50,48
1303,1303,48,50,48
1304,1304,48,50,48
1305,1305,49,50,49
1306,1306,49,50,49
1307,1307,49,50,49
1308,1308,49,50,49
1309,1309,49,50,49
1310,1310,49,50,49
1311,1311,49,50,49
1312,1312,49,50,49
1313,1313,49,50,48
1314,1314,49,50,48
1315,1315,49,50,48
1316,1316,49,50,48
1317,1317,49,50,48
1318,1318,49,50,48
1319,1319,49,50,48
1320,1320,49,50,48
1321,1321,49,50,48
1322,1322,49,50,48
1323,1323,49,50,48
1324,1324,49,50,48
1325,1325,49,50,48
1326,1326,49,50,48
1327,1327,49,50,48
1328,1328,48,50,48
1329,1329,48,50,48
1330,1330,48,50,48
1331,1331,48,50,48
1332,1332,48,50,48
1333,1333,48,50,48
1334,1334,48,50,48
1335,1335,48,50,48
1336,1336,48,50,48
1337,1337,48,50,49
1338,1338,48,50,49
1339,1339,48,50,49
1340,1340,48,50,49
1341,1341,48,50,49
1342,1342,48,50,49
1343,1343,48,50,49
1344,1344,48,50,49
1345,1345,48,50,49
1346,1346,48,50,49
1347,1347,48,50,49
1348,1348,48,50,49
1349,1349,48,50,49
1350,1350,48,50,49
1351,1351,48,50,49
1352,1352,49,50,50
1353,1353,49,50,50
1354,1354,49,50,50
1355,1355,49,50,50
1356,1356,49,50,50
1357,1357,49,50,50
1358,1358,49,49,50
1359,1359,49,49,50
1360,1360,49,49,50
1361,1361,49,49,50
1362,1362,49,49,50
1363,1363,49,49,50
1364,1364,50,49,50
1365,1365,50,49,50
1366,1366,50,49,50
1367,1367,51,49,50
1368,1368,51,49,50
1369,1369,51,49,50
1370,1370,51,49,50
1371,1371,51,49,50
1372,1372,51,49,50
1373,1373,51,49,49
1374,1374,51,49,49
1375,1375,51,49,49
1376,1376,51,49,49
1377,1377,51,49,49
1378,1378,51,49,49
1379,1379,51,49,50
1380,1380,51,49,50
1381,1381,51,49,50
1382,1382,51,49,50
1383,1383,51,49,50
1384,1384,51,49,50
1385,1385,51,49,50
1386,1386,51,49,50
1387,1387,51,49,50
1388,1388,51,49,50
1389,1389,51,49,50
1390,1390,51,49,50
1391,1391,51,49,50
1392,1392,51,49,50
1393,1393,51,49,50
1394,1394,51,49,50
1395,1395,51,49,50
1396,1396,51,49,50
1397,1397,51,49,50
1398,1398,51,49,50
1399,1399,51,49,50
1400,1400,50,49,50
1401,1401,50,49,50
1402,1402,50,49,50
1403,1403,50,49,50
1404,1404,50,49,50
1405,1405,50,49,50
1406,1406,50,49,50
1407,1407,50,49,50
1408,1408,50,48,50
1409,1409,50,48,50
1410,1410,50,48,50
1411,1411,50,48,50
1412,1412,50,48,50
1413,1413,50,48,50
1414,1414,50,48,50
1415,1415,50,48,50
1416,1416,50,48,50
1417,1417,50,48,50
1418,1418,50,48,50
1419,1419,50,48,50
1420,1420,50,48,50
1421,1421,50,48,50
1422,1422,50,48,50
1423,1423,50,47,50
1424,1424,50,47,50
1425,1425,50,47,50
1426,1426,50,47,50
1427,1427,50,47,50
1428,1428,50,47,50
1429,1429,50,47,50
1430,1430,50,47,50
1431,1431,50,47,50
1432,1432,50,47,50
1433,1433,50,47,50
1434,1434,50,47,50
1435,1435,50,47,50
1436,1436,50,47,50
1437,1437,50,47,50
1438,1438,50,47,49
1439,1439,50,47,49
1440,1440,50,47,49
1441,1441,50,47,49
1442,1442,50,47,49
1443,1443,50,47,49
1444,1444,50,47,49
1445,1445,50,48,49
1446,1446,50,48,49
1447,1447,50,48,49
1448,1448,50,48,49
1449,1449,50,48,49
1450,1450,50,48,49
1451,1451,50,48,49
1452,1452,50,48,49
1453,1453,50,48,49
1454,1454,50,48,49
1455,1455,50,48,49
1456,1456,50,48,49
1457,1457,50,48,49
1458,1458,50,48,49
1459,1459,50,48,49
1460,1460,50,49,49
1461,1461,50,49,49
1462,1462,50,49,49
1463,1463,50,49,49
1464,1464,50,49,49
1465,1465,51,49,49
1466,1466,51,49,49
1467,1467,51,49,49
1468,1468,50,49,49
1469,1469,50,49,49
1470,1470,51,49,49
1471,1471,51,49,49
1472,1472,51,49,49
1473,1473,51,49,49
1474,1474,51,49,49
1475,1475,51,49,49
1476,1476,51,49,49
1477,1477,51,49,49
1478,1478,51,49,49
1479,1479,51,49,49
1480,1480,51,49,49
1481,1481,51,49,49
1482,1482,51,49,49
1483,1483,51,49,49
1484,1484,51,49,49
1485,1485,50,49,49
1486,1486,50,49,49
1487,1487,50,49,49
1488,1488,50,49,49
1489,1489,50,49,49
1490,1490,50,49,49
1491,1491,50,49,49
1492,1492,50,49,49
1493,1493,50,49,49
1494,1494,50,49,49
1495,1495,50,49,49
1496,1496,50,49,49
1497,1497,50,49,49
1498,1498,50,49,49
1499,1499,50,49,49
1500,1500,50,49,49
1501,1501,50,49,49
1502,1502,50,49,49
1503,1503,50,49,49
1504,1504,50,49,49
1505,1505,50,49,49
1506,1506,50,49,49
1507,1507,50,49,49
1508,1508,50,49,49
1509,1509,50,49,49
1510,1510,50,49,49
1511,1511,50,49,49
1512,1512,50,49,49
1513,1513,50,49,49
1514,1514,50,49,49
1515,1515,50,49,49
1516,1516,50,50,48
1517,1517,50,50,48
1518,1518,50,50,48
1519,1519,50,50,48
1520,1520,50,50,48
1521,1521,50,50,48
1522,1522,50,50,48
1523,1523,50,50,48
1524,1524,50,50,48
1525,1525,51,50,48
1526,1526,51,50,48
1527,1527,51,50,48
1528,1528,51,50,48
1529,1529,51,50,48
1530,1530,51,50,48
1531,1531,51,50,48
1532,1532,51,50,48
1533,1533,51,50,48
1534,1534,51,50,48
1535,1535,51,50,48
1536,1536,51,50,48
1537,1537,51,50,48
1538,1538,51,50,48
1539,1539,51,50,48
1540,1540,51,50,48
1541,1541,51,50,48
1542,1542,51,50,48
1543,1543,51,50,48
1544,1544,51,50,48
1545,1545,51,50,48
1546,1546,51,50,48
1547,1547,51,50,48
1548,1548,51,50,48
1549,1549,51,50,48
1550,1550,51,50,48
1551,1551,51,50,48
1552,1552,51,50,48
1553,1553,51,49,48
1554,1554,51,49,48
1555,1555,51,49,48
1556,1556,51,49,48
1557,1557,51,49,48
1558,1558,51,49,48
1559,1559,51,49,48
1560,1560,51,49,48
1561,1561,51,49,48
1562,1562,51,49,48
1563,1563,51,49,48
1564,1564,51,49,48
1565,1565,51,49,48
1566,1566,51,49,48
1567,1567,51,49,48
1568,1568,51,49,48
1569,1569,51,49,48
1570,1570,51,49,48
1571,1571,51,49,48
1572,1572,51,49,48
1573,1573,51,49,48
1574,1574,51,49,48
1575,1575,51,49,48
1576,1576,51,49,48
1577,1577,51,49,48
1578,1578,51,49,48
1579,1579,51,49,48
1580,1580,51,49,48
1581,1581,51,49,48
1582,1582,51,49,48
1583,1583,51,49,47
1584,1584,51,49,47
1585,1585,51,49,47
1586,1586,51,49,47
1587,1587,51,49,47
1588,1588,51,49,47
1589,1589,51,49,47
1590,1590,51,49,47
1591,1591,51,48,47
1592,1592,51,48,48
1593,1593,51,48,48
1594,1594,51,48,48
1595,1595,51,48,48
1596,1596,51,48,48
1597,1597,51,48,48
1598,1598,51,48,48
1599,1599,51,48,48
1600,1600,51,48,48
1601,1601,51,48,48
1602,1602,51,48,48
1603,1603,51,48,48
1604,1604,51,48,48
1605,1605,51,48,48
1606,1606,51,48,48
1607,1607,51,48,48
1608,1608,51,47,48
1609,1609,51,47,48
1610,1610,51,47,48
1611,1611,51,47,48
1612,1612,51,47,48
1613,1613,51,47,48
1614,1614,51,47,48
1615,1615,51,47,48
1616,1616,51,47,48
1617,1617,51,47,49
1618,1618,51,47,49
1619,1619,51,47,49
1620,1620,51,47,49
1621,1621,51,47,49
1622,1622,51,48,49
1623,1623,51,48,49
1624,1624,51,48,49
1625,1625,51,48,49
1626,1626,51,48,49
1627,1627,51,48,49
1628,1628,51,48,49
1629,1629,51,48,49
1630,1630,51,48,49
1631,1631,51,48,49
1632,1632,51,48,49
1633,1633,51,48,49
1634,1634,51,48,49
1635,1635,51,48,49
1636,1636,51,49,49
1637,1637,51,49,49
1638,1638,51,49,49
1639,1639,52,49,49
1640,1640,52,49,49
1641,1641,52,49,49
1642,1642,52,49,49
1643,1643,52,49,49
1644,1644,52,49,49
1645,1645,52,49,49
1646,1646,52,49,49
1647,1647,52,49,49
1648,1648,52,49,49
1649,1649,52,49,49
1650,1650,52,49,49
1651,1651,52,49,49
1652,1652,52,49,49
1653,1653,51,49,49
1654,1654,51,49,49
1655,1655,51,49,49
1656,1656,51,49,49
1657,1657,51,49,49
1658,1658,51,49,49
1659,1659,51,49,49
1660,1660,51,49,49
1661,1661,51,50,49
1662,1662,51,50,49
1663,1663,51,50,49
1664,1664,51,50,49
1665,1665,51,50,49
1666,1666,51,50,49
1667,1667,51,50,49
1668,1668,51,50,49
1669,1669,51,50,49
1670,1670,51,50,49
1671,1671,51,50,49
1672,1672,51,50,49
1673,1673,51,50,49
1674,1674,51,50,49
1675,1675,51,51,49
1676,1676,51,51,49
1677,1677,51,51,49
1678,1678,51,51,49
1679,1679,51,51,49
1680,1680,51,51,49
1681,1681,50,51,49
1682,1682,50,51,49
1683,1683,50,51,49
1684,1684,50,51,49
1685,1685,50,51,49
1686,1686,50,51,49
1687,1687,50,51,49
1688,1688,50,51,49
1689,1689,50,51,49
1690,1690,50,51,49
1691,1691,50,51,49
1692,1692,50,51,49
1693,1693,50,51,49
1694,1694,50,51,49
1695,1695,50,51,49
1696,1696,50,51,49
1697,1697,50,51,49
1698,1698,50,51,49
1699,1699,50,51,49
1700,1700,50,52,49
1701,1701,50,52,49
1702,1702,50,52,49
1703,1703,50,52,49
1704,1704,50,52,49
1705,1705,50,52,49
1706,1706,50,52,49
1707,1707,50,52,49
1708,1708,50,52,49
1709,1709,50,52,49
1710,1710,50,52,49
1711,1711,50,51,49
1712,1712,50,51,49
1713,1713,50,51,48
1714,1714,50,51,48
1715,1715,50,51,48
1716,1716,50,51,48
1717,1717,50,51,48
1718,1718,50,50,48
1719,1719,50,50,49
1720,1720,50,50,49
1721,1721,50,50,49
1722,1722,50,51,49
1723,1723,50,51,49
1724,1724,50,51,49
1725,1725,50,51,49
1726,1726,49,51,49
1727,1727,49,51,49
1728,1728,49,51,49
1729,1729,49,51,49
1730,1730,49,51,49
1731,1731,49,51,49
1732,1732,49,51,50
1733,1733,49,51,50
1734,1734,49,51,50
1735,1735,49,51,50
1736,1736,49,51,50
1737,1737,49,51,50
1738,1738,49,51,50
1739,1739,49,51,50
1740,1740,49,51,50
1741,1741,49,51,50
1742,1742,49,51,51
1743,1743,49,51,51
1744,1744,49,51,51
1745,1745,49,51,52
1746,1746,49,51,52
1747,1747,49,51,52
1748,1748,49,51,52
1749,1749,49,51,52
1750,1750,49,51,52
1751,1751,49,51,52
1752,1752,50,51,53
1753,1753,50,51,53
1754,1754,50,51,53
1755,1755,50,51,53
1756,1756,50,51,53
1757,1757,51,51,53
1758,1758,51,51,53
1759,1759,51,51,53
1760,1760,51,51,53
1761,1761,51,51,53
1762,1762,51,51,53
1763,1763,51,51,53
1764,1764,51,51,53
1765,1765,51,51,53
1766,1766,51,51,53
1767,1767,51,51,53
1768,1768,51,51,53
1769,1769,51,51,53
1770,1770,51,51,54
1771,1771,51,51,54
1772,1772,51,51,54
1773,1773,51,51,54
1774,1774,52,52,54
1775,1775,52,52,54
1776,1776,52,52,54
1777,1777,52,52,54
1778,1778,52,51,54
1779,1779,52,51,54
1780,1780,52,51,54
1781,1781,52,51,54
1782,1782,52,51,54
1783,1783,52,51,54
1784,1784,52,51,55
1785,1785,52,51,55
1786,1786,52,51,55
1787,1787,52,51,55
1788,1788,52,51,55
1789,1789,52,52,55
1790,1790,52,52,55
1791,1791,52,52,55
1792,1792,52,52,55
1793,1793,52,52,55
1794,1794,52,52,55
1795,1795,52,52,55
1796,1796,52,52,55
1797,1797,52,52,55
1798,1798,52,52,55
1799,1799,52,52,55
1800,1800,52,52,55
1801,1801,52,52,55
1802,1802,52,52,55
1803,1803,52,52,55
1804,1804,52,52,55
1805,1805,52,52,55
1806,1806,52,52,55
1807,1807,52,52,55
1808,1808,52,52,55
1809,1809,52,52,55
1810,1810,52,52,55
1811,1811,52,52,55
1812,1812,52,52,55
1813,1813,52,52,55
1814,1814,52,52,55
1815,1815,52,52,55
1816,1816,52,52,55
1817,1817,52,52,55
1818,1818,52,52,54
1819,1819,52,52,54
1820,1820,52,52,54
1821,1821,52,52,54
1822,1822,52,52,54
1823,1823,52,52,53
1824,1824,52,52,53
1825,1825,52,52,53
1826,1826,52,52,53
1827,1827,52,52,53
1828,1828,52,52,53
1829,1829,52,52,53
1830,1830,52,52,53
1831,1831,52,52,53
1832,1832,52,52,54
1833,1833,52,52,54
1834,1834,52,52,54
1835,1835,52,52,54
1836,1836,52,52,54
1837,1837,52,52,54
1838,1838,52,52,54
1839,1839,52,52,54
1840,1840,52,51,54
1841,1841,52,51,54
1842,1842,52,51,54
1843,1843,52,51,54
1844,1844,52,51,54
1845,1845,52,51,54
1846,1846,52,51,54
1847,1847,52,51,54
1848,1848,52,51,54
1849,1849,52,51,54
1850,1850,52,51,54
1851,1851,52,51,54
1852,1852,52,51,54
1853,1853,52,51,54
1854,1854,52,51,54
1855,1855,52,51,54
1856,1856,52,51,54
1857,1857,52,51,54
1858,1858,52,51,53
1859,1859,52,51,54
1860,1860,52,51,53
1861,1861,52,51,53
1862,1862,52,51,53
1863,1863,52,51,53
1864,1864,52,51,53
1865,1865,52,51,53
1866,1866,52,51,53
1867,1867,52,51,53
1868,1868,52,51,53
1869,1869,52,51,53
1870,1870,52,51,53
1871,1871,52,51,53
1872,1872,52,51,53
1873,1873,52,51,53
1874,1874,52,51,53
1875,1875,52,51,53
1876,1876,52,51,53
1877,1877,52,51,53
1878,1878,52,51,53
1879,1879,52,51,53
1880,1880,52,51,53
1881,1881,52,51,53
1882,1882,52,51,53
1883,1883,52,51,53
1884,1884,52,51,53
1885,1885,51,51,52
1886,1886,51,51,52
1887,1887,51,51,52
1888,1888,51,51,52
1889,1889,51,51,52
1890,1890,50,51,52
1891,1891,50,51,52
1892,1892,50,51,52
1893,1893,50,51,52
1894,1894,50,51,52
1895,1895,50,51,52
1896,1896,50,51,52
1897,1897,50,51,52
1898,1898,50,51,52
1899,1899,50,51,52
1900,1900,50,50,52
1901,1901,50,50,52
1902,1902,50,50,52
1903,1903,50,50,52
1904,1904,50,50,52
1905,1905,50,50,51
1906,1906,50,50,51
1907,1907,50,50,51
1908,1908,50,50,51
1909,1909,50,50,51
1910,1910,50,50,51
1911,1911,50,50,51
1912,1912,50,50,51
1913,1913,50,50,51
1914,1914,50,50,51
1915,1915,50,50,51
1916,1916,50,50,51
1917,1917,50,50,51
1918,1918,50,50,51
1919,1919,50,50,51
1920,1920,50,50,51
1921,1921,50,50,51
1922,1922,50,50,51
1923,1923,50,50,51
1924,1924,50,50,51
1925,1925,50,50,51
1926,1926,50,50,51
1927,1927,50,50,51
1928,1928,50,50,51
1929,1929,50,50,51
1930,1930,50,50,51
1931,1931,49,50,51
1932,1932,49,50,51
1933,1933,49,50,51
1934,1934,49,50,51
1935,1935,49,50,51
1936,1936,49,50,51
1937,1937,49,50,51
1938,1938,49,50,51
1939,1939,49,50,51
1940,1940,49,50,51
1941,1941,49,50,51
1942,1942,49,50,51
1943,1943,49,50,51
1944,1944,49,50,51
1945,1945,49,49,51
1946,1946,49,49,51
1947,1947,49,49,51
1948,1948,49,49,51
1949,1949,49,49,51
1950,1950,49,49,51
1951,1951,48,49,51
1952,1952,48,49,51
1953,1953,48,49,51
1954,1954,48,49,51
1955,1955,48,49,51
1956,1956,48,49,51
1957,1957,48,49,51
1958,1958,48,49,51
1959,1959,48,49,51
1960,1960,48,49,51
1961,1961,48,49,51
1962,1962,48,49,51
1963,1963,48,49,51
1964,1964,48,49,51
1965,1965,48,49,51
1966,1966,48,49,51
1967,1967,48,49,51
1968,1968,48,49,50
1969,1969,48,49,50
1970,1970,48,49,50
1971,1971,48,49,50
1972,1972,48,49,50
1973,1973,48,49,50
1974,1974,48,49,50
1975,1975,48,49,50
1976,1976,48,49,50
1977,1977,48,49,50
1978,1978,48,49,50
1979,1979,48,49,50
1980,1980,48,49,50
1981,1981,48,49,50
1982,1982,49,49,50
1983,1983,49,49,50
1984,1984,49,49,50
1985,1985,49,49,50
1986,1986,49,49,50
1987,1987,49,49,50
1988,1988,49,49,50
1989,1989,49,49,50
1990,1990,49,49,50
1991,1991,49,49,50
1992,1992,49,49,50
1993,1993,49,49,50
1994,1994,49,49,50
1995,1995,49,48,50
1996,1996,50,48,50
1997,1997,50,48,50
1998,1998,50,48,50
1999,1999,50,48,50
2000,2000,50,48,50
2001,2001,50,49,50
2002,2002,50,49,50
2003,2003,49,49,50
2004,2004,49,49,50
2005,2005,49,49,50
2006,2006,49,49,50
2007,2007,49,49,50
2008,2008,49,48,50
2009,2009,49,48,50
2010,2010,49,48,50
2011,2011,49,48,50
2012,2012,49,48,50
2013,2013,49,48,50
2014,2014,49,48,50
2015,2015,49,48,50
2016,2016,49,48,50
2017,2017,49,48,50
2018,2018,49,48,50
2019,2019,49,48,50
2020,2020,49,48,50
2021,2021,49,48,50
2022,2022,49,48,50
2023,2023,49,48,50
2024,2024,49,48,50
2025,2025,49,48,50
2026,2026,49,48,50
2027,2027,49,48,50
2028,2028,49,48,50
2029,2029,49,48,50
2030,2030,49,48,50
2031,2031,49,48,50
2032,2032,49,48,50
2033,2033,49,48,50
2034,2034,49,49,50
2035,2035,49,49,50
2036,2036,49,49,50
2037,2037,49,49,50
2038,2038,49,49,50
2039,2039,49,49,50
2040,2040,49,49,50
2041,2041,48,49,50
2042,2042,48,49,50
2043,2043,48,49,50
2044,2044,48,49,50
2045,2045,48,49,50
2046,2046,48,49,50
2047,2047,48,49,51
2048,2048,48,49,51
2049,2049,48,49,51
2050,2050,48,49,51
2051,2051,48,49,51
2052,2052,48,49,51
2053,2053,48,49,51
2054,2054,48,49,51
2055,2055,48,49,51
2056,2056,48,49,51
2057,2057,48,49,51
2058,2058,48,49,51
2059,2059,48,49,51
2060,2060,48,49,50
2061,2061,48,49,50
2062,2062,48,49,50
2063,2063,48,49,50
2064,2064,48,49,50
2065,2065,48,49,50
2066,2066,48,49,50
2067,2067,48,49,50
2068,2068,48,49,50
2069,2069,48,49,50
2070,2070,48,49,50
2071,2071,48,49,50
2072,2072,49,48,50
2073,2073,49,48,50
2074,2074,49,48,50
2075,2075,49,48,50
2076,2076,49,48,50
2077,2077,49,48,50
2078,2078,49,48,50
2079,2079,49,48,50
2080,2080,49,48,50
2081,2081,49,48,50
2082,2082,49,48,50
2083,2083,48,48,50
2084,2084,48,48,50
2085,2085,48,48,50
2086,2086,48,48,50
2087,2087,48,48,50
2088,2088,48,47,49
2089,2089,48,47,49
2090,2090,49,47,49
2091,2091,49,47,49
2092,2092,49,47,49
2093,2093,49,47,49
2094,2094,49,47,49
2095,2095,49,47,49
2096,2096,49,47,49
2097,2097,49,47,49
2098,2098,49,47,49
2099,2099,49,47,49
2100,2100,49,47,49
2101,2101,49,47,49
2102,2102,49,47,49
2103,2103,49,47,49
2104,2104,49,47,49
2105,2105,49,47,48
2106,2106,49,47,48
2107,2107,49,47,48
2108,2108,49,47,48
2109,2109,49,47,48
2110,2110,49,47,48
2111,2111,49,47,48
2112,2112,49,47,48
2113,2113,49,47,48
2114,2114,49,47,48
2115,2115,49,47,48
2116,2116,49,47,48
2117,2117,49,47,48
2118,2118,49,47,48
2119,2119,49,47,48
2120,2120,49,47,48
2121,2121,49,47,48
2122,2122,49,47,48
2123,2123,49,47,48
2124,2124,49,47,48
2125,2125,49,47,48
2126,2126,49,47,48
2127,2127,49,47,48
2128,2128,49,47,46
2129,2129,49,47,46
2130,2130,49,47,46
2131,2131,49,47,46
2132,2132,49,47,46
2133,2133,49,47,46
2134,2134,50,47,46
2135,2135,50,47,46
2136,2136,50,47,46
2137,2137,50,47,46
2138,2138,50,47,45
2139,2139,50,47,45
2140,2140,50,47,45
2141,2141,50,47,45
2142,2142,50,47,45
2143,2143,50,47,45
2144,2144,50,47,45
2145,2145,50,48,45
2146,2146,50,48,45
2147,2147,50,48,45
2148,2148,50,48,45
2149,2149,50,48,45
2150,2150,50,48,45
2151,2151,50,48,45
2152,2152,50,48,45
2153,2153,50,48,45
2154,2154,50,48,45
2155,2155,50,48,45
2156,2156,50,48,45
2157,2157,50,48,45
2158,2158,50,48,45
2159,2159,50,48,45
2160,2160,50,48,45
2161,2161,50,48,45
2162,2162,50,48,45
2163,2163,50,48,45
2164,2164,50,48,45
2165,2165,50,48,45
2166,2166,50,48,45
2167,2167,50,48,46
2168,2168,50,48,46
2169,2169,50,48,47
2170,2170,50,48,47
2171,2171,50,48,47
2172,2172,51,48,47
2173,2173,51,48,47
2174,2174,51,48,47
2175,2175,50,48,47
2176,2176,50,48,47
2177,2177,50,48,47
2178,2178,50,48,47
2179,2179,50,48,47
2180,2180,50,48,47
2181,2181,50,48,47
2182,2182,51,48,47
2183,2183,51,48,47
2184,2184,51,48,47
2185,2185,51,48,47
2186,2186,51,48,47
2187,2187,51,48,47
2188,2188,51,48,47
2189,2189,51,48,47
2190,2190,51,48,47
2191,2191,51,48,47
2192,2192,51,48,47
2193,2193,51,47,47
2194,2194,51,48,47
2195,2195,51,48,46
2196,2196,51,48,46
2197,2197,51,48,46
2198,2198,51,48,46
2199,2199,51,48,47
2200,2200,51,48,47
2201,2201,51,48,47
2202,2202,51,48,48
2203,2203,51,48,48
2204,2204,51,48,49
2205,2205,51,48,49
2206,2206,51,48,49
2207,2207,51,48,49
2208,2208,51,48,49
2209,2209,51,48,49
2210,2210,51,48,49
2211,2211,51,48,50
2212,2212,51,48,50
2213,2213,51,48,50
2214,2214,51,48,50
2215,2215,51,48,50
2216,2216,51,48,50
2217,2217,51,48,50
2218,2218,51,48,50
2219,2219,51,48,50
2220,2220,51,48,50
2221,2221,51,48,50
2222,2222,51,48,50
2223,2223,50,48,50
2224,2224,50,48,50
2225,2225,50,48,50
2226,2226,50,48,50
2227,2227,50,48,50
2228,2228,50,48,50
2229,2229,50,48,50
2230,2230,50,48,50
2231,2231,50,48,50
2232,2232,50,48,50
2233,2233,50,48,50
2234,2234,50,48,51
2235,2235,50,48,51
2236,2236,50,48,51
2237,2237,50,48,51
2238,2238,50,48,51
2239,2239,50,48,51
2240,2240,50,48,51
2241,2241,50,48,51
2242,2242,50,48,51
2243,2243,50,48,51
2244,2244,50,48,51
2245,2245,50,48,51
2246,2246,50,48,51
2247,2247,50,48,51
2248,2248,50,48,51
2249,2249,50,48,51
2250,2250,50,48,51
2251,2251,50,48,51
2252,2252,50,49,51
2253,2253,50,49,51
2254,2254,50,49,51
2255,2255,50,49,51
2256,2256,50,49,51
2257,2257,50,49,51
2258,2258,50,49,51
2259,2259,50,50,51
2260,2260,50,50,51
2261,2261,50,50,51
2262,2262,50,50,51
2263,2263,50,50,51
2264,2264,50,50,51
2265,2265,50,50,52
2266,2266,50,50,52
2267,2267,50,50,52
2268,2268,50,50,52
2269,2269,50,50,52
2270,2270,50,50,52
2271,2271,50,50,52
2272,2272,50,50,52
2273,2273,50,50,52
2274,2274,50,50,52
2275,2275,50,50,52
2276,2276,50,50,52
2277,2277,51,50,52
2278,2278,51,50,52
2279,2279,51,50,52
2280,2280,51,50,52
2281,2281,51,50,52
2282,2282,51,50,52
2283,2283,51,50,50
2284,2284,51,50,50
2285,2285,51,50,50
2286,2286,51,50,50
2287,2287,51,51,50
2288,2288,50,51,50
2289,2289,50,51,50
2290,2290,50,51,50
2291,2291,50,51,50
2292,2292,50,51,50
2293,2293,50,51,49
2294,2294,50,51,49
2295,2295,50,51,49
2296,2296,50,51,49
2297,2297,50,51,49
2298,2298,50,51,49
2299,2299,50,51,49
2300,2300,50,51,49
2301,2301,50,51,49
2302,2302,50,51,49
2303,2303,50,51,49
2304,2304,50,51,49
2305,2305,50,51,49
2306,2306,50,51,49
2307,2307,50,51,49
2308,2308,50,51,49
2309,2309,50,51,49
2310,2310,50,51,48
2311,2311,50,51,48
2312,2312,50,51,48
2313,2313,50,51,48
2314,2314,50,51,48
2315,2315,50,51,48
2316,2316,50,51,48
2317,2317,50,51,48
2318,2318,50,51,48
2319,2319,50,51,48
2320,2320,50,51,48
2321,2321,51,51,48
2322,2322,51,51,48
2323,2323,51,51,48
2324,2324,51,51,48
2325,2325,51,51,48
2326,2326,51,51,48
2327,2327,51,51,48
2328,2328,51,51,48
2329,2329,51,51,48
2330,2330,51,51,48
2331,2331,51,51,48
2332,2332,51,51,48
2333,2333,51,51,48
2334,2334,51,51,48
2335,2335,51,51,48
2336,2336,51,51,48
2337,2337,51,51,48
2338,2338,51,51,48
2339,2339,51,51,49
2340,2340,51,51,49
2341,2341,51,51,49
2342,2342,51,51,49
2343,2343,51,51,49
2344,2344,51,51,49
2345,2345,51,51,49
2346,2346,51,51,49
2347,2347,51,51,49
2348,2348,51,51,49
2349,2349,51,51,49
2350,2350,51,51,49
2351,2351,51,51,49
2352,2352,51,51,49
2353,2353,51,51,49
2354,2354,51,51,49
2355,2355,51,51,49
2356,2356,51,51,49
2357,2357,51,51,49
2358,2358,51,51,49
2359,2359,51,51,50
2360,2360,51,51,49
2361,2361,51,51,49
2362,2362,51,51,49
2363,2363,51,51,49
2364,2364,51,51,49
2365,2365,51,51,49
2366,2366,51,51,49
2367,2367,51,51,49
2368,2368,51,51,49
2369,2369,51,51,49
2370,2370,51,51,49
2371,2371,51,51,49
2372,2372,51,51,49
2373,2373,51,51,49
2374,2374,51,51,49
2375,2375,51,51,49
2376,2376,51,51,49
2377,2377,51,51,49
2378,2378,51,51,49
2379,2379,51,51,49
2380,2380,51,51,49
2381,2381,51,51,49
2382,2382,51,51,49
2383,2383,51,51,49
2384,2384,51,51,49
2385,2385,51,51,49
2386,2386,51,51,49
2387,2387,51,51,49
2388,2388,51,51,49
2389,2389,51,51,49
2390,2390,51,51,49
2391,2391,51,51,49
2392,2392,51,51,49
2393,2393,51,51,49
2394,2394,51,51,49
2395,2395,51,51,49
2396,2396,51,51,49
2397,2397,52,51,49
2398,2398,52,51,49
2399,2399,52,51,49
2400,2400,52,51,49
2401,2401,52,51,49
2402,2402,52,51,49
2403,2403,52,51,49
2404,2404,52,51,49
2405,2405,52,51,49
2406,2406,52,51,49
2407,2407,52,51,49
2408,2408,52,51,49
2409,2409,52,51,49
2410,2410,52,51,49
2411,2411,52,51,49
2412,2412,52,51,49
2413,2413,52,51,49
2414,2414,52,51,49
2415,2415,52,51,49
2416,2416,52,51,49
2417,2417,52,51,49
2418,2418,52,51,49
2419,2419,52,51,49
2420,2420,52,51,49
2421,2421,52,51,49
2422,2422,52,51,49
2423,2423,52,51,49
2424,2424,52,51,49
2425,2425,51,51,49
2426,2426,51,51,49
2427,2427,51,51,49
2428,2428,51,51,49
2429,2429,51,51,49
2430,2430,51,51,49
2431,2431,51,51,49
2432,2432,51,51,49
2433,2433,51,51,49
2434,2434,51,51,49
2435,2435,51,51,49
2436,2436,51,51,49
2437,2437,51,52,49
2438,2438,51,52,49
2439,2439,51,52,49
2440,2440,51,52,49
2441,2441,51,52,49
2442,2442,51,52,49
2443,2443,51,52,49
2444,2444,51,52,49
2445,2445,51,52,49
2446,2446,51,52,49
2447,2447,51,52,49
2448,2448,51,52,49
2449,2449,51,52,49
2450,2450,51,52,49
2451,2451,51,52,49
2452,2452,51,52,49
2453,2453,51,52,48
2454,2454,51,52,48
2455,2455,51,52,48
2456,2456,50,52,48
2457,2457,50,52,48
2458,2458,50,52,49
2459,2459,50,52,49
2460,2460,50,52,49
2461,2461,50,52,49
2462,2462,50,52,49
2463,2463,50,52,49
2464,2464,50,52,49
2465,2465,49,52,49
2466,2466,49,52,49
2467,2467,49,52,49
2468,2468,49,52,49
2469,2469,49,52,49
2470,2470,49,52,49
2471,2471,49,52,49
2472,2472,49,52,49
2473,2473,49,52,49
2474,2474,49,52,49
2475,2475,49,52,49
2476,2476,48,52,49
2477,2477,48,52,49
2478,2478,48,52,49
2479,2479,48,52,49
2480,2480,48,52,50
2481,2481,48,52,50
2482,2482,48,52,50
2483,2483,48,52,50
2484,2484,48,52,50
2485,2485,48,52,50
2486,2486,48,52,50
2487,2487,48,52,50
2488,2488,48,52,50
2489,2489,48,52,50
2490,2490,48,52,50
2491,2491,48,52,50
2492,2492,48,52,50
2493,2493,48,52,50
2494,2494,48,52,50
2495,2495,48,52,50
2496,2496,48,52,50
2497,2497,48,52,50
2498,2498,48,52,50
2499,2499,48,52,50
2500,2500,48,52,50
2501,2501,48,52,50
2502,2502,48,52,50
2503,2503,48,52,50
2504,2504,48,52,50
2505,2505,48,52,50
2506,2506,48,52,50
2507,2507,48,52,50
2508,2508,48,52,50
2509,2509,48,52,50
2510,2510,48,52,50
2511,2511,48,52,50
2512,2512,48,52,50
2513,2513,48,52,50
2514,2514,48,52,50
2515,2515,48,52,50
2516,2516,48,52,50
2517,2517,48,52,50
2518,2518,48,51,50
2519,2519,49,51,50
2520,2520,49,51,50
2521,2521,49,51,50
2522,2522,49,51,50
2523,2523,49,51,50
2524,2524,49,51,50
2525,2525,49,51,50
2526,2526,49,51,50
2527,2527,49,51,50
2528,2528,48,51,50
2529,2529,48,51,50
2530,2530,48,52,50
2531,2531,48,52,50
2532,2532,48,52,50
2533,2533,48,52,50
2534,2534,48,52,50
2535,2535,48,52,50
2536,2536,48,52,50
2537,2537,48,52,50
2538,2538,48,52,50
2539,2539,48,52,50
2540,2540,48,52,50
2541,2541,48,52,50
2542,2542,48,52,50
2543,2543,48,52,50
2544,2544,48,52,50
2545,2545,48,52,50
2546,2546,48,52,50
2547,2547,48,52,50
2548,2548,48,52,50
2549,2549,48,52,50
2550,2550,48,52,50
2551,2551,48,51,50
2552,2552,48,51,50
2553,2553,48,51,50
2554,2554,48,51,50
2555,2555,48,51,50
2556,2556,48,51,50
2557,2557,48,51,50
2558,2558,48,50,50
2559,2559,48,50,50
2560,2560,48,50,50
2561,2561,48,50,50
2562,2562,48,50,50
2563,2563,48,50,50
2564,2564,48,50,50
2565,2565,48,50,50
2566,2566,48,51,50
2567,2567,48,51,50
2568,2568,48,51,50
2569,2569,48,51,50
2570,2570,48,51,50
2571,2571,48,51,50
2572,2572,49,51,50
2573,2573,49,51,50
2574,2574,49,51,50
2575,2575,49,51,50
2576,2576,49,51,50
2577,2577,49,51,50
2578,2578,49,51,50
2579,2579,50,51,50
2580,2580,50,52,50
2581,2581,50,52,50
2582,2582,51,52,50
2583,2583,51,51,50
2584,2584,51,51,50
2585,2585,51,51,50
2586,2586,51,51,51
2587,2587,51,51,51
2588,2588,51,50,51
2589,2589,51,50,51
2590,2590,50,50,51
2591,2591,50,50,51
2592,2592,50,50,51
2593,2593,50,50,51
2594,2594,50,50,51
2595,2595,50,50,50
2596,2596,50,50,50
2597,2597,50,50,50
2598,2598,50,50,50
2599,2599,50,50,50
2600,2600,50,50,50
2601,2601,50,50,50
2602,2602,50,50,50
2603,2603,50,50,50
2604,2604,50,50,50
2605,2605,50,50,50
2606,2606,50,50,50
2607,2607,50,50,50
2608,2608,50,50,50
2609,2609,50,50,50
2610,2610,50,50,50
2611,2611,50,50,50
2612,2612,50,50,50
2613,2613,50,50,50
2614,2614,50,50,50
2615,2615,50,50,50
2616,2616,49,50,50
2617,2617,49,49,50
2618,2618,49,49,50
2619,2619,49,49,50
2620,2620,49,49,50
2621,2621,49,49,50
2622,2622,50,49,50
2623,2623,50,49,50
2624,2624,50,49,50
2625,2625,50,49,50
2626,2626,50,49,50
2627,2627,50,49,50
2628,2628,50,49,50
2629,2629,50,49,50
2630,2630,50,49,50
2631,2631,50,49,50
2632,2632,50,49,50
2633,2633,50,49,50
2634,2634,50,49,50
2635,2635,50,49,50
2636,2636,50,49,50
2637,2637,50,49,50
2638,2638,50,49,50
2639,2639,50,49,50
2640,2640,50,49,50
2641,2641,50,49,50
2642,2642,50,49,50
2643,2643,50,48,50
2644,2644,50,48,50
2645,2645,50,48,50
2646,2646,50,48,50
2647,2647,50,48,50
2648,2648,50,48,50
2649,2649,50,48,50
2650,2650,50,48,50
2651,2651,50,48,50
2652,2652,50,48,50
2653,2653,50,48,50
2654,2654,50,48,50
2655,2655,50,48,50
2656,2656,50,48,50
2657,2657,50,48,50
2658,2658,50,48,50
2659,2659,50,48,50
2660,2660,50,48,50
2661,2661,50,48,50
2662,2662,50,48,50
2663,2663,50,48,50
2664,2664,50,48,50
2665,2665,50,48,50
2666,2666,50,48,50
2667,2667,50,48,50
2668,2668,50,48,50
2669,2669,50,48,50
2670,2670,50,48,50
2671,2671,50,48,50
2672,2672,50,48,50
2673,2673,50,48,50
2674,2674,50,48,50
2675,2675,50,48,50
2676,2676,50,48,50
2677,2677,50,48,50
2678,2678,50,48,50
2679,2679,50,48,50
2680,2680,51,48,50
2681,2681,51,48,50
2682,2682,51,48,50
2683,2683,51,48,50
2684,2684,51,48,50
2685,2685,51,48,50
2686,2686,51,48,50
2687,2687,51,48,50
2688,2688,51,48,50
2689,2689,51,48,50
2690,2690,51,48,50
2691,2691,51,48,50
2692,2692,51,48,50
2693,2693,51,48,50
2694,2694,51,48,50
2695,2695,51,48,50
2696,2696,51,48,50
2697,2697,51,48,50
2698,2698,51,48,50
2699,2699,51,48,50
2700,2700,51,48,50
2701,2701,51,48,50
2702,2702,51,48,51
2703,2703,51,48,51
2704,2704,51,48,51
2705,2705,51,48,51
2706,2706,51,48,51
2707,2707,51,48,51
2708,2708,51,48,51
2709,2709,51,48,51
2710,2710,51,48,51
2711,2711,51,48,51
2712,2712,51,48,51
2713,2713,51,48,51
2714,2714,51,48,51
2715,2715,51,48,51
2716,2716,51,48,51
2717,2717,51,48,51
2718,2718,51,48,51
2719,2719,51,48,51
2720,2720,51,48,51
2721,2721,51,48,51
2722,2722,51,48,51
2723,2723,51,48,51
2724,2724,51,48,51
2725,2725,51,47,51
2726,2726,51,47,51
2727,2727,51,47,51
2728,2728,51,47,51
2729,2729,51,47,51
2730,2730,51,47,51
2731,2731,51,47,51
2732,2732,51,47,51
2733,2733,51,47,51
2734,2734,51,47,51
2735,2735,51,47,51
2736,2736,51,47,51
2737,2737,51,47,51
2738,2738,51,47,51
2739,2739,51,47,51
2740,2740,51,47,51
2741,2741,50,47,51
2742,2742,50,47,51
2743,2743,50,47,51
2744,2744,50,47,51
2745,2745,50,47,51
2746,2746,50,47,51
2747,2747,50,47,51
2748,2748,50,47,51
2749,2749,50,47,51
2750,2750,50,47,51
2751,2751,50,47,51
2752,2752,50,47,51
2753,2753,50,47,51
2754,2754,50,47,51
2755,2755,50,47,51
2756,2756,50,47,51
2757,2757,50,47,51
2758,2758,50,47,51
2759,2759,50,47,51
2760,2760,50,47,51
2761,2761,50,47,51
2762,2762,50,48,51
2763,2763,50,48,51
2764,2764,50,48,51
2765,2765,50,48,51
2766,2766,50,48,51
2767,2767,50,48,51
2768,2768,50,48,51
2769,2769,50,48,51
2770,2770,50,48,51
2771,2771,50,48,51
2772,2772,50,48,51
2773,2773,50,48,51
2774,2774,50,48,51
2775,2775,50,48,51
2776,2776,50,48,51
2777,2777,50,49,51
2778,2778,50,49,51
2779,2779,50,49,51
2780,2780,50,49,51
2781,2781,50,49,51
2782,2782,50,49,51
2783,2783,50,49,51
2784,2784,50,49,51
2785,2785,50,49,51
2786,2786,50,49,51
2787,2787,50,49,51
2788,2788,50,49,51
2789,2789,50,49,51
2790,2790,50,49,50
2791,2791,50,49,50
2792,2792,50,49,50
2793,2793,50,49,50
2794,2794,50,49,50
2795,2795,50,49,50
2796,2796,50,49,50
2797,2797,50,49,50
2798,2798,50,49,50
2799,2799,50,49,50
2800,2800,50,49,50
2801,2801,50,49,50
2802,2802,50,49,50
2803,2803,50,49,50
2804,2804,50,49,50
2805,2805,50,49,50
2806,2806,50,49,50
2807,2807,50,49,50
2808,2808,50,49,50
2809,2809,50,49,50
2810,2810,50,49,50
2811,2811,50,49,50
2812,2812,51,49,50
2813,2813,51,49,50
2814,2814,51,49,50
2815,2815,51,49,50
2816,2816,51,49,50
2817,2817,51,49,50
2818,2818,51,49,50
2819,2819,51,49,50
2820,2820,51,49,50
2821,2821,51,49,50
2822,2822,51,49,50
2823,2823,51,49,50
2824,2824,51,49,50
2825,2825,51,49,50
2826,2826,51,49,50
2827,2827,51,49,50
2828,2828,51,49,50
2829,2829,51,49,50
2830,2830,51,49,50
2831,2831,51,49,50
2832,2832,51,49,50
2833,2833,51,49,50
2834,2834,51,49,50
2835,2835,51,49,50
2836,2836,51,49,50
2837,2837,51,49,50
2838,2838,51,49,50
2839,2839,51,49,50
2840,2840,51,49,49
2841,2841,51,49,49
2842,2842,51,49,49
2843,2843,51,49,49
2844,2844,51,49,49
2845,2845,51,49,49
2846,2846,51,49,49
2847,2847,51,49,49
2848,2848,51,49,49
2849,2849,51,49,49
2850,2850,51,49,49
2851,2851,51,49,49
2852,2852,51,50,49
2853,2853,51,50,49
2854,2854,51,50,49
2855,2855,51,50,49
2856,2856,51,50,49
2857,2857,51,50,49
2858,2858,51,50,49
2859,2859,51,50,49
2860,2860,51,50,49
2861,2861,51,50,49
2862,2862,51,51,49
2863,2863,51,51,49
2864,2864,51,51,49
2865,2865,51,51,49
2866,2866,51,51,49
2867,2867,51,51,49
2868,2868,51,51,49
2869,2869,51,51,49
2870,2870,51,51,49
2871,2871,51,51,49
2872,2872,51,51,49
2873,2873,51,51,49
2874,2874,51,51,49
2875,2875,50,51,49
2876,2876,50,51,49
2877,2877,50,51,49
2878,2878,50,51,49
2879,2879,50,51,50
2880,2880,50,51,50
2881,2881,50,51,50
2882,2882,50,51,50
2883,2883,50,51,50
2884,2884,50,51,50
2885,2885,50,51,50
2886,2886,50,51,50
2887,2887,50,51,50
2888,2888,50,51,50
2889,2889,50,51,50
2890,2890,50,51,50
2891,2891,50,52,50
2892,2892,50,52,50
2893,2893,50,52,50
2894,2894,50,52,50
2895,2895,50,52,50
2896,2896,50,52,50
2897,2897,50,52,50
2898,2898,50,52,50
2899,2899,50,53,50
2900,2900,50,53,50
2901,2901,50,53,50
2902,2902,50,53,50
2903,2903,50,53,50
2904,2904,50,53,50
2905,2905,50,53,50
2906,2906,50,52,50
2907,2907,50,52,51
2908,2908,50,52,51
2909,2909,50,52,51
2910,2910,50,52,51
2911,2911,50,52,51
2912,2912,50,52,51
2913,2913,50,52,51
2914,2914,50,52,51
2915,2915,50,52,51
2916,2916,50,52,51
2917,2917,50,52,51
2918,2918,50,52,51
2919,2919,50,52,51
2920,2920,50,52,51
2921,2921,50,52,51
2922,2922,50,53,51
2923,2923,49,53,51
2924,2924,49,53,51
2925,2925,49,53,51
2926,2926,49,53,51
2927,2927,49,53,51
2928,2928,49,53,51
2929,2929,49,53,51
2930,2930,49,53,51
2931,2931,49,53,51
2932,2932,49,53,51
2933,2933,49,53,51
2934,2934,49,53,52
2935,2935,49,53,52
2936,2936,49,53,52
2937,2937,49,53,52
2938,2938,49,53,52
2939,2939,49,53,52
2940,2940,49,53,52
2941,2941,49,53,52
2942,2942,49,53,52
2943,2943,49,53,52
2944,2944,49,53,52
2945,2945,49,53,52
2946,2946,49,53,52
2947,2947,49,53,52
2948,2948,49,52,52
2949,2949,49,52,52
2950,2950,49,52,52
2951,2951,49,52,52
2952,2952,49,52,52
2953,2953,49,52,52
2954,2954,49,52,52
2955,2955,49,52,52
2956,2956,49,52,52
2957,2957,49,52,52
2958,2958,49,52,52
2959,2959,49,52,52
2960,2960,49,52,52
2961,2961,49,52,52
2962,2962,49,52,52
2963,2963,49,52,52
2964,2964,49,52,52
2965,2965,49,52,52
2966,2966,49,52,52
2967,2967,49,52,52
2968,2968,49,52,52
2969,2969,49,52,52
2970,2970,49,51,52
2971,2971,49,51,52
2972,2972,49,51,52
2973,2973,49,51,52
2974,2974,49,51,52
2975,2975,49,51,52
2976,2976,49,51,52
2977,2977,49,51,52
2978,2978,49,51,52
2979,2979,49,51,52
2980,2980,49,51,52
2981,2981,49,51,52
2982,2982,49,51,52
2983,2983,49,51,52
2984,2984,49,51,52
2985,2985,49,51,52
2986,2986,49,51,52
2987,2987,49,51,52
2988,2988,49,51,52
2989,2989,49,51,52
2990,2990,49,51,52
2991,2991,49,51,52
2992,2992,49,51,52
2993,2993,49,51,52
2994,2994,49,51,52
2995,2995,49,51,52
2996,2996,49,51,52
2997,2997,48,51,52
2998,2998,48,51,52
2999,2999,48,51,52
3000,3000,48,51,52
3001,3001,48,51,52
3002,3002,48,51,52
3003,3003,48,51,52
3004,3004,48,51,52
3005,3005,48,51,52
3006,3006,48,51,52
3007,3007,48,51,52
3008,3008,48,51,52
3009,3009,48,51,52
3010,3010,48,51,52
3011,3011,48,51,52
3012,3012,48,51,52
3013,3013,48,51,52
3014,3014,48,51,52
3015,3015,48,51,52
3016,3016,48,51,52
3017,3017,48,51,52
3018,3018,48,51,52
3019,3019,48,51,52
3020,3020,48,51,52
3021,3021,48,51,52
3022,3022,48,51,52
3023,3023,48,51,52
3024,3024,48,51,52
3025,3025,48,51,52
3026,3026,48,51,52
3027,3027,48,51,52
3028,3028,48,51,52
3029,3029,48,51,52
3030,3030,47,51,52
3031,3031,47,51,52
3032,3032,47,51,52
3033,3033,47,51,52
3034,3034,47,51,52
3035,3035,48,51,52
3036,3036,48,51,52
3037,3037,48,51,52
3038,3038,48,51,52
3039,3039,48,51,52
3040,3040,47,51,52
3041,3041,47,51,52
3042,3042,47,51,52
3043,3043,47,51,52
3044,3044,47,51,52
3045,3045,47,51,52
3046,3046,47,52,52
3047,3047,47,52,52
3048,3048,47,52,50
3049,3049,47,52,50
3050,3050,47,52,50
3051,3051,47,52,50
3052,3052,47,52,50
3053,3053,47,52,50
3054,3054,47,52,50
3055,3055,47,52,50
3056,3056,47,52,50
3057,3057,47,52,50
3058,3058,47,52,50
3059,3059,47,52,50
3060,3060,47,52,50
3061,3061,47,52,50
3062,3062,47,52,50
3063,3063,47,52,50
3064,3064,47,52,50
3065,3065,47,52,50
3066,3066,47,52,50
3067,3067,47,52,50
3068,3068,47,52,50
3069,3069,47,52,50
3070,3070,47,51,50
3071,3071,47,51,50
3072,3072,47,51,50
3073,3073,47,51,50
3074,3074,47,51,50
3075,3075,47,51,51
3076,3076,47,51,51
3077,3077,47,51,51
3078,3078,47,51,51
3079,3079,47,51,51
3080,3080,47,51,51
3081,3081,47,51,51
3082,3082,47,51,51
3083,3083,47,51,51
3084,3084,47,51,51
3085,3085,47,51,51
3086,3086,47,51,51
3087,3087,47,51,51
3088,3088,47,51,51
3089,3089,47,51,51
3090,3090,47,51,51
3091,3091,47,51,51
3092,3092,48,51,51
3093,3093,48,51,51
3094,3094,48,51,51
3095,3095,48,51,51
3096,3096,48,51,51
3097,3097,48,51,51
3098,3098,48,51,51
3099,3099,48,51,51
3100,3100,48,51,51
3101,3101,48,51,50
3102,3102,49,51,50
3103,3103,49,50,50
3104,3104,49,50,50
3105,3105,49,50,50
3106,3106,49,50,50
3107,3107,49,50,50
3108,3108,49,50,50
3109,3109,49,50,50
3110,3110,49,50,50
3111,3111,49,50,50
3112,3112,49,50,50
3113,3113,49,50,50
3114,3114,49,50,50
3115,3115,48,50,50
3116,3116,48,50,50
3117,3117,48,50,50
3118,3118,48,50,50
3119,3119,48,50,50
3120,3120,48,50,50
3121,3121,48,50,50
3122,3122,48,50,50
3123,3123,48,50,50
3124,3124,48,50,50
3125,3125,48,50,50
3126,3126,48,50,50
3127,3127,48,50,50
3128,3128,48,49,50
3129,3129,48,49,51
3130,3130,48,49,51
3131,3131,48,49,51
3132,3132,48,49,51
3133,3133,48,49,51
3134,3134,48,49,51
3135,3135,48,49,51
3136,3136,48,49,51
3137,3137,48,49,51
3138,3138,48,49,51
3139,3139,48,49,51
3140,3140,48,49,51
3141,3141,48,49,51
3142,3142,48,49,51
3143,3143,49,49,51
3144,3144,49,50,51
3145,3145,49,50,51
3146,3146,49,50,51
3147,3147,49,50,51
3148,3148,49,50,51
3149,3149,49,50,51
3150,3150,49,50,51
3151,3151,49,50,50
3152,3152,49,50,50
3153,3153,49,50,50
3154,3154,49,50,50
3155,3155,49,50,50
3156,3156,49,50,50
3157,3157,49,50,50
3158,3158,49,50,50
3159,3159,49,50,50
3160,3160,49,50,50
3161,3161,49,50,50
3162,3162,49,50,50
3163,3163,49,50,50
3164,3164,49,50,50
3165,3165,50,50,50
3166,3166,50,50,50
3167,3167,50,50,50
3168,3168,50,50,49
3169,3169,50,50,49
3170,3170,50,50,49
3171,3171,50,50,49
3172,3172,50,50,49
3173,3173,50,50,49
3174,3174,50,50,49
3175,3175,50,50,49
3176,3176,50,50,49
3177,3177,50,50,49
3178,3178,50,50,49
3179,3179,50,50,49
3180,3180,50,50,49
3181,3181,50,50,49
3182,3182,50,50,49
3183,3183,50,50,49
3184,3184,50,50,49
3185,3185,50,50,49
3186,3186,50,50,49
3187,3187,51,50,49
3188,3188,51,50,49
3189,3189,51,50,49
3190,3190,51,50,49
3191,3191,51,50,49
3192,3192,51,50,49
3193,3193,51,50,49
3194,3194,51,50,49
3195,3195,51,50,49
3196,3196,51,50,49
3197,3197,51,50,49
3198,3198,51,50,49
3199,3199,51,50,49
3200,3200,51,50,49
3201,3201,51,50,49
3202,3202,52,50,49
3203,3203,52,50,49
3204,3204,52,50,49
3205,3205,52,50,49
3206,3206,52,50,49
3207,3207,52,50,49
3208,3208,52,50,49
3209,3209,52,50,49
3210,3210,52,50,49
3211,3211,52,50,49
3212,3212,52,50,49
3213,3213,52,50,49
3214,3214,52,50,49
3215,3215,52,50,49
3216,3216,52,50,49
3217,3217,52,51,49
3218,3218,52,51,49
3219,3219,52,51,49
3220,3220,52,51,49
3221,3221,52,51,49
3222,3222,52,51,49
3223,3223,52,51,49
3224,3224,52,51,49
3225,3225,52,51,49
3226,3226,52,51,49
3227,3227,52,51,49
3228,3228,52,51,49
3229,3229,52,51,49
3230,3230,52,51,49
3231,3231,52,51,49
3232,3232,53,51,49
3233,3233,53,51,49
3234,3234,53,51,49
3235,3235,53,50,49
3236,3236,53,50,49
3237,3237,53,50,49
3238,3238,53,50,49
3239,3239,53,50,49
3240,3240,53,50,49
3241,3241,53,50,49
3242,3242,53,50,49
3243,3243,53,50,49
3244,3244,53,50,49
3245,3245,53,50,49
3246,3246,53,50,49
3247,3247,53,50,49
3248,3248,53,50,50
3249,3249,53,50,50
3250,3250,53,50,50
3251,3251,53,50,50
3252,3252,53,50,50
3253,3253,53,50,50
3254,3254,53,50,50
3255,3255,53,49,50
3256,3256,53,49,50
3257,3257,53,49,50
3258,3258,53,49,50
3259,3259,53,49,50
3260,3260,53,49,50
3261,3261,53,49,50
3262,3262,53,49,50
3263,3263,52,49,50
3264,3264,52,49,51
3265,3265,52,49,51
3266,3266,52,49,52
3267,3267,52,49,52
3268,3268,52,49,52
3269,3269,52,49,52
3270,3270,52,49,52
3271,3271,52,49,52
3272,3272,51,49,52
3273,3273,51,49,52
3274,3274,51,49,52
3275,3275,51,49,52
3276,3276,51,49,52
3277,3277,52,49,52
3278,3278,52,49,52
3279,3279,52,49,52
3280,3280,52,49,52
3281,3281,52,49,52
3282,3282,52,49,52
3283,3283,52,49,52
3284,3284,52,49,52
3285,3285,52,49,52
3286,3286,52,49,52
3287,3287,52,49,52
3288,3288,52,49,52
3289,3289,52,49,52
3290,3290,52,49,52
3291,3291,52,49,52
3292,3292,52,49,52
3293,3293,52,49,52
3294,3294,52,49,52
3295,3295,52,49,52
3296,3296,52,49,52
3297,3297,52,49,52
3298,3298,52,49,51
3299,3299,52,49,51
3300,3300,52,49,51
3301,3301,52,49,51
3302,3302,52,49,51
3303,3303,52,49,51
3304,3304,52,49,51
3305,3305,52,49,51
3306,3306,52,49,51
3307,3307,52,49,51
3308,3308,52,49,51
3309,3309,52,49,51
3310,3310,51,49,51
3311,3311,51,49,51
3312,3312,51,49,51
3313,3313,51,49,51
3314,3314,51,49,51
3315,3315,51,49,51
3316,3316,51,49,51
3317,3317,51,49,51
3318,3318,51,49,51
3319,3319,51,49,51
3320,3320,51,49,51
3321,3321,51,49,51
3322,3322,51,49,51
3323,3323,51,49,52
3324,3324,51,49,52
3325,3325,51,49,52
3326,3326,51,49,52
3327,3327,51,49,52
3328,3328,51,48,51
3329,3329,51,48,51
3330,3330,51,48,51
3331,3331,51,48,51
3332,3332,51,48,51
3333,3333,51,47,51
3334,3334,51,47,51
3335,3335,51,47,51
3336,3336,51,47,51
3337,3337,51,47,51
3338,3338,51,47,51
3339,3339,51,47,51
3340,3340,51,47,51
3341,3341,51,47,51
3342,3342,51,48,51
3343,3343,51,48,51
3344,3344,51,48,51
3345,3345,51,48,51
3346,3346,51,48,51
3347,3347,51,48,51
3348,3348,51,48,51
3349,3349,51,48,51
3350,3350,51,48,51
3351,3351,51,48,51
3352,3352,51,48,51
3353,3353,51,48,51
3354,3354,51,48,51
3355,3355,51,48,51
3356,3356,51,48,51
3357,3357,51,48,51
3358,3358,51,48,51
3359,3359,51,48,51
3360,3360,51,48,51
3361,3361,51,48,51
3362,3362,51,48,50
3363,3363,51,48,50
3364,3364,51,48,50
3365,3365,51,48,50
3366,3366,51,48,50
3367,3367,51,48,50
3368,3368,51,48,50
3369,3369,51,48,50
3370,3370,51,48,50
3371,3371,51,48,50
3372,3372,51,48,50
3373,3373,51,48,50
3374,3374,51,48,50
3375,3375,51,48,50
3376,3376,51,48,50
3377,3377,51,48,50
3378,3378,51,48,50
3379,3379,51,48,50
3380,3380,51,48,50
3381,3381,51,48,50
3382,3382,51,48,50
3383,3383,51,48,50
3384,3384,51,48,50
3385,3385,51,48,50
3386,3386,51,48,50
3387,3387,51,48,50
3388,3388,50,48,50
3389,3389,50,48,50
3390,3390,50,48,50
3391,3391,50,48,50
3392,3392,50,48,50
3393,3393,50,48,50
3394,3394,50,49,50
3395,3395,50,49,49
3396,3396,50,49,49
3397,3397,50,49,49
3398,3398,50,49,49
3399,3399,50,49,49
3400,3400,50,49,49
3401,3401,50,49,49
3402,3402,50,49,49
3403,3403,50,49,49
3404,3404,50,49,49
3405,3405,50,50,49
3406,3406,50,50,49
3407,3407,50,50,49
3408,3408,50,50,49
3409,3409,50,50,49
3410,3410,50,50,49
3411,3411,50,50,49
3412,3412,51,50,49
3413,3413,51,50,49
3414,3414,51,50,49
3415,3415,51,50,49
3416,3416,51,50,49
3417,3417,51,50,49
3418,3418,51,50,49
3419,3419,51,50,49
3420,3420,51,50,49
3421,3421,51,50,49
3422,3422,51,50,49
3423,3423,51,50,49
3424,3424,51,50,49
3425,3425,51,50,49
3426,3426,51,50,49
3427,3427,51,50,49
3428,3428,51,50,49
3429,3429,51,50,49
3430,3430,51,50,49
3431,3431,51,50,49
3432,3432,51,50,49
3433,3433,51,50,49
3434,3434,51,50,49
3435,3435,51,50,49
3436,3436,50,50,49
3437,3437,50,50,49
3438,3438,50,50,49
3439,3439,50,50,49
3440,3440,50,50,49
3441,3441,50,50,49
3442,3442,50,50,49
3443,3443,50,50,49
3444,3444,50,50,49
3445,3445,50,50,49
3446,3446,50,50,49
3447,3447,50,50,49
3448,3448,50,50,49
3449,3449,50,50,50
3450,3450,50,50,49
3451,3451,50,50,49
3452,3452,50,50,49
3453,3453,50,50,49
3454,3454,50,50,49
3455,3455,50,51,49
3456,3456,50,51,49
3457,3457,50,51,49
3458,3458,50,51,49
3459,3459,49,52,49
3460,3460,49,52,49
3461,3461,49,52,49
3462,3462,50,52,49
3463,3463,50,52,49
3464,3464,50,52,49
3465,3465,50,52,49
3466,3466,50,52,49
3467,3467,50,52,49
3468,3468,49,52,49
3469,3469,49,52,49
3470,3470,49,52,49
3471,3471,49,52,49
3472,3472,49,52,49
3473,3473,49,52,49
3474,3474,49,52,49
3475,3475,49,52,49
3476,3476,49,52,49
3477,3477,49,52,49
3478,3478,49,52,49
3479,3479,49,52,49
3480,3480,49,52,49
3481,3481,49,52,49
3482,3482,49,52,49
3483,3483,49,52,49
3484,3484,49,52,49
3485,3485,49,52,49
3486,3486,50,53,49
3487,3487,50,53,49
3488,3488,50,53,49
3489,3489,50,53,49
3490,3490,50,53,49
3491,3491,50,53,49
3492,3492,50,53,49
3493,3493,50,53,49
3494,3494,50,53,49
3495,3495,50,53,49
3496,3496,50,53,49
3497,3497,50,53,49
3498,3498,50,53,49
3499,3499,50,53,49
3500,3500,50,53,49
3501,3501,50,53,49
3502,3502,50,53,49
3503,3503,50,53,49
3504,3504,50,53,49
3505,3505,50,53,49
3506,3506,50,53,49
3507,3507,50,53,49
3508,3508,50,53,49
3509,3509,50,53,49
3510,3510,49,53,49
3511,3511,49,53,49
3512,3512,49,53,49
3513,3513,49,53,49
3514,3514,49,53,49
3515,3515,49,52,49
3516,3516,49,52,49
3517,3517,49,52,49
3518,3518,49,52,49
3519,3519,49,52,49
3520,3520,49,52,49
3521,3521,49,52,49
3522,3522,49,52,49
3523,3523,49,52,49
3524,3524,49,52,49
3525,3525,49,52,49
3526,3526,49,52,49
3527,3527,49,52,49
3528,3528,49,52,49
3529,3529,49,52,49
3530,3530,49,52,49
3531,3531,49,52,49
3532,3532,49,52,49
3533,3533,49,52,49
3534,3534,49,52,49
3535,3535,49,52,49
3536,3536,49,52,49
3537,3537,49,52,49
3538,3538,49,52,49
3539,3539,49,52,49
3540,3540,49,52,49
3541,3541,49,52,49
3542,3542,49,52,49
3543,3543,48,52,49
3544,3544,48,52,49
3545,3545,48,52,49
3546,3546,48,52,49
3547,3547,49,52,49
3548,3548,49,52,49
3549,3549,49,52,49
3550,3550,49,52,49
3551,3551,49,52,49
3552,3552,49,52,49
3553,3553,49,52,49
3554,3554,49,52,49
3555,3555,49,52,49
3556,3556,49,52,49
3557,3557,49,52,49
3558,3558,49,52,49
3559,3559,49,52,49
3560,3560,49,52,49
3561,3561,49,52,49
3562,3562,49,52,49
3563,3563,49,52,49
3564,3564,49,52,49
3565,3565,49,52,49
3566,3566,49,52,49
3567,3567,49,52,49
3568,3568,49,52,49
3569,3569,49,52,49
3570,3570,49,52,49
3571,3571,49,52,49
3572,3572,49,52,49
3573,3573,49,52,49
3574,3574,49,52,49
3575,3575,49,52,49
3576,3576,49,52,49
3577,3577,49,52,49
3578,3578,49,52,49
3579,3579,49,52,49
3580,3580,49,52,49
3581,3581,49,52,49
3582,3582,49,52,49
3583,3583,49,52,49
3584,3584,49,52,49
3585,3585,48,51,49
3586,3586,49,51,49
3587,3587,49,51,50
3588,3588,49,51,50
3589,3589,49,51,50
3590,3590,49,51,50
3591,3591,49,51,50
3592,3592,50,51,50
3593,3593,50,51,50
3594,3594,50,50,50
3595,3595,50,50,50
3596,3596,50,50,50
3597,3597,50,50,50
3598,3598,50,50,50
3599,3599,50,50,50
3600,3600,50,50,50
3601,3601,50,50,50
3602,3602,50,50,50
3603,3603,50,50,50
3604,3604,50,50,50
3605,3605,50,50,50
3606,3606,50,50,50
3607,3607,50,50,50
3608,3608,50,50,50
3609,3609,50,50,50
3610,3610,50,49,50
3611,3611,50,49,51
3612,3612,50,49,51
3613,3613,50,49,51
3614,3614,50,49,51
3615,3615,50,49,51
3616,3616,50,49,51
3617,3617,50,49,51
3618,3618,50,49,51
3619,3619,50,49,51
3620,3620,50,49,51
3621,3621,50,49,51
3622,3622,50,49,51
3623,3623,50,49,51
3624,3624,51,49,51
3625,3625,51,49,51
3626,3626,51,49,51
3627,3627,51,49,51
3628,3628,51,49,51
3629,3629,51,49,51
3630,3630,51,49,51
3631,3631,51,49,51
3632,3632,51,49,51
3633,3633,51,49,51
3634,3634,51,49,51
3635,3635,51,48,51
3636,3636,51,48,51
3637,3637,51,48,51
3638,3638,51,48,51
3639,3639,51,48,51
3640,3640,51,48,51
3641,3641,51,48,51
3642,3642,51,48,51
3643,3643,51,48,51
3644,3644,51,48,51
3645,3645,51,48,51
3646,3646,51,48,51
3647,3647,51,48,51
3648,3648,51,48,51
3649,3649,51,48,51
3650,3650,51,48,52
3651,3651,51,48,52
3652,3652,51,48,52
3653,3653,51,48,52
3654,3654,51,48,52
3655,3655,51,48,52
3656,3656,51,48,52
3657,3657,51,48,52
3658,3658,51,48,52
3659,3659,51,48,52
3660,3660,51,48,52
3661,3661,51,48,52
3662,3662,51,48,52
3663,3663,51,48,52
3664,3664,51,48,52
3665,3665,51,48,52
3666,3666,51,48,52
3667,3667,51,48,52
3668,3668,51,48,52
3669,3669,51,48,52
3670,3670,51,48,52
3671,3671,51,48,52
3672,3672,51,48,52
3673,3673,51,48,52
3674,3674,51,48,52
3675,3675,51,48,52
3676,3676,51,48,52
3677,3677,51,48,52
3678,3678,51,48,52
3679,3679,51,48,52
3680,3680,51,48,52
3681,3681,51,48,52
3682,3682,51,48,52
3683,3683,51,48,52
3684,3684,51,48,52
3685,3685,51,48,52
3686,3686,51,48,52
3687,3687,51,48,52
3688,3688,51,48,52
3689,3689,51,48,52
3690,3690,51,48,52
3691,3691,51,48,52
3692,3692,51,48,52
3693,3693,51,48,52
3694,3694,51,48,52
3695,3695,51,48,52
3696,3696,51,48,52
3697,3697,51,48,51
3698,3698,51,48,51
3699,3699,51,49,51
3700,3700,51,49,51
3701,3701,51,49,51
3702,3702,51,49,51
3703,3703,51,49,51
3704,3704,51,49,51
3705,3705,51,49,51
3706,3706,51,49,51
3707,3707,51,49,51
3708,3708,51,49,51
3709,3709,51,49,51
3710,3710,51,49,51
3711,3711,51,49,51
3712,3712,51,49,51
3713,3713,51,49,51
3714,3714,51,49,51
3715,3715,51,49,51
3716,3716,51,49,51
3717,3717,51,49,51
3718,3718,51,49,51
3719,3719,51,49,51
3720,3720,51,49,51
3721,3721,51,49,51
3722,3722,51,49,50
3723,3723,51,49,50
3724,3724,51,49,50
3725,3725,51,49,50
3726,3726,51,49,50
3727,3727,51,49,50
3728,3728,51,49,50
3729,3729,51,49,50
3730,3730,51,49,50
3731,3731,51,49,50
3732,3732,51,49,50
3733,3733,51,49,50
3734,3734,51,49,50
3735,3735,51,49,50
3736,3736,51,49,51
3737,3737,51,49,51
3738,3738,51,49,51
3739,3739,51,49,51
3740,3740,51,49,51
3741,3741,51,49,51
3742,3742,51,49,51
3743,3743,51,49,51
3744,3744,51,49,51
3745,3745,51,49,51
3746,3746,51,49,51
3747,3747,51,49,51
3748,3748,51,49,51
3749,3749,51,49,51
3750,3750,51,48,51
3751,3751,51,48,51
3752,3752,51,48,51
3753,3753,51,48,51
3754,3754,51,48,51
3755,3755,51,48,51
3756,3756,51,48,51
3757,3757,51,48,51
3758,3758,51,48,51
3759,3759,51,48,51
3760,3760,51,48,51
3761,3761,51,48,51
3762,3762,51,48,51
3763,3763,51,48,51
3764,3764,51,48,51
3765,3765,51,48,51
3766,3766,51,48,51
3767,3767,51,48,51
3768,3768,51,48,51
3769,3769,51,48,51
3770,3770,51,48,51
3771,3771,51,48,51
3772,3772,51,49,51
3773,3773,51,49,51
3774,3774,51,49,51
3775,3775,51,49,51
3776,3776,51,49,51
3777,3777,51,49,51
3778,3778,51,49,51
3779,3779,51,49,51
3780,3780,51,49,51
3781,3781,51,49,51
3782,3782,51,49,51
3783,3783,51,49,51
3784,3784,51,49,51
3785,3785,51,49,51
3786,3786,51,49,51
3787,3787,51,49,51
3788,3788,51,49,51
3789,3789,51,49,51
3790,3790,51,49,51
3791,3791,51,49,51
3792,3792,51,49,51
3793,3793,51,49,51
3794,3794,51,49,51
3795,3795,51,49,51
3796,3796,51,49,51
3797,3797,51,49,51
3798,3798,51,49,51
3799,3799,51,49,51
3800,3800,51,49,51
3801,3801,51,49,51
3802,3802,51,49,51
3803,3803,51,48,51
3804,3804,51,48,51
3805,3805,51,48,51
3806,3806,51,48,51
3807,3807,51,48,51
3808,3808,51,48,51
3809,3809,51,48,51
3810,3810,51,48,51
3811,3811,51,48,51
3812,3812,51,48,51
3813,3813,51,48,51
3814,3814,51,48,51
3815,3815,51,48,51
3816,3816,51,48,51
3817,3817,51,48,51
3818,3818,51,48,51
3819,3819,51,48,51
3820,3820,51,48,51
3821,3821,51,48,51
3822,3822,51,48,51
3823,3823,51,48,51
3824,3824,51,48,51
3825,3825,51,48,51
3826,3826,51,47,51
3827,3827,51,47,51
3828,3828,51,47,51
3829,3829,51,47,51
3830,3830,51,47,51
3831,3831,51,47,51
3832,3832,51,47,51
3833,3833,51,46,51
3834,3834,51,46,51
3835,3835,51,46,51
3836,3836,51,46,51
3837,3837,51,46,51
3838,3838,51,46,51
3839,3839,51,46,51
3840,3840,51,46,51
3841,3841,51,46,51
3842,3842,51,46,51
3843,3843,51,46,51
3844,3844,51,47,51
3845,3845,51,47,51
3846,3846,51,47,51
3847,3847,51,47,51
3848,3848,51,47,51
3849,3849,52,47,51
3850,3850,52,47,50
3851,3851,52,47,50
3852,3852,52,47,50
3853,3853,52,47,50
3854,3854,52,47,50
3855,3855,52,47,50
3856,3856,53,47,50
3857,3857,53,47,50
3858,3858,53,47,50
3859,3859,53,47,50
3860,3860,53,47,50
3861,3861,53,47,50
3862,3862,53,47,50
3863,3863,53,47,50
3864,3864,53,47,50
3865,3865,53,47,50
3866,3866,53,47,50
3867,3867,53,47,50
3868,3868,53,47,50
3869,3869,52,47,50
3870,3870,51,47,50
3871,3871,51,47,50
3872,3872,51,47,50
3873,3873,51,47,50
3874,3874,51,47,50
3875,3875,51,47,50
3876,3876,51,47,50
3877,3877,51,47,50
3878,3878,51,47,50
3879,3879,51,47,50
3880,3880,51,47,50
3881,3881,51,47,50
3882,3882,51,47,50
3883,3883,51,47,50
3884,3884,51,47,50
3885,3885,51,47,50
3886,3886,51,47,50
3887,3887,51,47,50
3888,3888,51,47,50
3889,3889,51,48,50
3890,3890,51,48,50
3891,3891,51,48,50
3892,3892,51,48,50
3893,3893,51,48,50
3894,3894,51,48,50
3895,3895,51,48,50
3896,3896,51,48,50
3897,3897,51,48,50
3898,3898,51,48,50
3899,3899,51,48,50
3900,3900,51,48,49
3901,3901,51,48,49
3902,3902,51,48,49
3903,3903,51,48,49
3904,3904,51,48,49
3905,3905,50,48,49
3906,3906,50,48,49
3907,3907,50,48,49
3908,3908,50,48,49
3909,3909,50,48,49
3910,3910,50,48,49
3911,3911,50,48,49
3912,3912,50,48,49
3913,3913,50,48,49
3914,3914,50,48,49
3915,3915,50,48,49
3916,3916,50,48,49
3917,3917,50,48,49
3918,3918,50,48,49
3919,3919,50,48,49
3920,3920,49,48,49
3921,3921,49,48,49
3922,3922,49,48,49
3923,3923,49,48,49
3924,3924,49,48,49
3925,3925,49,48,49
3926,3926,49,48,49
3927,3927,49,49,49
3928,3928,49,49,49
3929,3929,49,49,49
3930,3930,49,49,49
3931,3931,49,49,49
3932,3932,49,49,49
3933,3933,49,49,49
3934,3934,49,49,49
3935,3935,49,49,49
3936,3936,49,49,49
3937,3937,49,49,49
3938,3938,49,49,49
3939,3939,49,49,49
3940,3940,49,49,49
3941,3941,49,49,49
3942,3942,49,49,49
3943,3943,48,49,49
3944,3944,48,49,49
3945,3945,48,49,49
3946,3946,49,49,49
3947,3947,49,49,49
3948,3948,49,49,49
3949,3949,49,49,49
3950,3950,49,49,49
3951,3951,49,49,49
3952,3952,49,49,49
3953,3953,49,49,49
3954,3954,49,49,49
3955,3955,49,49,49
3956,3956,49,49,49
3957,3957,49,49,49
3958,3958,49,49,49
3959,3959,50,49,49
3960,3960,50,49,49
3961,3961,50,49,49
3962,3962,50,49,49
3963,3963,50,49,49
3964,3964,50,49,49
3965,3965,50,49,49
3966,3966,51,49,49
3967,3967,51,49,49
3968,3968,51,49,49
3969,3969,51,49,49
3970,3970,51,49,49
3971,3971,51,49,49
3972,3972,51,49,49
3973,3973,51,49,49
3974,3974,51,49,49
3975,3975,51,49,49
3976,3976,51,49,49
3977,3977,51,49,49
3978,3978,51,49,49
3979,3979,51,50,49
3980,3980,51,50,50
3981,3981,51,50,50
3982,3982,51,50,50
3983,3983,51,50,50
3984,3984,51,50,50
3985,3985,51,50,50
3986,3986,51,50,50
3987,3987,51,50,50
3988,3988,51,50,50
3989,3989,51,50,50
3990,3990,51,50,50
3991,3991,51,50,50
3992,3992,51,50,50
3993,3993,51,50,50
3994,3994,51,50,50
3995,3995,51,50,50
3996,3996,51,50,50
3997,3997,51,50,50
3998,3998,51,50,50
3999,3999,51,50,50
4000,4000,51,50,50
4001,4001,51,50,50
4002,4002,51,50,50
4003,4003,51,50,50
4004,4004,51,50,49
4005,4005,51,50,49
4006,4006,51,50,49
4007,4007,51,50,49
4008,4008,51,50,49
4009,4009,51,50,49
4010,4010,51,50,49
4011,4011,51,51,49
4012,4012,51,51,49
4013,4013,51,51,49
4014,4014,51,51,49
4015,4015,51,51,49
4016,4016,51,51,49
4017,4017,51,51,49
4018,4018,51,51,49
4019,4019,51,51,49
4020,4020,51,51,49
4021,4021,51,51,49
4022,4022,51,51,49
4023,4023,51,51,49
4024,4024,51,51,49
4025,4025,51,51,49
4026,4026,51,51,49
4027,4027,51,51,49
4028,4028,50,51,49
4029,4029,50,51,49
4030,4030,49,51,49
4031,4031,49,51,49
4032,4032,49,51,49
4033,4033,49,51,49
4034,4034,49,51,49
4035,4035,49,51,49
4036,4036,49,51,49
4037,4037,49,51,49
4038,4038,49,51,49
4039,4039,49,51,49
4040,4040,49,51,49
4041,4041,49,51,49
4042,4042,49,51,49
4043,4043,49,51,49
4044,4044,49,51,49
4045,4045,49,51,49
4046,4046,49,51,49
4047,4047,49,51,49
4048,4048,48,51,49
4049,4049,48,51,49
4050,4050,48,51,49
4051,4051,48,51,49
4052,4052,48,52,49
4053,4053,48,52,49
4054,4054,48,52,49
4055,4055,48,52,49
4056,4056,47,53,49
4057,4057,47,53,49
4058,4058,47,53,49
4059,4059,47,53,49
4060,4060,47,53,49
4061,4061,47,53,49
4062,4062,47,53,49
4063,4063,47,53,49
4064,4064,47,53,49
4065,4065,47,53,49
4066,4066,47,53,49
4067,4067,47,53,49
4068,4068,47,53,49
4069,4069,47,53,49
4070,4070,47,53,49
4071,4071,47,53,49
4072,4072,47,53,49
4073,4073,47,53,49
4074,4074,47,53,49
4075,4075,47,53,49
4076,4076,47,53,49
4077,4077,47,53,49
4078,4078,47,53,49
4079,4079,47,53,49
4080,4080,47,53,49
4081,4081,47,53,49
4082,4082,47,53,49
4083,4083,47,53,49
4084,4084,47,53,49
4085,4085,47,53,49
4086,4086,47,53,49
4087,4087,47,53,49
4088,4088,47,53,49
4089,4089,47,53,50
4090,4090,47,53,50
4091,4091,47,53,50
4092,4092,47,53,50
4093,4093,47,53,50
4094,4094,47,53,50
4095,4095,47,53,50
4096,4096,47,53,50
4097,4097,47,53,50
4098,4098,47,53,50
4099,4099,47,54,50
4100,4100,47,54,50
4101,4101,47,54,50
4102,4102,47,54,50
4103,4103,47,54,50
4104,4104,47,54,50
4105,4105,47,54,50
4106,4106,47,54,50
4107,4107,47,54,51
4108,4108,47,54,51
4109,4109,47,54,51
4110,4110,47,54,51
4111,4111,47,54,51
4112,4112,47,54,51
4113,4113,47,54,51
4114,4114,47,54,51
4115,4115,47,54,50
4116,4116,47,54,50
4117,4117,48,54,50
4118,4118,48,54,50
4119,4119,48,54,50
4120,4120,48,54,50
4121,4121,48,54,50
4122,4122,48,54,50
4123,4123,48,54,50
4124,4124,48,54,50
4125,4125,48,54,50
4126,4126,48,54,50
4127,4127,48,54,50
4128,4128,48,54,50
4129,4129,48,54,50
4130,4130,48,54,50
4131,4131,48,54,50
4132,4132,48,54,50
4133,4133,48,54,50
4134,4134,48,54,50
4135,4135,48,54,50
4136,4136,48,54,50
4137,4137,48,54,50
4138,4138,48,54,50
4139,4139,48,54,50
4140,4140,48,54,50
4141,4141,48,54,50
4142,4142,49,54,50
4143,4143,49,54,50
4144,4144,49,54,50
4145,4145,49,54,50
4146,4146,49,54,50
4147,4147,49,54,50
4148,4148,49,54,50
4149,4149,49,54,50
4150,4150,49,54,50
4151,4151,49,54,50
4152,4152,49,54,50
4153,4153,49,54,50
4154,4154,49,53,50
4155,4155,49,53,50
4156,4156,49,53,50
4157,4157,49,53,50
4158,4158,49,53,50
4159,4159,50,53,50
4160,4160,50,53,50
4161,4161,50,53,50
4162,4162,50,53,50
4163,4163,50,53,50
4164,4164,50,53,50
4165,4165,50,53,50
4166,4166,50,53,50
4167,4167,50,53,50
4168,4168,50,53,50
4169,4169,50,53,50
4170,4170,50,53,50
4171,4171,50,53,50
4172,4172,50,53,51
4173,4173,50,53,51
4174,4174,50,53,51
4175,4175,50,53,51
4176,4176,50,53,51
4177,4177,50,53,51
4178,4178,50,53,51
4179,4179,50,53,51
4180,4180,50,52,51
4181,4181,50,52,51
4182,4182,50,52,51
4183,4183,50,52,51
4184,4184,50,52,51
4185,4185,50,52,51
4186,4186,50,52,51
4187,4187,50,52,51
4188,4188,50,52,51
4189,4189,50,52,51
4190,4190,50,52,51
4191,4191,50,52,51
4192,4192,50,53,51
4193,4193,50,53,51
4194,4194,50,53,51
4195,4195,50,52,51
4196,4196,50,52,50
4197,4197,50,52,50
4198,4198,50,52,50
4199,4199,50,52,50
4200,4200,50,52,50
4201,4201,51,52,50
4202,4202,51,52,50
4203,4203,51,52,49
4204,4204,51,52,49
4205,4205,51,52,49
4206,4206,51,52,49
4207,4207,51,51,49
4208,4208,51,51,49
4209,4209,51,51,49
4210,4210,51,51,49
4211,4211,51,51,49
4212,4212,51,51,49
4213,4213,51,51,49
4214,4214,51,51,49
4215,4215,51,51,49
4216,4216,52,51,49
4217,4217,52,51,49
4218,4218,52,51,49
4219,4219,52,51,49
4220,4220,52,51,49
4221,4221,52,51,49
4222,4222,52,51,49
4223,4223,52,51,49
4224,4224,52,51,49
4225,4225,52,51,49
4226,4226,52,51,49
4227,4227,52,51,49
4228,4228,52,51,49
4229,4229,52,51,49
4230,4230,52,51,49
4231,4231,52,51,49
4232,4232,52,51,49
4233,4233,52,51,49
4234,4234,52,51,49
4235,4235,52,51,49
4236,4236,52,51,49
4237,4237,52,51,49
4238,4238,52,51,49
4239,4239,52,51,49
4240,4240,52,51,48
4241,4241,52,51,48
4242,4242,52,51,48
4243,4243,52,51,48
4244,4244,52,51,48
4245,4245,52,51,48
4246,4246,52,51,48
4247,4247,52,51,48
4248,4248,52,51,48
4249,4249,52,51,48
4250,4250,52,51,48
4251,4251,52,51,48
4252,4252,52,51,48
4253,4253,52,51,48
4254,4254,52,51,48
4255,4255,52,51,48
4256,4256,52,51,48
4257,4257,52,51,48
4258,4258,52,51,48
4259,4259,52,52,48
4260,4260,51,52,48
4261,4261,51,52,48
4262,4262,51,52,48
4263,4263,51,52,48
4264,4264,51,52,48
4265,4265,51,52,48
4266,4266,51,52,48
4267,4267,51,52,48
4268,4268,51,52,48
4269,4269,51,52,48
4270,4270,51,52,48
4271,4271,51,53,48
4272,4272,51,54,48
4273,4273,51,54,48
4274,4274,51,54,48
4275,4275,51,54,48
4276,4276,51,54,48
4277,4277,51,53,48
4278,4278,51,53,48
4279,4279,51,53,48
4280,4280,51,53,48
4281,4281,51,53,48
4282,4282,51,53,48
4283,4283,51,53,48
4284,4284,51,53,48
4285,4285,51,52,48
4286,4286,51,52,48
4287,4287,51,52,48
4288,4288,50,52,48
4289,4289,50,52,48
4290,4290,50,52,48
4291,4291,50,52,49
4292,4292,50,52,49
4293,4293,50,52,49
4294,4294,50,52,49
4295,4295,50,52,49
4296,4296,50,52,49
4297,4297,50,52,49
4298,4298,50,52,49
4299,4299,50,52,49
4300,4300,50,52,49
4301,4301,50,52,49
4302,4302,50,52,49
4303,4303,50,52,49
4304,4304,50,52,49
4305,4305,50,52,49
4306,4306,50,52,49
4307,4307,50,52,49
4308,4308,50,52,49
4309,4309,50,52,49
4310,4310,50,52,49
4311,4311,50,52,49
4312,4312,50,52,49
4313,4313,50,52,49
4314,4314,50,52,49
4315,4315,50,52,49
4316,4316,50,52,49
4317,4317,50,52,49
4318,4318,50,52,49
4319,4319,50,52,49
4320,4320,50,51,49
4321,4321,50,51,49
4322,4322,50,51,49
4323,4323,50,51,49
4324,4324,50,51,49
4325,4325,50,51,49
4326,4326,50,51,49
4327,4327,50,51,49
4328,4328,49,51,49
4329,4329,49,51,49
4330,4330,49,51,49
4331,4331,49,51,49
4332,4332,49,51,49
4333,4333,49,51,49
4334,4334,49,51,49
4335,4335,49,51,49
4336,4336,49,51,49
4337,4337,49,51,49
4338,4338,49,51,49
4339,4339,49,51,49
4340,4340,49,51,49
4341,4341,49,51,49
4342,4342,49,51,49
4343,4343,49,51,49
4344,4344,49,51,49
4345,4345,49,51,49
4346,4346,49,51,49
4347,4347,49,51,49
4348,4348,49,51,49
4349,4349,49,51,49
4350,4350,49,51,49
4351,4351,49,51,49
4352,4352,49,51,49
4353,4353,49,51,49
4354,4354,49,51,49
4355,4355,49,51,49
4356,4356,49,51,49
4357,4357,49,51,50
4358,4358,49,51,50
4359,4359,49,51,50
4360,4360,49,51,50
4361,4361,49,51,50
4362,4362,49,51,50
4363,4363,49,51,50
4364,4364,49,51,50
4365,4365,49,51,50
4366,4366,49,51,50
4367,4367,49,51,50
4368,4368,49,51,50
4369,4369,49,51,50
4370,4370,49,51,50
4371,4371,49,51,50
4372,4372,49,51,51
4373,4373,49,51,51
4374,4374,49,51,51
4375,4375,49,51,51
4376,4376,49,51,51
4377,4377,49,51,51
4378,4378,49,51,51
4379,4379,49,51,51
4380,4380,49,51,51
4381,4381,49,51,51
4382,4382,49,51,51
4383,4383,49,51,51
4384,4384,49,51,51
4385,4385,49,51,51
4386,4386,49,51,51
4387,4387,49,51,51
4388,4388,49,51,51
4389,4389,49,51,51
4390,4390,49,51,51
4391,4391,49,51,51
4392,4392,49,51,51
4393,4393,49,51,51
4394,4394,49,51,51
4395,4395,49,51,51
4396,4396,49,51,51
4397,4397,49,51,51
4398,4398,49,51,51
4399,4399,49,51,51
4400,4400,49,51,51
4401,4401,49,51,51
4402,4402,49,51,51
4403,4403,49,51,51
4404,4404,49,51,51
4405,4405,49,51,51
4406,4406,49,51,51
4407,4407,49,51,51
4408,4408,49,51,51
4409,4409,49,51,51
4410,4410,49,51,51
4411,4411,49,51,51
4412,4412,49,51,51
4413,4413,49,51,51
4414,4414,49,51,51
4415,4415,49,51,51
4416,4416,49,51,51
4417,4417,49,51,51
4418,4418,49,51,51
4419,4419,49,51,51
4420,4420,49,50,51
4421,4421,49,50,51
4422,4422,49,50,51
4423,4423,49,50,51
4424,4424,49,50,51
4425,4425,49,50,51
4426,4426,49,50,51
4427,4427,49,50,51
4428,4428,49,50,51
4429,4429,49,50,51
4430,4430,49,50,51
4431,4431,49,50,52
4432,4432,49,50,52
4433,4433,49,51,52
4434,4434,49,51,52
4435,4435,49,51,52
4436,4436,49,51,52
4437,4437,49,51,52
4438,4438,49,51,52
4439,4439,49,51,52
4440,4440,49,51,52
4441,4441,49,51,53
4442,4442,49,50,53
4443,4443,49,50,53
4444,4444,49,50,53
4445,4445,49,50,53
4446,4446,49,50,53
4447,4447,49,50,53
4448,4448,49,50,53
4449,4449,49,50,53
4450,4450,49,50,53
4451,4451,49,50,53
4452,4452,49,50,53
4453,4453,49,50,53
4454,4454,49,50,53
4455,4455,49,50,53
4456,4456,49,50,53
4457,4457,49,50,53
4458,4458,49,50,53
4459,4459,49,50,53
4460,4460,49,50,53
4461,4461,49,50,53
4462,4462,49,50,53
4463,4463,49,50,53
4464,4464,49,50,53
4465,4465,49,50,53
4466,4466,49,50,53
4467,4467,49,51,53
4468,4468,49,51,53
4469,4469,49,51,53
4470,4470,49,51,53
4471,4471,49,51,52
4472,4472,49,51,52
4473,4473,49,51,52
4474,4474,49,51,52
4475,4475,49,51,52
4476,4476,49,51,52
4477,4477,49,51,52
4478,4478,49,50,52
4479,4479,49,50,52
4480,4480,49,50,52
4481,4481,49,50,52
4482,4482,49,50,52
4483,4483,49,50,52
4484,4484,49,50,52
4485,4485,49,50,52
4486,4486,49,50,52
4487,4487,49,50,52
4488,4488,49,50,52
4489,4489,49,50,52
4490,4490,49,50,51
4491,4491,49,50,51
4492,4492,49,50,51
4493,4493,49,50,51
4494,4494,49,50,51
4495,4495,49,50,51
4496,4496,49,50,51
4497,4497,49,50,51
4498,4498,49,50,51
4499,4499,49,50,51
4500,4500,49,50,51
4501,4501,49,50,51
4502,4502,49,50,51
4503,4503,49,50,51
4504,4504,50,50,51
4505,4505,50,50,51
4506,4506,50,50,51
4507,4507,50,50,51
4508,4508,50,50,51
4509,4509,50,50,51
4510,4510,50,50,51
4511,4511,50,50,51
4512,4512,50,50,51
4513,4513,50,50,51
4514,4514,50,50,51
4515,4515,50,50,51
4516,4516,50,50,51
4517,4517,50,50,51
4518,4518,50,50,51
4519,4519,50,50,51
4520,4520,50,50,51
4521,4521,50,50,51
4522,4522,50,50,51
4523,4523,50,50,51
4524,4524,50,50,51
4525,4525,50,50,51
4526,4526,51,50,51
4527,4527,51,50,51
4528,4528,51,50,51
4529,4529,51,50,51
4530,4530,51,49,51
4531,4531,51,49,51
4532,4532,51,49,51
4533,4533,51,49,51
4534,4534,51,49,51
4535,4535,51,49,51
4536,4536,51,49,51
4537,4537,51,49,51
4538,4538,51,49,51
4539,4539,51,49,51
4540,4540,51,49,51
4541,4541,51,49,51
4542,4542,51,49,51
4543,4543,51,49,51
4544,4544,51,49,51
4545,4545,50,49,51
4546,4546,50,49,51
4547,4547,50,49,51
4548,4548,50,49,51
4549,4549,50,49,51
4550,4550,50,49,51
4551,4551,50,49,51
4552,4552,50,49,51
4553,4553,50,49,51
4554,4554,50,49,51
4555,4555,50,49,51
4556,4556,50,49,51
4557,4557,50,49,51
4558,4558,50,49,51
4559,4559,50,49,51
4560,4560,50,49,50
4561,4561,50,49,50
4562,4562,50,49,50
4563,4563,50,49,49
4564,4564,50,49,49
4565,4565,50,49,49
4566,4566,50,49,49
4567,4567,50,49,49
4568,4568,50,49,49
4569,4569,50,49,49
4570,4570,50,48,49
4571,4571,50,48,49
4572,4572,50,49,48
4573,4573,50,49,48
4574,4574,50,49,48
4575,4575,50,49,48
4576,4576,50,49,48
4577,4577,50,49,48
4578,4578,50,49,48
4579,4579,50,49,48
4580,4580,50,49,48
4581,4581,50,49,48
4582,4582,50,49,48
4583,4583,49,49,48
4584,4584,49,49,48
4585,4585,49,49,47
4586,4586,49,49,47
4587,4587,49,49,47
4588,4588,49,49,47
4589,4589,49,49,47
4590,4590,49,49,47
4591,4591,49,49,47
4592,4592,49,49,47
4593,4593,49,49,47
4594,4594,49,49,47
4595,4595,49,48,47
4596,4596,49,48,47
4597,4597,49,48,47
4598,4598,49,48,47
4599,4599,49,48,47
4600,4600,49,48,47
4601,4601,49,48,48
4602,4602,49,48,48
4603,4603,49,48,48
4604,4604,49,48,48
4605,4605,49,48,48
4606,4606,49,48,48
4607,4607,49,47,48
4608,4608,49,47,48
4609,4609,49,47,48
4610,4610,49,47,48
4611,4611,49,47,48
4612,4612,49,47,48
4613,4613,49,47,48
4614,4614,49,47,48
4615,4615,49,47,48
4616,4616,49,47,48
4617,4617,49,47,48
4618,4618,49,47,48
4619,4619,49,47,48
4620,4620,50,47,48
4621,4621,50,47,48
4622,4622,50,47,48
4623,4623,50,47,48
4624,4624,50,47,48
4625,4625,50,47,48
4626,4626,50,47,48
4627,4627,50,47,48
4628,4628,50,47,48
4629,4629,50,48,48
4630,4630,50,48,48
4631,4631,50,48,48
4632,4632,50,48,48
4633,4633,50,48,48
4634,4634,50,48,48
4635,4635,50,48,48
4636,4636,50,48,48
4637,4637,50,48,48
4638,4638,50,48,48
4639,4639,50,48,48
4640,4640,50,48,48
4641,4641,50,48,48
4642,4642,50,48,48
4643,4643,50,48,48
4644,4644,50,48,48
4645,4645,50,48,48
4646,4646,50,48,48
4647,4647,50,48,48
4648,4648,50,48,48
4649,4649,50,48,48
4650,4650,50,48,48
4651,4651,50,48,48
4652,4652,50,48,48
4653,4653,50,48,48
4654,4654,50,49,48
4655,4655,50,49,48
4656,4656,50,49,48
4657,4657,50,49,48
4658,4658,50,49,48
4659,4659,50,49,48
4660,4660,50,49,48
4661,4661,50,49,48
4662,4662,50,49,48
4663,4663,50,49,48
4664,4664,50,49,48
4665,4665,50,49,48
4666,4666,50,49,48
4667,4667,50,49,48
4668,4668,50,49,48
4669,4669,50,49,48
4670,4670,49,49,48
4671,4671,49,49,48
4672,4672,49,49,48
4673,4673,49,49,48
4674,4674,49,49,48
4675,4675,48,49,48
4676,4676,48,49,48
4677,4677,48,49,48
4678,4678,48,49,49
4679,4679,48,49,49
4680,4680,48,49,49
4681,4681,48,49,49
4682,4682,48,49,49
4683,4683,48,49,49
4684,4684,48,49,49
4685,4685,48,49,49
4686,4686,48,49,49
4687,4687,48,49,49
4688,4688,48,49,50
4689,4689,48,49,50
4690,4690,48,49,50
4691,4691,48,49,50
4692,4692,48,49,50
4693,4693,48,49,50
4694,4694,48,49,50
4695,4695,48,49,50
4696,4696,48,49,50
4697,4697,48,49,50
4698,4698,48,49,50
4699,4699,48,49,50
4700,4700,48,49,50
4701,4701,48,49,51
4702,4702,48,49,51
4703,4703,48,49,51
4704,4704,48,49,51
4705,4705,48,49,51
4706,4706,48,49,51
4707,4707,49,49,51
4708,4708,49,49,51
4709,4709,49,49,51
4710,4710,49,49,51
4711,4711,49,49,51
4712,4712,49,49,51
4713,4713,49,49,51
4714,4714,49,49,51
4715,4715,49,49,51
4716,4716,49,49,51
4717,4717,49,49,51
4718,4718,49,49,51
4719,4719,49,49,51
4720,4720,49,48,50
4721,4721,49,48,50
4722,4722,49,48,50
4723,4723,49,48,49
4724,4724,49,48,49
4725,4725,49,48,49
4726,4726,49,48,49
4727,4727,49,48,49
4728,4728,49,48,49
4729,4729,49,48,49
4730,4730,49,48,49
4731,4731,49,48,49
4732,4732,49,48,49
4733,4733,49,48,49
4734,4734,49,48,49
4735,4735,49,48,49
4736,4736,49,48,49
4737,4737,49,48,49
4738,4738,49,48,49
4739,4739,49,48,49
4740,4740,49,48,49
4741,4741,49,48,49
4742,4742,49,48,49
4743,4743,49,48,49
4744,4744,49,48,49
4745,4745,49,48,49
4746,4746,49,48,49
4747,4747,49,48,49
4748,4748,49,48,49
4749,4749,49,48,49
4750,4750,49,48,49
4751,4751,49,48,49
4752,4752,49,48,49
4753,4753,49,48,49
4754,4754,49,48,49
4755,4755,49,48,49
4756,4756,49,48,49
4757,4757,49,48,49
4758,4758,49,48,49
4759,4759,49,48,49
4760,4760,49,47,50
4761,4761,49,47,50
4762,4762,49,47,50
4763,4763,49,47,50
4764,4764,49,47,50
4765,4765,49,47,50
4766,4766,48,47,50
4767,4767,48,47,50
4768,4768,48,47,50
4769,4769,48,47,50
4770,4770,48,47,50
4771,4771,48,47,51
4772,4772,48,47,51
4773,4773,48,47,51
4774,4774,48,47,51
4775,4775,48,47,51
4776,4776,48,47,51
4777,4777,48,47,51
4778,4778,48,47,51
4779,4779,48,47,51
4780,4780,48,47,51
4781,4781,48,47,51
4782,4782,48,47,51
4783,4783,48,47,51
4784,4784,48,47,51
4785,4785,48,47,51
4786,4786,48,47,51
4787,4787,48,47,51
4788,4788,48,47,51
4789,4789,48,47,51
4790,4790,48,47,51
4791,4791,48,47,51
4792,4792,48,47,51
4793,4793,48,47,51
4794,4794,48,47,51
4795,4795,48,47,51
4796,4796,49,47,51
4797,4797,49,47,51
4798,4798,49,47,51
4799,4799,49,47,51
4800,4800,49,47,51
4801,4801,49,47,51
4802,4802,49,47,51
4803,4803,49,47,51
4804,4804,49,47,51
4805,4805,49,47,51
4806,4806,49,47,51
4807,4807,49,47,51
4808,4808,49,47,51
4809,4809,49,47,51
4810,4810,49,47,51
4811,4811,49,47,51
4812,4812,49,47,51
4813,4813,49,47,51
4814,4814,49,47,51
4815,4815,49,47,51
4816,4816,49,47,51
4817,4817,49,47,51
4818,4818,49,47,51
4819,4819,50,47,51
4820,4820,50,47,51
4821,4821,50,47,51
4822,4822,50,47,51
4823,4823,50,47,51
4824,4824,50,47,51
4825,4825,50,47,51
4826,4826,50,47,51
4827,4827,50,47,51
4828,4828,50,47,51
4829,4829,50,47,51
4830,4830,50,47,51
4831,4831,50,47,51
4832,4832,50,47,51
4833,4833,50,47,51
4834,4834,50,47,51
4835,4835,50,47,51
4836,4836,50,47,51
4837,4837,50,47,51
4838,4838,50,47,51
4839,4839,50,47,51
4840,4840,50,47,51
4841,4841,50,47,51
4842,4842,50,47,51
4843,4843,50,47,51
4844,4844,50,47,51
4845,4845,50,47,51
4846,4846,50,47,51
4847,4847,50,47,51
4848,4848,50,47,51
4849,4849,50,48,51
4850,4850,50,48,51
4851,4851,50,48,51
4852,4852,50,48,51
4853,4853,50,48,51
4854,4854,50,49,51
4855,4855,50,49,51
4856,4856,50,49,51
4857,4857,50,49,51
4858,4858,50,49,51
4859,4859,50,49,51
4860,4860,50,49,51
4861,4861,50,49,51
4862,4862,50,49,51
4863,4863,50,49,51
4864,4864,50,49,51
4865,4865,50,49,51
4866,4866,50,49,51
4867,4867,50,49,51
4868,4868,50,49,51
4869,4869,50,49,51
4870,4870,50,49,51
4871,4871,50,49,51
4872,4872,50,50,51
4873,4873,50,50,51
4874,4874,50,50,51
4875,4875,50,50,51
4876,4876,50,50,51
4877,4877,50,50,51
4878,4878,50,50,51
4879,4879,50,50,51
4880,4880,50,50,51
4881,4881,50,50,51
4882,4882,50,50,51
4883,4883,50,50,51
4884,4884,50,50,51
4885,4885,50,50,51
4886,4886,50,50,51
4887,4887,50,50,51
4888,4888,50,50,51
4889,4889,50,50,51
4890,4890,50,50,51
4891,4891,50,50,51
4892,4892,50,50,51
4893,4893,50,50,51
4894,4894,50,50,51
4895,4895,50,50,51
4896,4896,50,50,51
4897,4897,50,50,51
4898,4898,51,50,51
4899,4899,51,50,51
4900,4900,51,50,51
4901,4901,51,50,52
4902,4902,51,50,52
4903,4903,51,50,52
4904,4904,51,50,52
4905,4905,51,50,52
4906,4906,52,50,52
4907,4907,52,50,51
4908,4908,52,50,51
4909,4909,53,50,51
4910,4910,53,50,51
4911,4911,53,50,51
4912,4912,53,50,51
4913,4913,53,50,51
4914,4914,53,50,51
4915,4915,53,50,51
4916,4916,53,50,51
4917,4917,53,50,51
4918,4918,53,50,51
4919,4919,53,50,51
4920,4920,53,50,51
4921,4921,53,50,51
4922,4922,53,50,51
4923,4923,53,50,51
4924,4924,53,50,51
4925,4925,53,50,51
4926,4926,53,50,51
4927,4927,53,50,51
4928,4928,53,51,51
4929,4929,53,51,51
4930,4930,52,51,51
4931,4931,52,51,51
4932,4932,52,51,51
4933,4933,52,51,51
4934,4934,52,51,51
4935,4935,52,51,51
4936,4936,52,51,51
4937,4937,52,51,51
4938,4938,52,51,52
4939,4939,52,51,52
4940,4940,52,51,52
4941,4941,52,51,52
4942,4942,52,51,52
4943,4943,52,51,52
4944,4944,52,51,52
4945,4945,52,51,52
4946,4946,52,51,52
4947,4947,52,51,52
4948,4948,52,51,51
4949,4949,52,51,51
4950,4950,52,51,51
4951,4951,52,51,51
4952,4952,52,51,51
4953,4953,52,51,51
4954,4954,52,51,51
4955,4955,52,51,51
4956,4956,52,51,51
4957,4957,52,51,51
4958,4958,52,51,51
4959,4959,52,51,51
4960,4960,52,51,51
4961,4961,52,51,51
4962,4962,52,51,51
4963,4963,52,51,51
4964,4964,52,51,51
4965,4965,52,51,51
4966,4966,52,51,51
4967,4967,52,51,51
4968,4968,52,51,51
4969,4969,52,51,51
4970,4970,52,51,51
4971,4971,52,51,51
4972,4972,52,51,51
4973,4973,52,51,51
4974,4974,52,51,51
4975,4975,52,51,51
4976,4976,52,51,51
4977,4977,52,51,51
4978,4978,52,51,51
4979,4979,52,51,51
4980,4980,52,51,51
4981,4981,52,51,51
4982,4982,52,51,51
4983,4983,52,51,51
4984,4984,52,51,51
4985,4985,52,51,51
4986,4986,51,51,51
4987,4987,51,51,51
4988,4988,51,51,51
4989,4989,51,52,51
4990,4990,51,53,51
4991,4991,51,53,51
4992,4992,51,53,51
4993,4993,51,53,50
4994,4994,51,53,50
4995,4995,51,53,50
4996,4996,51,53,50
4997,4997,51,53,50
4998,4998,51,53,50
4999,4999,51,53,50
5000,5000,51,53,50
