,cycle,season (num),population_active__t1,population_passive__t1,population_total__t1,population_active__t2,population_passive__t2,population_total__t2,population_active__t3,population_passive__t3,population_total__t3
0,0,0,1,1,2,1,1,2,1,1,2
1,1,0,1,1,2,1,1,2,1,1,2
2,2,1,1,1,2,1,1,2,1,1,2
3,3,2,1,1,2,1,1,2,1,1,2
4,4,3,1,1,2,1,1,2,1,1,2
5,5,4,1,1,2,1,1,2,1,1,2
6,6,5,1,1,2,1,1,2,1,1,2
7,7,6,1,1,2,1,1,2,1,1,2
8,8,7,1,1,2,1,1,2,1,1,2
9,9,8,1,1,2,1,1,2,1,1,2
10,10,9,1,1,2,1,1,2,1,1,2
11,11,10,1,1,2,1,1,2,1,1,2
12,12,11,1,1,2,1,1,2,1,1,2
13,13,12,1,1,2,1,1,2,1,1,2
14,14,13,1,1,2,1,1,2,1,1,2
15,15,14,1,1,2,1,1,2,1,1,2
16,16,15,1,1,2,1,1,2,1,1,2
17,17,16,1,1,2,1,1,2,1,1,2
18,18,17,1,1,2,1,1,2,1,1,2
19,19,18,1,1,2,1,1,2,1,1,2
20,20,19,1,1,2,1,1,2,1,1,2
21,21,20,1,1,2,1,1,2,1,1,2
22,22,21,1,1,2,1,1,2,1,1,2
23,23,22,1,1,2,1,1,2,1,1,2
24,24,23,1,1,2,1,1,2,1,1,2
25,25,24,1,1,2,1,1,2,1,1,2
26,26,25,1,1,2,1,1,2,1,1,2
27,27,26,1,1,2,1,1,2,1,1,2
28,28,27,1,1,2,1,1,2,1,1,2
29,29,28,1,1,2,1,1,2,1,1,2
30,30,29,1,1,2,1,1,2,1,1,2
31,31,30,1,1,2,1,1,2,1,1,2
32,32,31,1,1,2,1,1,2,1,1,2
33,33,32,1,1,2,1,1,2,1,1,2
34,34,33,1,1,2,1,1,2,1,1,2
35,35,34,1,1,2,1,1,2,1,1,2
36,36,35,1,1,2,1,1,2,1,1,2
37,37,36,1,1,2,1,1,2,1,1,2
38,38,37,1,1,2,1,1,2,1,1,2
39,39,38,1,1,2,1,1,2,1,1,2
40,40,39,1,1,2,1,1,2,1,1,2
41,41,40,1,1,2,1,1,2,1,1,2
42,42,41,1,1,2,1,1,2,1,1,2
43,43,42,1,1,2,1,1,2,1,1,2
44,44,43,1,1,2,1,1,2,1,1,2
45,45,44,1,1,2,1,1,2,1,1,2
46,46,45,1,1,2,1,1,2,1,1,2
47,47,46,1,1,2,1,1,2,1,1,2
48,48,47,1,1,2,1,1,2,1,1,2
49,49,48,1,1,2,1,1,2,1,1,2
50,50,49,1,1,2,1,1,2,1,1,2
51,51,50,1,1,2,1,1,2,1,1,2
52,52,51,1,1,2,1,1,2,1,1,2
53,53,52,1,1,2,1,1,2,1,1,2
54,54,53,1,1,2,1,1,2,1,1,2
55,55,54,1,1,2,1,1,2,1,1,2
56,56,55,1,1,2,1,1,2,1,1,2
57,57,56,1,1,2,1,1,2,1,1,2
58,58,57,1,1,2,1,1,2,1,1,2
59,59,58,1,1,2,1,1,2,1,1,2
60,60,59,1,1,2,1,1,2,1,1,2
61,61,60,1,1,2,1,1,2,1,1,2
62,62,61,1,1,2,1,1,2,1,1,2
63,63,62,1,1,2,1,1,2,1,1,2
64,64,63,1,1,2,1,1,2,1,1,2
65,65,64,1,1,2,1,1,2,1,1,2
66,66,65,1,1,2,1,1,2,1,1,2
67,67,66,1,1,2,1,1,2,1,1,2
68,68,67,1,1,2,1,1,2,1,1,2
69,69,68,1,1,2,1,1,2,1,1,2
70,70,69,1,1,2,1,1,2,1,1,2
71,71,70,1,1,2,1,1,2,1,1,2
72,72,71,1,1,2,1,1,2,1,1,2
73,73,72,1,1,2,1,1,2,1,1,2
74,74,73,1,1,2,1,1,2,1,1,2
75,75,74,1,1,2,1,1,2,1,1,2
76,76,75,1,1,2,1,1,2,1,1,2
77,77,76,1,1,2,1,1,2,1,1,2
78,78,77,1,1,2,1,1,2,1,1,2
79,79,78,1,1,2,1,1,2,1,1,2
80,80,79,1,1,2,1,1,2,1,1,2
81,81,80,1,1,2,1,1,2,1,1,2
82,82,81,1,1,2,1,1,2,1,1,2
83,83,82,1,1,2,1,1,2,1,1,2
84,84,83,1,1,2,1,1,2,1,1,2
85,85,84,1,1,2,1,1,2,1,1,2
86,86,85,1,1,2,1,1,2,1,1,2
87,87,86,1,1,2,1,1,2,1,1,2
88,88,87,1,1,2,1,1,2,1,1,2
89,89,88,1,1,2,1,1,2,1,1,2
90,90,89,1,1,2,1,1,2,1,1,2
91,91,90,1,1,2,1,1,2,1,1,2
92,92,91,1,1,2,1,1,2,1,1,2
93,93,92,1,1,2,1,1,2,1,1,2
94,94,93,1,1,2,1,1,2,1,1,2
95,95,94,1,1,2,1,1,2,1,1,2
96,96,95,1,1,2,1,1,2,1,1,2
97,97,96,1,1,2,1,1,2,1,1,2
98,98,97,1,1,2,1,1,2,1,1,2
99,99,98,1,1,2,1,1,2,1,1,2
100,100,99,1,1,2,1,1,2,1,1,2
101,101,100,1,1,2,1,1,2,1,1,2
102,102,1,1,1,2,1,1,2,1,1,2
103,103,2,1,1,2,1,1,2,1,1,2
104,104,3,1,1,2,1,1,2,1,1,2
105,105,4,1,1,2,1,1,2,1,1,2
106,106,5,1,1,2,1,1,2,1,1,2
107,107,6,1,1,2,1,1,2,1,1,2
108,108,7,1,1,2,1,1,2,1,1,2
109,109,8,1,1,2,1,1,2,1,1,2
110,110,9,1,1,2,1,1,2,1,1,2
111,111,10,1,1,2,1,1,2,1,1,2
112,112,11,1,1,2,1,1,2,1,1,2
113,113,12,1,1,2,1,1,2,1,1,2
114,114,13,1,1,2,1,1,2,1,1,2
115,115,14,1,1,2,1,1,2,1,1,2
116,116,15,1,1,2,1,1,2,1,1,2
117,117,16,1,1,2,1,1,2,1,1,2
118,118,17,1,1,2,1,1,2,1,1,2
119,119,18,1,1,2,1,1,2,1,1,2
120,120,19,1,1,2,1,1,2,1,1,2
121,121,20,1,1,2,1,1,2,1,1,2
122,122,21,2,2,4,2,2,4,2,2,4
123,123,22,2,2,4,2,2,4,2,2,4
124,124,23,2,2,4,2,2,4,2,2,4
125,125,24,2,2,4,2,2,4,2,2,4
126,126,25,2,2,4,2,2,4,2,2,4
127,127,26,2,2,4,2,2,4,2,2,4
128,128,27,2,2,4,2,2,4,2,2,4
129,129,28,2,2,4,2,2,4,2,2,4
130,130,29,2,2,4,2,2,4,2,2,4
131,131,30,2,2,4,2,2,4,2,2,4
132,132,31,2,2,4,2,2,4,2,2,4
133,133,32,2,2,4,2,2,4,2,2,4
134,134,33,2,2,4,2,2,4,2,2,4
135,135,34,2,2,4,2,2,4,2,2,4
136,136,35,2,2,4,2,2,4,2,2,4
137,137,36,2,2,4,2,2,4,2,2,4
138,138,37,2,2,4,2,2,4,2,2,4
139,139,38,2,2,4,2,2,4,2,2,4
140,140,39,2,2,4,2,2,4,2,2,4
141,141,40,2,2,4,2,2,4,2,2,4
142,142,41,2,2,4,2,2,4,2,2,4
143,143,42,2,2,4,2,2,4,2,2,4
144,144,43,2,2,4,2,2,4,2,2,4
145,145,44,2,2,4,2,2,4,2,2,4
146,146,45,2,2,4,2,2,4,2,2,4
147,147,46,2,2,4,2,2,4,2,2,4
148,148,47,2,2,4,2,2,4,2,2,4
149,149,48,2,2,4,2,2,4,2,2,4
150,150,49,2,2,4,2,2,4,2,2,4
151,151,50,2,2,4,2,2,4,2,2,4
152,152,51,2,2,4,2,2,4,2,2,4
153,153,52,2,2,4,2,2,4,2,2,4
154,154,53,2,2,4,2,2,4,2,2,4
155,155,54,2,2,4,2,2,4,2,2,4
156,156,55,2,2,4,2,2,4,2,2,4
157,157,56,2,2,4,2,2,4,2,2,4
158,158,57,2,2,4,2,2,4,2,2,4
159,159,58,2,2,4,2,2,4,2,2,4
160,160,59,2,2,4,2,2,4,2,2,4
161,161,60,2,2,4,2,2,4,2,2,4
162,162,61,2,2,4,2,2,4,2,2,4
163,163,62,2,2,4,2,2,4,2,2,4
164,164,63,2,2,4,2,2,4,2,2,4
165,165,64,2,2,4,2,2,4,2,2,4
166,166,65,2,2,4,2,2,4,2,2,4
167,167,66,2,2,4,2,2,4,2,2,4
168,168,67,2,2,4,2,2,4,2,2,4
169,169,68,2,2,4,2,2,4,2,2,4
170,170,69,2,2,4,2,2,4,2,2,4
171,171,70,2,2,4,2,2,4,2,2,4
172,172,71,2,2,4,2,2,4,2,2,4
173,173,72,2,2,4,2,2,4,2,2,4
174,174,73,2,2,4,2,2,4,2,2,4
175,175,74,2,2,4,2,2,4,2,2,4
176,176,75,2,2,4,2,2,4,2,2,4
177,177,76,2,2,4,2,2,4,2,2,4
178,178,77,2,2,4,2,2,4,2,2,4
179,179,78,2,2,4,2,2,4,2,2,4
180,180,79,2,2,4,2,2,4,2,2,4
181,181,80,2,2,4,2,2,4,2,2,4
182,182,81,2,2,4,2,2,4,2,2,4
183,183,82,2,2,4,2,2,4,2,2,4
184,184,83,2,2,4,2,2,4,2,2,4
185,185,84,2,2,4,2,2,4,2,2,4
186,186,85,2,2,4,2,2,4,2,2,4
187,187,86,2,2,4,2,2,4,2,2,4
188,188,87,2,2,4,2,2,4,2,2,4
189,189,88,2,2,4,2,2,4,2,2,4
190,190,89,2,2,4,2,2,4,2,2,4
191,191,90,2,2,4,2,2,4,2,2,4
192,192,91,2,2,4,2,2,4,2,2,4
193,193,92,2,2,4,2,2,4,2,2,4
194,194,93,2,2,4,2,2,4,2,2,4
195,195,94,2,2,4,2,2,4,2,2,4
196,196,95,2,2,4,2,2,4,2,2,4
197,197,96,2,2,4,2,2,4,2,2,4
198,198,97,2,2,4,2,2,4,2,2,4
199,199,98,2,2,4,2,2,4,2,2,4
200,200,99,2,2,4,2,2,4,2,2,4
201,201,100,2,2,4,2,2,4,2,2,4
202,202,1,2,2,4,2,2,4,2,2,4
203,203,2,2,2,4,2,2,4,2,2,4
204,204,3,2,2,4,2,2,4,2,2,4
205,205,4,2,2,4,2,2,4,2,2,4
206,206,5,2,2,4,2,2,4,2,2,4
207,207,6,2,2,4,2,2,4,2,2,4
208,208,7,2,2,4,2,2,4,2,2,4
209,209,8,2,2,4,2,2,4,2,2,4
210,210,9,2,2,4,2,2,4,2,2,4
211,211,10,2,2,4,2,2,4,2,2,4
212,212,11,2,2,4,2,2,4,2,2,4
213,213,12,2,2,4,2,2,4,2,2,4
214,214,13,2,2,4,2,2,4,2,2,4
215,215,14,2,2,4,2,2,4,2,2,4
216,216,15,2,2,4,2,2,4,2,2,4
217,217,16,2,2,4,2,2,4,2,2,4
218,218,17,2,2,4,2,2,4,2,2,4
219,219,18,2,2,4,2,2,4,2,2,4
220,220,19,2,2,4,2,2,4,2,2,4
221,221,20,2,2,4,2,2,4,2,2,4
222,222,21,2,2,4,2,2,4,2,2,4
223,223,22,2,2,4,2,2,4,2,2,4
224,224,23,2,2,4,2,2,4,2,2,4
225,225,24,2,2,4,2,2,4,2,2,4
226,226,25,2,2,4,2,2,4,2,2,4
227,227,26,2,2,4,2,2,4,2,2,4
228,228,27,2,2,4,2,2,4,2,2,4
229,229,28,2,2,4,2,2,4,2,2,4
230,230,29,2,2,4,2,2,4,2,2,4
231,231,30,2,2,4,2,2,4,2,2,4
232,232,31,2,2,4,2,2,4,2,2,4
233,233,32,2,2,4,2,2,4,2,2,4
234,234,33,2,2,4,2,2,4,2,2,4
235,235,34,2,2,4,2,2,4,2,2,4
236,236,35,2,2,4,2,2,4,2,2,4
237,237,36,2,2,4,2,2,4,2,2,4
238,238,37,2,2,4,2,2,4,2,2,4
239,239,38,4,4,8,4,4,8,4,4,8
240,240,39,4,4,8,4,4,8,4,4,8
241,241,40,4,4,8,4,4,8,4,4,8
242,242,41,4,4,8,4,4,8,4,4,8
243,243,42,4,4,8,4,4,8,4,4,8
244,244,43,4,4,8,4,4,8,4,4,8
245,245,44,4,4,8,4,4,8,4,4,8
246,246,45,4,4,8,4,4,8,4,4,8
247,247,46,4,4,8,4,4,8,4,4,8
248,248,47,4,4,8,4,4,8,4,4,8
249,249,48,4,4,8,4,4,8,4,4,8
250,250,49,4,4,8,4,4,8,4,4,8
251,251,50,4,4,8,4,4,8,4,4,8
252,252,51,4,4,8,4,4,8,4,4,8
253,253,52,4,4,8,4,4,8,4,4,8
254,254,53,4,4,8,4,4,8,4,4,8
255,255,54,4,4,8,4,4,8,4,4,8
256,256,55,4,4,8,4,4,8,4,4,8
257,257,56,4,4,8,4,4,8,4,4,8
258,258,57,4,4,8,4,4,8,4,4,8
259,259,58,4,4,8,4,4,8,4,4,8
260,260,59,4,4,8,4,4,8,4,4,8
261,261,60,4,4,8,4,4,8,4,4,8
262,262,61,4,4,8,4,4,8,4,4,8
263,263,62,4,4,8,4,4,8,4,4,8
264,264,63,4,4,8,4,4,8,4,4,8
265,265,64,4,4,8,4,4,8,4,4,8
266,266,65,4,4,8,4,4,8,4,4,8
267,267,66,4,4,8,4,4,8,4,4,8
268,268,67,4,4,8,4,4,8,4,4,8
269,269,68,4,4,8,4,4,8,4,4,8
270,270,69,4,4,8,4,4,8,4,4,8
271,271,70,4,4,8,4,4,8,4,4,8
272,272,71,4,4,8,4,4,8,4,4,8
273,273,72,4,4,8,4,4,8,4,4,8
274,274,73,4,4,8,4,4,8,4,4,8
275,275,74,4,4,8,4,4,8,4,4,8
276,276,75,4,4,8,4,4,8,4,4,8
277,277,76,4,4,8,4,4,8,4,4,8
278,278,77,4,4,8,4,4,8,4,4,8
279,279,78,4,4,8,4,4,8,4,4,8
280,280,79,4,4,8,4,4,8,4,4,8
281,281,80,4,4,8,4,4,8,4,4,8
282,282,81,4,4,8,4,4,8,4,4,8
283,283,82,4,4,8,4,4,8,4,4,8
284,284,83,4,4,8,4,4,8,4,4,8
285,285,84,4,4,8,4,4,8,4,4,8
286,286,85,4,4,8,4,4,8,4,4,8
287,287,86,4,4,8,4,4,8,4,4,8
288,288,87,4,4,8,4,4,8,4,4,8
289,289,88,4,4,8,4,4,8,4,4,8
290,290,89,4,4,8,4,4,8,4,4,8
291,291,90,4,4,8,4,4,8,4,4,8
292,292,91,4,4,8,4,4,8,4,4,8
293,293,92,4,4,8,4,4,8,4,4,8
294,294,93,4,4,8,4,4,8,4,4,8
295,295,94,4,4,8,4,4,8,4,4,8
296,296,95,4,4,8,4,4,8,4,4,8
297,297,96,4,4,8,4,4,8,4,4,8
298,298,97,4,4,8,4,4,8,4,4,8
299,299,98,4,4,8,4,4,8,4,4,8
300,300,99,4,4,8,4,4,8,4,4,8
301,301,100,4,4,8,4,4,8,4,4,8
302,302,1,4,4,8,4,4,8,4,4,8
303,303,2,4,4,8,4,4,8,4,4,8
304,304,3,4,4,8,4,4,8,4,4,8
305,305,4,4,4,8,4,4,8,4,4,8
306,306,5,4,4,8,4,4,8,4,4,8
307,307,6,4,4,8,4,4,8,4,4,8
308,308,7,4,4,8,4,4,8,4,4,8
309,309,8,4,4,8,4,4,8,4,4,8
310,310,9,4,4,8,4,4,8,4,4,8
311,311,10,4,4,8,4,4,8,4,4,8
312,312,11,4,4,8,4,4,8,4,4,8
313,313,12,4,4,8,4,4,8,4,4,8
314,314,13,4,4,8,4,4,8,4,4,8
315,315,14,4,4,8,4,4,8,4,4,8
316,316,15,4,4,8,4,4,8,4,4,8
317,317,16,4,4,8,4,4,8,4,4,8
318,318,17,4,4,8,4,4,8,4,4,8
319,319,18,4,4,8,4,4,8,4,4,8
320,320,19,4,4,8,4,4,8,4,4,8
321,321,20,4,4,8,4,4,8,4,4,8
322,322,21,4,4,8,4,4,8,4,4,8
323,323,22,4,4,8,4,4,8,4,4,8
324,324,23,4,4,8,4,4,8,4,4,8
325,325,24,4,4,8,4,4,8,4,4,8
326,326,25,4,4,8,4,4,8,4,4,8
327,327,26,4,4,8,4,4,8,4,4,8
328,328,27,4,4,8,4,4,8,4,4,8
329,329,28,4,4,8,4,4,8,4,4,8
330,330,29,4,4,8,4,4,8,4,4,8
331,331,30,4,4,8,4,4,8,4,4,8
332,332,31,4,4,8,4,4,8,4,4,8
333,333,32,4,4,8,4,4,8,4,4,8
334,334,33,4,4,8,4,4,8,4,4,8
335,335,34,4,4,8,4,4,8,4,4,8
336,336,35,4,4,8,4,4,8,4,4,8
337,337,36,4,4,8,4,4,8,4,4,8
338,338,37,4,4,8,4,4,8,4,4,8
339,339,38,4,4,8,4,4,8,4,4,8
340,340,39,4,4,8,4,4,8,4,4,8
341,341,40,4,4,8,4,4,8,4,4,8
342,342,41,4,4,8,4,4,8,4,4,8
343,343,42,4,4,8,4,4,8,4,4,8
344,344,43,4,4,8,4,4,8,4,4,8
345,345,44,4,4,8,4,4,8,4,4,8
346,346,45,4,4,8,4,4,8,4,4,8
347,347,46,4,4,8,4,4,8,4,4,8
348,348,47,4,4,8,4,4,8,4,4,8
349,349,48,4,4,8,4,4,8,4,4,8
350,350,49,4,4,8,4,4,8,4,4,8
351,351,50,4,4,8,4,4,8,4,4,8
352,352,51,4,4,8,4,4,8,4,4,8
353,353,52,4,4,8,4,4,8,4,4,8
354,354,53,4,4,8,4,4,8,4,4,8
355,355,54,4,4,8,4,4,8,4,4,8
356,356,55,4,4,8,4,4,8,4,4,8
357,357,56,4,4,8,4,4,8,4,4,8
358,358,57,4,4,8,4,4,8,4,4,8
359,359,58,4,4,8,4,4,8,4,4,8
360,360,59,4,4,8,4,4,8,4,4,8
361,361,60,4,4,8,4,4,8,4,4,8
362,362,61,4,4,8,4,4,8,4,4,8
363,363,62,4,4,8,4,4,8,4,4,8
364,364,63,4,4,8,4,4,8,4,4,8
365,365,64,4,4,8,4,4,8,4,4,8
366,366,65,4,4,8,4,4,8,4,4,8
367,367,66,4,4,8,4,4,8,4,4,8
368,368,67,4,4,8,4,4,8,4,4,8
369,369,68,4,4,8,4,4,8,4,4,8
370,370,69,4,4,8,4,4,8,4,4,8
371,371,70,4,4,8,4,4,8,4,4,8
372,372,71,4,4,8,4,4,8,4,4,8
373,373,72,4,4,8,4,4,8,4,4,8
374,374,73,4,4,8,4,4,8,4,4,8
375,375,74,4,4,8,4,4,8,4,4,8
376,376,75,4,4,8,4,4,8,4,4,8
377,377,76,4,4,8,4,4,8,4,4,8
378,378,77,4,4,8,4,4,8,4,4,8
379,379,78,4,4,8,4,4,8,4,4,8
380,380,79,4,4,8,4,4,8,4,4,8
381,381,80,4,4,8,4,4,8,4,4,8
382,382,81,4,4,8,4,4,8,4,4,8
383,383,82,4,4,8,4,4,8,4,4,8
384,384,83,4,4,8,4,4,8,4,4,8
385,385,84,4,4,8,4,4,8,4,4,8
386,386,85,4,4,8,4,4,8,4,4,8
387,387,86,4,4,8,4,4,8,4,4,8
388,388,87,4,4,8,4,4,8,4,4,8
389,389,88,4,4,8,4,4,8,4,4,8
390,390,89,4,4,8,4,4,8,4,4,8
391,391,90,4,4,8,4,4,8,4,4,8
392,392,91,4,4,8,4,4,8,4,4,8
393,393,92,4,4,8,4,4,8,4,4,8
394,394,93,4,4,8,4,4,8,4,4,8
395,395,94,4,4,8,4,4,8,4,4,8
396,396,95,4,4,8,4,4,8,4,4,8
397,397,96,4,4,8,4,4,8,4,4,8
398,398,97,4,4,8,4,4,8,4,4,8
399,399,98,4,4,8,4,4,8,4,4,8
400,400,99,4,4,8,4,4,8,4,4,8
401,401,100,4,4,8,4,4,8,4,4,8
402,402,1,8,8,16,8,8,16,8,8,16
403,403,2,8,8,16,8,8,16,8,8,16
404,404,3,8,8,16,8,8,16,8,8,16
405,405,4,8,8,16,8,8,16,8,8,16
406,406,5,8,8,16,8,8,16,8,8,16
407,407,6,8,8,16,8,8,16,8,8,16
408,408,7,8,8,16,8,8,16,8,8,16
409,409,8,8,8,16,8,8,16,8,8,16
410,410,9,8,8,16,8,8,16,8,8,16
411,411,10,8,8,16,8,8,16,8,8,16
412,412,11,8,8,16,8,8,16,8,8,16
413,413,12,8,8,16,8,8,16,8,8,16
414,414,13,8,8,16,8,8,16,8,8,16
415,415,14,8,8,16,8,8,16,8,8,16
416,416,15,8,8,16,8,8,16,8,8,16
417,417,16,8,8,16,8,8,16,8,8,16
418,418,17,8,8,16,8,8,16,8,8,16
419,419,18,8,8,16,8,8,16,8,8,16
420,420,19,8,8,16,8,8,16,8,8,16
421,421,20,8,8,16,8,8,16,8,8,16
422,422,21,8,8,16,8,8,16,8,8,16
423,423,22,8,8,16,8,8,16,8,8,16
424,424,23,8,8,16,8,8,16,8,8,16
425,425,24,8,8,16,8,8,16,8,8,16
426,426,25,8,8,16,8,8,16,8,8,16
427,427,26,8,8,16,8,8,16,8,8,16
428,428,27,8,8,16,8,8,16,8,8,16
429,429,28,8,8,16,8,8,16,8,8,16
430,430,29,8,8,16,8,8,16,8,8,16
431,431,30,8,8,16,8,8,16,8,8,16
432,432,31,8,8,16,8,8,16,8,8,16
433,433,32,8,8,16,8,8,16,8,8,16
434,434,33,8,8,16,8,8,16,8,8,16
435,435,34,8,8,16,8,8,16,8,8,16
436,436,35,8,8,16,8,8,16,8,8,16
437,437,36,8,8,16,8,8,16,8,8,16
438,438,37,8,8,16,8,8,16,8,8,16
439,439,38,8,8,16,8,8,16,8,8,16
440,440,39,8,8,16,8,8,16,8,8,16
441,441,40,8,8,16,8,8,16,8,8,16
442,442,41,8,8,16,8,8,16,8,8,16
443,443,42,8,8,16,8,8,16,8,8,16
444,444,43,8,8,16,8,8,16,8,8,16
445,445,44,8,8,16,8,8,16,8,8,16
446,446,45,8,8,16,8,8,16,8,8,16
447,447,46,8,8,16,8,8,16,8,8,16
448,448,47,8,8,16,8,8,16,8,8,16
449,449,48,8,8,16,8,8,16,8,8,16
450,450,49,8,8,16,8,8,16,8,8,16
451,451,50,8,8,16,8,8,16,8,8,16
452,452,51,8,8,16,8,8,16,8,8,16
453,453,52,8,8,16,8,8,16,8,8,16
454,454,53,8,8,16,8,8,16,8,8,16
455,455,54,8,8,16,8,8,16,8,8,16
456,456,55,8,8,16,8,8,16,8,8,16
457,457,56,8,8,16,8,8,16,8,8,16
458,458,57,8,8,16,8,8,16,8,8,16
459,459,58,8,8,16,8,8,16,8,8,16
460,460,59,8,8,16,8,8,16,8,8,16
461,461,60,8,8,16,8,8,16,8,8,16
462,462,61,8,8,16,8,8,16,8,8,16
463,463,62,8,8,16,8,8,16,8,8,16
464,464,63,8,8,16,8,8,16,8,8,16
465,465,64,8,8,16,8,8,16,8,8,16
466,466,65,8,8,16,8,8,16,8,8,16
467,467,66,8,8,16,8,8,16,8,8,16
468,468,67,8,8,16,8,8,16,8,8,16
469,469,68,8,8,16,8,8,16,8,8,16
470,470,69,8,8,16,8,8,16,8,8,16
471,471,70,8,8,16,8,8,16,8,8,16
472,472,71,8,8,16,8,8,16,8,8,16
473,473,72,8,8,16,8,8,16,8,8,16
474,474,73,8,8,16,8,8,16,8,8,16
475,475,74,8,8,16,8,8,16,8,8,16
476,476,75,8,8,16,8,8,16,8,8,16
477,477,76,8,8,16,8,8,16,8,8,16
478,478,77,8,8,16,8,8,16,8,8,16
479,479,78,8,8,16,8,8,16,8,8,16
480,480,79,8,8,16,8,8,16,8,8,16
481,481,80,8,8,16,8,8,16,8,8,16
482,482,81,8,8,16,8,8,16,8,8,16
483,483,82,8,8,16,8,8,16,8,8,16
484,484,83,8,8,16,8,8,16,8,8,16
485,485,84,8,8,16,8,8,16,8,8,16
486,486,85,8,8,16,8,8,16,8,8,16
487,487,86,8,8,16,8,8,16,8,8,16
488,488,87,8,8,16,8,8,16,8,8,16
489,489,88,8,8,16,8,8,16,8,8,16
490,490,89,8,8,16,8,8,16,8,8,16
491,491,90,8,8,16,8,8,16,8,8,16
492,492,91,8,8,16,8,8,16,8,8,16
493,493,92,8,8,16,8,8,16,8,8,16
494,494,93,8,8,16,8,8,16,8,8,16
495,495,94,8,8,16,8,8,16,8,8,16
496,496,95,8,8,16,8,8,16,8,8,16
497,497,96,8,8,16,8,8,16,8,8,16
498,498,97,8,8,16,8,8,16,8,8,16
499,499,98,8,8,16,8,8,16,8,8,16
500,500,99,8,8,16,8,8,16,8,8,16
501,501,100,8,8,16,8,8,16,8,8,16
502,502,1,8,8,16,8,8,16,8,8,16
503,503,2,8,8,16,8,8,16,8,8,16
504,504,3,8,8,16,8,8,16,8,8,16
505,505,4,8,8,16,8,8,16,8,8,16
506,506,5,8,8,16,8,8,16,8,8,16
507,507,6,8,8,16,8,8,16,8,8,16
508,508,7,8,8,16,8,8,16,8,8,16
509,509,8,8,8,16,8,8,16,8,8,16
510,510,9,8,8,16,8,8,16,8,8,16
511,511,10,8,8,16,8,8,16,8,8,16
512,512,11,8,8,16,8,8,16,8,8,16
513,513,12,8,8,16,8,8,16,8,8,16
514,514,13,8,8,16,8,8,16,8,8,16
515,515,14,8,8,16,8,8,16,8,8,16
516,516,15,8,8,16,8,8,16,8,8,16
517,517,16,8,8,16,8,8,16,8,8,16
518,518,17,8,8,16,8,8,16,8,8,16
519,519,18,8,8,16,8,8,16,8,8,16
520,520,19,8,8,16,8,8,16,8,8,16
521,521,20,8,8,16,8,8,16,8,8,16
522,522,21,16,16,32,16,16,32,16,16,32
523,523,22,16,16,32,16,16,32,16,16,32
524,524,23,16,16,32,16,16,32,16,16,32
525,525,24,16,16,32,16,16,32,16,16,32
526,526,25,16,16,32,16,16,32,16,16,32
527,527,26,16,16,32,16,16,32,16,16,32
528,528,27,16,16,32,16,16,32,16,16,32
529,529,28,16,16,32,16,16,32,16,16,32
530,530,29,16,16,32,16,16,32,16,16,32
531,531,30,16,16,32,16,16,32,16,16,32
532,532,31,16,16,32,16,16,32,16,16,32
533,533,32,16,16,32,16,16,32,16,16,32
534,534,33,16,16,32,16,16,32,16,16,32
535,535,34,16,16,32,16,16,32,16,16,32
536,536,35,16,16,32,16,16,32,16,16,32
537,537,36,16,16,32,16,16,32,16,16,32
538,538,37,16,16,32,16,16,32,16,16,32
539,539,38,16,16,32,16,16,32,16,16,32
540,540,39,16,16,32,16,16,32,16,16,32
541,541,40,16,16,32,16,16,32,16,16,32
542,542,41,16,16,32,16,16,32,16,16,32
543,543,42,16,16,32,16,16,32,16,16,32
544,544,43,16,16,32,16,16,32,16,16,32
545,545,44,16,16,32,16,16,32,16,16,32
546,546,45,16,16,32,16,16,32,16,16,32
547,547,46,16,16,32,16,16,32,16,16,32
548,548,47,16,16,32,16,16,32,16,16,32
549,549,48,16,16,32,16,16,32,16,16,32
550,550,49,16,16,32,16,16,32,16,16,32
551,551,50,16,16,32,16,16,32,16,16,32
552,552,51,16,16,32,16,16,32,16,16,32
553,553,52,16,16,32,16,16,32,16,16,32
554,554,53,16,16,32,16,16,32,16,16,32
555,555,54,16,16,32,16,16,32,16,16,32
556,556,55,16,16,32,16,16,32,16,16,32
557,557,56,16,16,32,16,16,32,16,16,32
558,558,57,16,16,32,16,16,32,16,16,32
559,559,58,16,16,32,16,16,32,16,16,32
560,560,59,16,16,32,16,16,32,16,16,32
561,561,60,16,16,32,16,16,32,16,16,32
562,562,61,16,16,32,16,16,32,16,16,32
563,563,62,16,16,32,16,16,32,16,16,32
564,564,63,16,16,32,16,16,32,16,16,32
565,565,64,16,16,32,16,16,32,16,16,32
566,566,65,16,16,32,16,16,32,16,16,32
567,567,66,16,16,32,16,16,32,16,16,32
568,568,67,16,16,32,16,16,32,16,16,32
569,569,68,16,16,32,16,16,32,16,16,32
570,570,69,16,16,32,16,16,32,16,16,32
571,571,70,16,16,32,16,16,32,16,16,32
572,572,71,16,16,32,16,16,32,16,16,32
573,573,72,16,16,32,16,16,32,16,16,32
574,574,73,16,16,32,16,16,32,16,16,32
575,575,74,16,16,32,16,16,32,16,16,32
576,576,75,16,16,32,16,16,32,16,16,32
577,577,76,16,16,32,16,16,32,16,16,32
578,578,77,16,16,32,16,16,32,16,16,32
579,579,78,16,16,32,16,16,32,16,16,32
580,580,79,16,16,32,16,16,32,16,16,32
581,581,80,16,16,32,16,16,32,16,16,32
582,582,81,16,16,32,16,16,32,16,16,32
583,583,82,16,16,32,16,16,32,16,16,32
584,584,83,16,16,32,16,16,32,16,16,32
585,585,84,16,16,32,16,16,32,16,16,32
586,586,85,16,16,32,16,16,32,16,16,32
587,587,86,16,16,32,16,16,32,16,16,32
588,588,87,16,16,32,16,16,32,16,16,32
589,589,88,16,16,32,16,16,32,16,16,32
590,590,89,16,16,32,16,16,32,16,16,32
591,591,90,16,16,32,16,16,32,16,16,32
592,592,91,16,16,32,16,16,32,16,16,32
593,593,92,16,16,32,16,16,32,16,16,32
594,594,93,16,16,32,16,16,32,16,16,32
595,595,94,16,16,32,16,16,32,16,16,32
596,596,95,16,16,32,16,16,32,16,16,32
597,597,96,16,16,32,16,16,32,16,16,32
598,598,97,16,16,32,16,16,32,16,16,32
599,599,98,16,16,32,16,16,32,16,16,32
600,600,99,16,16,32,16,16,32,16,16,32
601,601,100,16,16,32,16,16,32,16,16,32
602,602,1,16,16,32,16,16,32,16,16,32
603,603,2,16,16,32,16,16,32,16,16,32
604,604,3,16,16,32,16,16,32,16,16,32
605,605,4,16,16,32,16,16,32,16,16,32
606,606,5,16,16,32,16,16,32,16,16,32
607,607,6,16,16,32,16,16,32,16,16,32
608,608,7,16,16,32,16,16,32,16,16,32
609,609,8,16,16,32,16,16,32,16,16,32
610,610,9,16,16,32,16,16,32,16,16,32
611,611,10,16,16,32,16,16,32,16,16,32
612,612,11,16,16,32,16,16,32,16,16,32
613,613,12,16,16,32,16,16,32,16,16,32
614,614,13,16,16,32,16,16,32,16,16,32
615,615,14,16,16,32,16,16,32,16,16,32
616,616,15,16,16,32,16,16,32,16,16,32
617,617,16,16,16,32,16,16,32,16,16,32
618,618,17,16,16,32,16,16,32,16,16,32
619,619,18,16,16,32,16,16,32,16,16,32
620,620,19,16,16,32,16,16,32,16,16,32
621,621,20,16,16,32,16,16,32,16,16,32
622,622,21,16,16,32,16,16,32,16,16,32
623,623,22,16,16,32,16,16,32,16,16,32
624,624,23,16,16,32,16,16,32,16,16,32
625,625,24,16,16,32,16,16,32,16,16,32
626,626,25,16,16,32,16,16,32,16,16,32
627,627,26,16,16,32,16,16,32,16,16,32
628,628,27,16,16,32,16,16,32,16,16,32
629,629,28,16,16,32,16,16,32,16,16,32
630,630,29,16,16,32,16,16,32,16,16,32
631,631,30,16,16,32,16,16,32,16,16,32
632,632,31,16,16,32,16,16,32,16,16,32
633,633,32,16,16,32,16,16,32,16,16,32
634,634,33,16,16,32,16,16,32,16,16,32
635,635,34,16,16,32,16,16,32,16,16,32
636,636,35,16,16,32,16,16,32,16,16,32
637,637,36,16,16,32,16,16,32,16,16,32
638,638,37,16,16,32,16,16,32,16,16,32
639,639,38,16,16,32,16,16,32,16,16,32
640,640,39,32,32,64,32,32,64,32,32,64
641,641,40,32,32,64,32,32,64,32,32,64
642,642,41,32,32,64,32,32,64,32,32,64
643,643,42,32,32,64,32,32,64,32,32,64
644,644,43,32,32,64,32,32,64,32,32,64
645,645,44,32,32,64,32,32,64,32,32,64
646,646,45,32,32,64,32,32,64,32,32,64
647,647,46,32,32,64,32,32,64,32,32,64
648,648,47,32,32,64,32,32,64,32,32,64
649,649,48,32,32,64,32,32,64,32,32,64
650,650,49,32,32,64,32,32,64,32,32,64
651,651,50,32,32,64,32,32,64,32,32,64
652,652,51,32,32,64,32,32,64,32,32,64
653,653,52,32,32,64,32,32,64,32,32,64
654,654,53,32,32,64,32,32,64,32,32,64
655,655,54,32,32,64,32,32,64,32,32,64
656,656,55,32,32,64,32,32,64,32,32,64
657,657,56,32,32,64,32,32,64,32,32,64
658,658,57,32,32,64,32,32,64,32,32,64
659,659,58,32,32,64,32,32,64,32,32,64
660,660,59,32,32,64,32,32,64,32,32,64
661,661,60,32,32,64,32,32,64,32,32,64
662,662,61,32,32,64,32,32,64,32,32,64
663,663,62,32,32,64,32,32,64,32,32,64
664,664,63,32,32,64,32,32,64,32,32,64
665,665,64,32,32,64,32,32,64,32,32,64
666,666,65,32,32,64,32,32,64,32,32,64
667,667,66,32,32,64,32,32,64,32,32,64
668,668,67,32,32,64,32,32,64,32,32,64
669,669,68,32,32,64,32,32,64,32,32,64
670,670,69,32,32,64,32,32,64,32,32,64
671,671,70,32,32,64,32,32,64,32,32,64
672,672,71,32,32,64,32,32,64,32,32,64
673,673,72,32,32,64,32,32,64,32,32,64
674,674,73,32,32,64,32,32,64,32,32,64
675,675,74,32,32,64,32,32,64,32,32,64
676,676,75,32,32,64,32,32,64,32,32,64
677,677,76,32,32,64,32,32,64,32,32,64
678,678,77,32,32,64,32,32,64,32,32,64
679,679,78,32,32,64,32,32,64,32,32,64
680,680,79,32,32,64,32,32,64,32,32,64
681,681,80,32,32,64,32,32,64,32,32,64
682,682,81,32,32,64,32,32,64,32,32,64
683,683,82,32,32,64,32,32,64,32,32,64
684,684,83,32,32,64,32,32,64,32,32,64
685,685,84,32,32,64,32,32,64,32,32,64
686,686,85,32,32,64,32,32,64,32,32,64
687,687,86,32,32,64,32,32,64,32,32,64
688,688,87,32,32,64,32,32,64,32,32,64
689,689,88,32,32,64,32,32,64,32,32,64
690,690,89,32,32,64,32,32,64,32,32,64
691,691,90,32,32,64,32,32,64,32,32,64
692,692,91,32,32,64,32,32,64,32,32,64
693,693,92,32,32,64,32,32,64,32,32,64
694,694,93,32,32,64,32,32,64,32,32,64
695,695,94,32,32,64,32,32,64,32,32,64
696,696,95,32,32,64,32,32,64,32,32,64
697,697,96,32,32,64,32,32,64,32,32,64
698,698,97,32,32,64,32,32,64,32,32,64
699,699,98,32,32,64,32,32,64,32,32,64
700,700,99,32,32,64,32,32,64,32,32,64
701,701,100,32,32,64,32,32,64,32,32,64
702,702,1,32,32,64,32,32,64,32,32,64
703,703,2,32,32,64,32,32,64,32,32,64
704,704,3,32,32,64,32,32,64,32,32,64
705,705,4,32,32,64,32,32,64,32,32,64
706,706,5,32,32,64,32,32,64,32,32,64
707,707,6,32,32,64,32,32,64,32,32,64
708,708,7,32,32,64,32,32,64,32,32,64
709,709,8,32,32,64,32,32,64,32,32,64
710,710,9,32,32,64,32,32,64,32,32,64
711,711,10,32,32,64,32,32,64,32,32,64
712,712,11,32,32,64,32,32,64,32,32,64
713,713,12,32,32,64,32,32,64,32,32,64
714,714,13,32,32,64,32,32,64,32,32,64
715,715,14,32,32,64,32,32,64,32,32,64
716,716,15,32,32,64,32,32,64,32,32,64
717,717,16,32,32,64,32,32,64,32,32,64
718,718,17,32,32,64,32,32,64,32,32,64
719,719,18,32,32,64,32,32,64,32,32,64
720,720,19,32,32,64,32,32,64,32,32,64
721,721,20,32,32,64,32,32,64,32,32,64
722,722,21,32,32,64,32,32,64,32,32,64
723,723,22,32,32,64,32,32,64,32,32,64
724,724,23,32,32,64,32,32,64,32,32,64
725,725,24,32,32,64,32,32,64,32,32,64
726,726,25,32,32,64,32,32,64,32,32,64
727,727,26,32,32,64,32,32,64,32,32,64
728,728,27,32,32,64,32,32,64,32,32,64
729,729,28,32,32,64,32,32,64,32,32,64
730,730,29,32,32,64,32,32,64,32,32,64
731,731,30,32,32,64,32,32,64,32,32,64
732,732,31,32,32,64,32,32,64,32,32,64
733,733,32,32,32,64,32,32,64,32,32,64
734,734,33,32,32,64,32,32,64,32,32,64
735,735,34,32,32,64,32,32,64,32,32,64
736,736,35,32,32,64,32,32,64,32,32,64
737,737,36,32,32,64,32,32,64,32,32,64
738,738,37,32,32,64,32,32,64,32,32,64
739,739,38,32,32,64,32,32,64,32,32,64
740,740,39,32,32,64,32,32,64,32,32,64
741,741,40,32,32,64,32,32,64,32,32,64
742,742,41,32,32,64,32,32,64,32,32,64
743,743,42,32,32,64,32,32,64,32,32,64
744,744,43,32,32,64,32,32,64,32,32,64
745,745,44,32,32,64,32,32,64,32,32,64
746,746,45,32,32,64,32,32,64,32,32,64
747,747,46,32,32,64,32,32,64,32,32,64
748,748,47,32,32,64,32,32,64,32,32,64
749,749,48,32,32,64,32,32,64,32,32,64
750,750,49,32,32,64,32,32,64,32,32,64
751,751,50,32,32,64,32,32,64,32,32,64
752,752,51,32,32,64,32,32,64,32,32,64
753,753,52,32,32,64,32,32,64,32,32,64
754,754,53,32,32,64,32,32,64,32,32,64
755,755,54,32,32,64,32,32,64,32,32,64
756,756,55,32,32,64,32,32,64,32,32,64
757,757,56,32,32,64,32,32,64,32,32,64
758,758,57,32,32,64,32,32,64,32,32,64
759,759,58,32,32,64,32,32,64,32,32,64
760,760,59,32,32,64,32,32,64,32,32,64
761,761,60,32,32,64,32,32,64,32,32,64
762,762,61,32,32,64,32,32,64,32,32,64
763,763,62,32,32,64,32,32,64,32,32,64
764,764,63,32,32,64,32,32,64,32,32,64
765,765,64,32,32,64,32,32,64,32,32,64
766,766,65,32,32,64,32,32,64,32,32,64
767,767,66,32,32,64,32,32,64,32,32,64
768,768,67,32,32,64,32,32,64,32,32,64
769,769,68,32,32,64,32,32,64,32,32,64
770,770,69,32,32,64,32,32,64,32,32,64
771,771,70,32,32,64,32,32,64,32,32,64
772,772,71,32,32,64,32,32,64,32,32,64
773,773,72,32,32,64,32,32,64,32,32,64
774,774,73,32,32,64,32,32,64,32,32,64
775,775,74,32,32,64,32,32,64,32,32,64
776,776,75,32,32,64,32,32,64,32,32,64
777,777,76,32,32,64,32,32,64,32,32,64
778,778,77,32,32,64,32,32,64,32,32,64
779,779,78,32,32,64,32,32,64,32,32,64
780,780,79,32,32,64,32,32,64,32,32,64
781,781,80,32,32,64,32,32,64,32,32,64
782,782,81,32,32,64,32,32,64,32,32,64
783,783,82,32,32,64,32,32,64,32,32,64
784,784,83,32,32,64,32,32,64,32,32,64
785,785,84,32,32,64,32,32,64,32,32,64
786,786,85,32,32,64,32,32,64,32,32,64
787,787,86,32,32,64,32,32,64,32,32,64
788,788,87,32,32,64,32,32,64,32,32,64
789,789,88,32,32,64,32,32,64,32,32,64
790,790,89,32,32,64,32,32,64,32,32,64
791,791,90,32,32,64,32,32,64,32,32,64
792,792,91,32,32,64,32,32,64,32,32,64
793,793,92,32,32,64,32,32,64,32,32,64
794,794,93,32,32,64,32,32,64,32,32,64
795,795,94,32,32,64,32,32,64,32,32,64
796,796,95,32,32,64,32,32,64,32,32,64
797,797,96,32,32,64,32,32,64,32,32,64
798,798,97,32,32,64,32,32,64,32,32,64
799,799,98,32,32,64,32,32,64,32,32,64
800,800,99,32,32,64,32,32,64,32,32,64
801,801,100,32,32,64,32,32,64,32,32,64
802,802,1,32,32,64,32,32,64,32,32,64
803,803,2,64,64,128,64,64,128,64,64,128
804,804,3,64,64,128,64,64,128,64,64,128
805,805,4,64,64,128,64,64,128,64,64,128
806,806,5,64,64,128,64,64,128,64,64,128
807,807,6,64,64,128,64,64,128,64,64,128
808,808,7,64,64,128,64,64,128,64,64,128
809,809,8,64,64,128,64,64,128,64,64,128
810,810,9,64,64,128,64,64,128,64,64,128
811,811,10,64,64,128,64,64,128,64,64,128
812,812,11,64,64,128,64,64,128,64,64,128
813,813,12,64,64,128,64,64,128,64,64,128
814,814,13,64,64,128,64,64,128,64,64,128
815,815,14,64,64,128,64,64,128,64,64,128
816,816,15,64,64,128,64,64,128,64,64,128
817,817,16,64,64,128,64,64,128,64,64,128
818,818,17,64,64,128,64,64,128,64,64,128
819,819,18,64,64,128,64,64,128,64,64,128
820,820,19,64,64,128,64,64,128,64,64,128
821,821,20,64,64,128,64,64,128,64,64,128
822,822,21,64,64,128,64,64,128,64,64,128
823,823,22,64,64,128,64,64,128,64,64,128
824,824,23,64,64,128,64,64,128,64,64,128
825,825,24,64,64,128,64,64,128,64,64,128
826,826,25,64,64,128,64,64,128,64,64,128
827,827,26,64,64,128,64,64,128,64,64,128
828,828,27,64,64,128,64,64,128,64,64,128
829,829,28,64,64,128,64,64,128,64,64,128
830,830,29,64,64,128,64,64,128,64,64,128
831,831,30,64,64,128,64,64,128,64,64,128
832,832,31,64,64,128,64,64,128,64,64,128
833,833,32,64,64,128,64,64,128,64,64,128
834,834,33,64,64,128,64,64,128,64,64,128
835,835,34,64,64,128,64,64,128,64,64,128
836,836,35,64,64,128,64,64,128,64,64,128
837,837,36,64,64,128,64,64,128,64,64,128
838,838,37,64,64,128,64,64,128,64,64,128
839,839,38,64,64,128,64,64,128,64,64,128
840,840,39,64,64,128,64,64,128,64,64,128
841,841,40,64,64,128,64,64,128,64,64,128
842,842,41,64,64,128,64,64,128,64,64,128
843,843,42,64,64,128,64,64,128,64,64,128
844,844,43,64,64,128,64,64,128,64,64,128
845,845,44,64,64,128,64,64,128,64,64,128
846,846,45,64,64,128,64,64,128,64,64,128
847,847,46,64,64,128,64,64,128,64,64,128
848,848,47,64,64,128,64,64,128,64,64,128
849,849,48,64,64,128,64,64,128,64,64,128
850,850,49,64,64,128,64,64,128,64,64,128
851,851,50,64,64,128,64,64,128,64,64,128
852,852,51,64,64,128,64,64,128,64,64,128
853,853,52,64,64,128,64,64,128,64,64,128
854,854,53,64,64,128,64,64,128,64,64,128
855,855,54,64,64,128,64,64,128,64,64,128
856,856,55,64,64,128,64,64,128,64,64,128
857,857,56,64,64,128,64,64,128,64,64,128
858,858,57,64,64,128,64,64,128,64,64,128
859,859,58,64,64,128,64,64,128,64,64,128
860,860,59,64,64,128,64,64,128,64,64,128
861,861,60,64,64,128,64,64,128,64,64,128
862,862,61,64,64,128,64,64,128,64,64,128
863,863,62,64,64,128,64,64,128,64,64,128
864,864,63,64,64,128,64,64,128,64,64,128
865,865,64,64,64,128,64,64,128,64,64,128
866,866,65,64,64,128,64,64,128,64,64,128
867,867,66,64,64,128,64,64,128,64,64,128
868,868,67,64,64,128,64,64,128,64,64,128
869,869,68,64,64,128,64,64,128,64,64,128
870,870,69,64,64,128,64,64,128,64,64,128
871,871,70,64,64,128,64,64,128,64,64,128
872,872,71,64,64,128,64,64,128,64,64,128
873,873,72,64,64,128,64,64,128,64,64,128
874,874,73,64,64,128,64,64,128,64,64,128
875,875,74,64,64,128,64,64,128,64,64,128
876,876,75,64,64,128,64,64,128,64,64,128
877,877,76,64,64,128,64,64,128,64,64,128
878,878,77,64,64,128,64,64,128,64,64,128
879,879,78,64,64,128,64,64,128,64,64,128
880,880,79,64,64,128,64,64,128,64,64,128
881,881,80,64,64,128,64,64,128,64,64,128
882,882,81,64,64,128,64,64,128,64,64,128
883,883,82,64,64,128,64,64,128,64,64,128
884,884,83,64,64,128,64,64,128,64,64,128
885,885,84,64,64,128,64,64,128,64,64,128
886,886,85,64,64,128,64,64,128,64,64,128
887,887,86,64,64,128,64,64,128,64,64,128
888,888,87,64,64,128,64,64,128,64,64,128
889,889,88,64,64,128,64,64,128,64,64,128
890,890,89,64,64,128,64,64,128,64,64,128
891,891,90,64,64,128,64,64,128,64,64,128
892,892,91,64,64,128,64,64,128,64,64,128
893,893,92,64,64,128,64,64,128,64,64,128
894,894,93,64,64,128,64,64,128,64,64,128
895,895,94,64,64,128,64,64,128,64,64,128
896,896,95,64,64,128,64,64,128,64,64,128
897,897,96,64,64,128,64,64,128,64,64,128
898,898,97,64,64,128,64,64,128,64,64,128
899,899,98,64,64,128,64,64,128,64,64,128
900,900,99,64,64,128,64,64,128,64,64,128
901,901,100,64,64,128,64,64,128,64,64,128
902,902,1,64,64,128,64,64,128,64,64,128
903,903,2,64,64,128,64,64,128,64,64,128
904,904,3,64,64,128,64,64,128,64,64,128
905,905,4,64,64,128,64,64,128,64,64,128
906,906,5,64,64,128,64,64,128,64,64,128
907,907,6,64,64,128,64,64,128,64,64,128
908,908,7,64,64,128,64,64,128,64,64,128
909,909,8,64,64,128,64,64,128,64,64,128
910,910,9,64,64,128,64,64,128,64,64,128
911,911,10,64,64,128,64,64,128,64,64,128
912,912,11,64,64,128,64,64,128,64,64,128
913,913,12,64,64,128,64,64,128,64,64,128
914,914,13,64,64,128,64,64,128,64,64,128
915,915,14,64,64,128,64,64,128,64,64,128
916,916,15,64,64,128,64,64,128,64,64,128
917,917,16,64,64,128,64,64,128,64,64,128
918,918,17,64,64,128,64,64,128,64,64,128
919,919,18,64,64,128,64,64,128,64,64,128
920,920,19,64,64,128,64,64,128,64,64,128
921,921,20,64,64,128,64,64,128,64,64,128
922,922,21,64,64,128,64,64,128,64,64,128
923,923,22,128,128,256,128,128,256,128,128,256
924,924,23,128,128,256,128,128,256,128,128,256
925,925,24,128,128,256,128,128,256,128,128,256
926,926,25,128,128,256,128,128,256,128,128,256
927,927,26,128,128,256,128,128,256,128,128,256
928,928,27,128,128,256,128,128,256,128,128,256
929,929,28,128,128,256,128,128,256,128,128,256
930,930,29,128,128,256,128,128,256,128,128,256
931,931,30,128,128,256,128,128,256,128,128,256
932,932,31,128,128,256,128,128,256,128,128,256
933,933,32,128,128,256,128,128,256,128,128,256
934,934,33,128,128,256,128,128,256,128,128,256
935,935,34,128,128,256,128,128,256,128,128,256
936,936,35,128,128,256,128,128,256,128,128,256
937,937,36,128,128,256,128,128,256,128,128,256
938,938,37,128,128,256,128,128,256,128,128,256
939,939,38,128,128,256,128,128,256,128,128,256
940,940,39,128,128,256,128,128,256,128,128,256
941,941,40,128,128,256,128,128,256,128,128,256
942,942,41,128,128,256,128,128,256,128,128,256
943,943,42,128,128,256,128,128,256,128,128,256
944,944,43,128,128,256,128,128,256,128,128,256
945,945,44,128,128,256,128,128,256,128,128,256
946,946,45,128,128,256,128,128,256,128,128,256
947,947,46,128,128,256,128,128,256,128,128,256
948,948,47,128,128,256,128,128,256,128,128,256
949,949,48,128,128,256,128,128,256,128,128,256
950,950,49,128,128,256,128,128,256,128,128,256
951,951,50,128,128,256,128,128,256,128,128,256
952,952,51,128,128,256,128,128,256,128,128,256
953,953,52,128,128,256,128,128,256,128,128,256
954,954,53,128,128,256,128,128,256,128,128,256
955,955,54,128,128,256,128,128,256,128,128,256
956,956,55,128,128,256,128,128,256,128,128,256
957,957,56,128,128,256,128,128,256,128,128,256
958,958,57,128,128,256,128,128,256,128,128,256
959,959,58,128,128,256,128,128,256,128,128,256
960,960,59,128,128,256,128,128,256,128,128,256
961,961,60,128,128,256,128,128,256,128,128,256
962,962,61,128,128,256,128,128,256,128,128,256
963,963,62,128,128,256,128,128,256,128,128,256
964,964,63,128,128,256,128,128,256,128,128,256
965,965,64,128,128,256,128,128,256,128,128,256
966,966,65,128,128,256,128,128,256,128,128,256
967,967,66,128,128,256,128,128,256,128,128,256
968,968,67,128,128,256,128,128,256,128,128,256
969,969,68,128,128,256,128,128,256,128,128,256
970,970,69,128,128,256,128,128,256,128,128,256
971,971,70,128,128,256,128,128,256,128,128,256
972,972,71,128,128,256,128,128,256,128,128,256
973,973,72,128,128,256,128,128,256,128,128,256
974,974,73,128,128,256,128,128,256,128,128,256
975,975,74,128,128,256,128,128,256,128,128,256
976,976,75,128,128,256,128,128,256,128,128,256
977,977,76,128,128,256,128,128,256,128,128,256
978,978,77,128,128,256,128,128,256,128,128,256
979,979,78,128,128,256,128,128,256,128,128,256
980,980,79,128,128,256,128,128,256,128,128,256
981,981,80,128,128,256,128,128,256,128,128,256
982,982,81,128,128,256,128,128,256,128,128,256
983,983,82,128,128,256,128,128,256,128,128,256
984,984,83,128,128,256,128,128,256,128,128,256
985,985,84,128,128,256,128,128,256,128,128,256
986,986,85,128,128,256,128,128,256,128,128,256
987,987,86,128,128,256,128,128,256,128,128,256
988,988,87,128,128,256,128,128,256,128,128,256
989,989,88,128,128,256,128,128,256,128,128,256
990,990,89,128,128,256,128,128,256,128,128,256
991,991,90,128,128,256,128,128,256,128,128,256
992,992,91,128,128,256,128,128,256,128,128,256
993,993,92,128,128,256,128,128,256,128,128,256
994,994,93,128,128,256,128,128,256,128,128,256
995,995,94,128,128,256,128,128,256,128,128,256
996,996,95,128,128,256,128,128,256,128,128,256
997,997,96,128,128,256,128,128,256,128,128,256
998,998,97,128,128,256,128,128,256,128,128,256
999,999,98,128,128,256,128,128,256,128,128,256
1000,1000,99,128,128,256,128,128,256,128,128,256
1001,1001,100,128,128,256,128,128,256,128,128,256
1002,1002,1,128,128,256,128,128,256,128,128,256
1003,1003,2,128,128,256,128,128,256,128,128,256
1004,1004,3,128,128,256,128,128,256,128,128,256
1005,1005,4,128,128,256,128,128,256,128,128,256
1006,1006,5,128,128,256,128,128,256,128,128,256
1007,1007,6,128,128,256,128,128,256,128,128,256
1008,1008,7,128,128,256,128,128,256,128,128,256
1009,1009,8,128,128,256,128,128,256,128,128,256
1010,1010,9,128,128,256,128,128,256,128,128,256
1011,1011,10,128,128,256,128,128,256,128,128,256
1012,1012,11,128,128,256,128,128,256,128,128,256
1013,1013,12,128,128,256,128,128,256,128,128,256
1014,1014,13,128,128,256,128,128,256,128,128,256
1015,1015,14,128,128,256,128,128,256,128,128,256
1016,1016,15,128,128,256,128,128,256,128,128,256
1017,1017,16,128,128,256,128,128,256,128,128,256
1018,1018,17,128,128,256,128,128,256,128,128,256
1019,1019,18,128,128,256,128,128,256,128,128,256
1020,1020,19,128,128,256,128,128,256,128,128,256
1021,1021,20,128,128,256,128,128,256,128,128,256
1022,1022,21,128,128,256,128,128,256,128,128,256
1023,1023,22,128,128,256,128,128,256,128,128,256
1024,1024,23,128,128,256,128,128,256,128,128,256
1025,1025,24,128,128,256,128,128,256,128,128,256
1026,1026,25,128,128,256,128,128,256,128,128,256
1027,1027,26,128,128,256,128,128,256,128,128,256
1028,1028,27,128,128,256,128,128,256,128,128,256
1029,1029,28,128,128,256,128,128,256,128,128,256
1030,1030,29,128,128,256,128,128,256,128,128,256
1031,1031,30,128,128,256,128,128,256,128,128,256
1032,1032,31,128,128,256,128,128,256,128,128,256
1033,1033,32,128,128,256,128,128,256,128,128,256
1034,1034,33,128,128,256,128,128,256,128,128,256
1035,1035,34,128,128,256,128,128,256,128,128,256
1036,1036,35,128,128,256,128,128,256,128,128,256
1037,1037,36,128,128,256,128,128,256,128,128,256
1038,1038,37,128,128,256,128,128,256,128,128,256
1039,1039,38,128,128,256,128,128,256,128,128,256
1040,1040,39,128,128,256,128,128,256,128,128,256
1041,1041,40,256,256,512,256,256,512,256,256,512
1042,1042,41,256,256,512,256,256,512,256,256,512
1043,1043,42,256,256,512,256,256,512,256,256,512
1044,1044,43,256,256,512,256,256,512,256,256,512
1045,1045,44,256,256,512,256,256,512,256,256,512
1046,1046,45,256,256,512,256,256,512,256,256,512
1047,1047,46,256,256,512,256,256,512,256,256,512
1048,1048,47,256,256,512,256,256,512,256,256,512
1049,1049,48,256,256,512,256,256,512,256,256,512
1050,1050,49,256,256,512,256,256,512,256,256,512
1051,1051,50,256,256,512,256,256,512,256,256,512
1052,1052,51,256,256,512,256,256,512,256,256,512
1053,1053,52,256,256,512,256,256,512,256,256,512
1054,1054,53,256,256,512,256,256,512,256,256,512
1055,1055,54,256,256,512,256,256,512,256,256,512
1056,1056,55,256,256,512,256,256,512,256,256,512
1057,1057,56,256,256,512,256,256,512,256,256,512
1058,1058,57,256,256,512,256,256,512,256,256,512
1059,1059,58,256,256,512,256,256,512,256,256,512
1060,1060,59,256,256,512,256,256,512,256,256,512
1061,1061,60,256,256,512,256,256,512,256,256,512
1062,1062,61,256,256,512,256,256,512,256,256,512
1063,1063,62,256,256,512,256,256,512,256,256,512
1064,1064,63,256,256,512,256,256,512,256,256,512
1065,1065,64,256,256,512,256,256,512,256,256,512
1066,1066,65,256,256,512,256,256,512,256,256,512
1067,1067,66,256,256,512,256,256,512,256,256,512
1068,1068,67,256,256,512,256,256,512,256,256,512
1069,1069,68,256,256,512,256,256,512,256,256,512
1070,1070,69,256,256,512,256,256,512,256,256,512
1071,1071,70,256,256,512,256,256,512,256,256,512
1072,1072,71,256,256,512,256,256,512,256,256,512
1073,1073,72,256,256,512,256,256,512,256,256,512
1074,1074,73,256,256,512,256,256,512,256,256,512
1075,1075,74,256,256,512,256,256,512,256,256,512
1076,1076,75,256,256,512,256,256,512,256,256,512
1077,1077,76,256,256,512,256,256,512,256,256,512
1078,1078,77,256,256,512,256,256,512,256,256,512
1079,1079,78,256,256,512,256,256,512,256,256,512
1080,1080,79,256,256,512,256,256,512,256,256,512
1081,1081,80,256,256,512,256,256,512,256,256,512
1082,1082,81,256,256,512,256,256,512,256,256,512
1083,1083,82,256,256,512,256,256,512,256,256,512
1084,1084,83,256,256,512,256,256,512,256,256,512
1085,1085,84,256,256,512,256,256,512,256,256,512
1086,1086,85,256,256,512,256,256,512,256,256,512
1087,1087,86,256,256,512,256,256,512,256,256,512
1088,1088,87,256,256,512,256,256,512,256,256,512
1089,1089,88,256,256,512,256,256,512,256,256,512
1090,1090,89,256,256,512,256,256,512,256,256,512
1091,1091,90,256,256,512,256,256,512,256,256,512
1092,1092,91,256,256,512,256,256,512,256,256,512
1093,1093,92,256,256,512,256,256,512,256,256,512
1094,1094,93,256,256,512,256,256,512,256,256,512
1095,1095,94,256,256,512,256,256,512,256,256,512
1096,1096,95,256,256,512,256,256,512,256,256,512
1097,1097,96,256,256,512,256,256,512,256,256,512
1098,1098,97,256,256,512,256,256,512,256,256,512
1099,1099,98,256,256,512,256,256,512,256,256,512
1100,1100,99,256,256,512,256,256,512,256,256,512
1101,1101,100,256,256,512,256,256,512,256,256,512
1102,1102,1,256,256,512,256,256,512,256,256,512
1103,1103,2,256,256,512,256,256,512,256,256,512
1104,1104,3,256,256,512,256,256,512,256,256,512
1105,1105,4,256,256,512,256,256,512,256,256,512
1106,1106,5,256,256,512,256,256,512,256,256,512
1107,1107,6,256,256,512,256,256,512,256,256,512
1108,1108,7,256,256,512,256,256,512,256,256,512
1109,1109,8,256,256,512,256,256,512,256,256,512
1110,1110,9,256,256,512,256,256,512,256,256,512
1111,1111,10,256,256,512,256,256,512,256,256,512
1112,1112,11,256,256,512,256,256,512,256,256,512
1113,1113,12,256,256,512,256,256,512,256,256,512
1114,1114,13,256,256,512,256,256,512,256,256,512
1115,1115,14,256,256,512,256,256,512,256,256,512
1116,1116,15,256,256,512,256,256,512,256,256,512
1117,1117,16,256,256,512,256,256,512,256,256,512
1118,1118,17,256,256,512,256,256,512,256,256,512
1119,1119,18,256,256,512,256,256,512,256,256,512
1120,1120,19,256,256,512,256,256,512,256,256,512
1121,1121,20,256,256,512,256,256,512,256,256,512
1122,1122,21,256,256,512,256,256,512,256,256,512
1123,1123,22,256,256,512,256,256,512,256,256,512
1124,1124,23,256,256,512,256,256,512,256,256,512
1125,1125,24,256,256,512,256,256,512,256,256,512
1126,1126,25,256,256,512,256,256,512,256,256,512
1127,1127,26,256,256,512,256,256,512,256,256,512
1128,1128,27,256,256,512,256,256,512,256,256,512
1129,1129,28,256,256,512,256,256,512,256,256,512
1130,1130,29,256,256,512,256,256,512,256,256,512
1131,1131,30,256,256,512,256,256,512,256,256,512
1132,1132,31,256,256,512,256,256,512,256,256,512
1133,1133,32,256,256,512,256,256,512,256,256,512
1134,1134,33,256,256,512,256,256,512,256,256,512
1135,1135,34,256,256,512,256,256,512,256,256,512
1136,1136,35,256,256,512,256,256,512,256,256,512
1137,1137,36,256,256,512,256,256,512,256,256,512
1138,1138,37,256,256,512,256,256,512,256,256,512
1139,1139,38,256,256,512,256,256,512,256,256,512
1140,1140,39,256,256,512,256,256,512,256,256,512
1141,1141,40,256,256,512,256,256,512,256,256,512
1142,1142,41,256,256,512,256,256,512,256,256,512
1143,1143,42,256,256,512,256,256,512,256,256,512
1144,1144,43,256,256,512,256,256,512,256,256,512
1145,1145,44,256,256,512,256,256,512,256,256,512
1146,1146,45,256,256,512,256,256,512,256,256,512
1147,1147,46,256,256,512,256,256,512,256,256,512
1148,1148,47,256,256,512,256,256,512,256,256,512
1149,1149,48,256,256,512,256,256,512,256,256,512
1150,1150,49,256,256,512,256,256,512,256,256,512
1151,1151,50,256,256,512,256,256,512,256,256,512
1152,1152,51,256,256,512,256,256,512,256,256,512
1153,1153,52,256,256,512,256,256,512,256,256,512
1154,1154,53,256,256,512,256,256,512,256,256,512
1155,1155,54,256,256,512,256,256,512,256,256,512
1156,1156,55,256,256,512,256,256,512,256,256,512
1157,1157,56,256,256,512,256,256,512,256,256,512
1158,1158,57,256,256,512,256,256,512,256,256,512
1159,1159,58,256,256,512,256,256,512,256,256,512
1160,1160,59,256,256,512,256,256,512,256,256,512
1161,1161,60,256,256,512,256,256,512,256,256,512
1162,1162,61,256,256,512,256,256,512,256,256,512
1163,1163,62,256,256,512,256,256,512,256,256,512
1164,1164,63,256,256,512,256,256,512,256,256,512
1165,1165,64,256,256,512,256,256,512,256,256,512
1166,1166,65,256,256,512,256,256,512,256,256,512
1167,1167,66,256,256,512,256,256,512,256,256,512
1168,1168,67,256,256,512,256,256,512,256,256,512
1169,1169,68,256,256,512,256,256,512,256,256,512
1170,1170,69,256,256,512,256,256,512,256,256,512
1171,1171,70,256,256,512,256,256,512,256,256,512
1172,1172,71,256,256,512,256,256,512,256,256,512
1173,1173,72,256,256,512,256,256,512,256,256,512
1174,1174,73,256,256,512,256,256,512,256,256,512
1175,1175,74,256,256,512,256,256,512,256,256,512
1176,1176,75,256,256,512,256,256,512,256,256,512
1177,1177,76,256,256,512,256,256,512,256,256,512
1178,1178,77,256,256,512,256,256,512,256,256,512
1179,1179,78,256,256,512,256,256,512,256,256,512
1180,1180,79,256,256,512,256,256,512,256,256,512
1181,1181,80,256,256,512,256,256,512,256,256,512
1182,1182,81,256,256,512,256,256,512,256,256,512
1183,1183,82,256,256,512,256,256,512,256,256,512
1184,1184,83,256,256,512,256,256,512,256,256,512
1185,1185,84,256,256,512,256,256,512,256,256,512
1186,1186,85,256,256,512,256,256,512,256,256,512
1187,1187,86,256,256,512,256,256,512,256,256,512
1188,1188,87,256,256,512,256,256,512,256,256,512
1189,1189,88,256,256,512,256,256,512,256,256,512
1190,1190,89,256,256,512,256,256,512,256,256,512
1191,1191,90,256,256,512,256,256,512,256,256,512
1192,1192,91,256,256,512,256,256,512,256,256,512
1193,1193,92,256,256,512,256,256,512,256,256,512
1194,1194,93,256,256,512,256,256,512,256,256,512
1195,1195,94,256,256,512,256,256,512,256,256,512
1196,1196,95,256,256,512,256,256,512,256,256,512
1197,1197,96,256,256,512,256,256,512,256,256,512
1198,1198,97,256,256,512,256,256,512,256,256,512
1199,1199,98,256,256,512,256,256,512,256,256,512
1200,1200,99,256,256,512,256,256,512,256,256,512
1201,1201,100,256,256,512,256,256,512,256,256,512
1202,1202,1,256,256,512,256,256,512,256,256,512
1203,1203,2,256,256,512,256,256,512,256,256,512
1204,1204,3,512,512,1024,512,512,1024,512,512,1024
1205,1205,4,512,512,1024,512,512,1024,512,512,1024
1206,1206,5,512,512,1024,512,512,1024,512,512,1024
1207,1207,6,512,512,1024,512,512,1024,512,512,1024
1208,1208,7,512,512,1024,512,512,1024,512,512,1024
1209,1209,8,512,512,1024,512,512,1024,512,512,1024
1210,1210,9,512,512,1024,512,512,1024,512,512,1024
1211,1211,10,512,512,1024,512,512,1024,512,512,1024
1212,1212,11,512,512,1024,512,512,1024,512,512,1024
1213,1213,12,512,512,1024,512,512,1024,512,512,1024
1214,1214,13,512,512,1024,512,512,1024,512,512,1024
1215,1215,14,512,512,1024,512,512,1024,512,512,1024
1216,1216,15,512,512,1024,512,512,1024,512,512,1024
1217,1217,16,512,512,1024,512,512,1024,512,512,1024
1218,1218,17,512,512,1024,512,512,1024,512,512,1024
1219,1219,18,512,512,1024,512,512,1024,512,512,1024
1220,1220,19,512,512,1024,512,512,1024,512,512,1024
1221,1221,20,512,512,1024,512,512,1024,512,512,1024
1222,1222,21,512,512,1024,512,512,1024,512,512,1024
1223,1223,22,512,512,1024,512,512,1024,512,512,1024
1224,1224,23,512,512,1024,512,512,1024,512,512,1024
1225,1225,24,512,512,1024,512,512,1024,512,512,1024
1226,1226,25,512,512,1024,512,512,1024,512,512,1024
1227,1227,26,512,512,1024,512,512,1024,512,512,1024
1228,1228,27,512,512,1024,512,512,1024,512,512,1024
1229,1229,28,512,512,1024,512,512,1024,512,512,1024
1230,1230,29,512,512,1024,512,512,1024,512,512,1024
1231,1231,30,512,512,1024,512,512,1024,512,512,1024
1232,1232,31,512,512,1024,512,512,1024,512,512,1024
1233,1233,32,512,512,1024,512,512,1024,512,512,1024
1234,1234,33,512,512,1024,512,512,1024,512,512,1024
1235,1235,34,512,512,1024,512,512,1024,512,512,1024
1236,1236,35,512,512,1024,512,512,1024,512,512,1024
1237,1237,36,512,512,1024,512,512,1024,512,512,1024
1238,1238,37,512,512,1024,512,512,1024,512,512,1024
1239,1239,38,512,512,1024,512,512,1024,512,512,1024
1240,1240,39,512,512,1024,512,512,1024,512,512,1024
1241,1241,40,512,512,1024,512,512,1024,512,512,1024
1242,1242,41,512,512,1024,512,512,1024,512,512,1024
1243,1243,42,512,512,1024,512,512,1024,512,512,1024
1244,1244,43,512,512,1024,512,512,1024,512,512,1024
1245,1245,44,512,512,1024,512,512,1024,512,512,1024
1246,1246,45,512,512,1024,512,512,1024,512,512,1024
1247,1247,46,512,512,1024,512,512,1024,512,512,1024
1248,1248,47,512,512,1024,512,512,1024,512,512,1024
1249,1249,48,512,512,1024,512,512,1024,512,512,1024
1250,1250,49,512,512,1024,512,512,1024,512,512,1024
1251,1251,50,512,512,1024,512,512,1024,512,512,1024
1252,1252,51,512,512,1024,512,512,1024,512,512,1024
1253,1253,52,512,512,1024,512,512,1024,512,512,1024
1254,1254,53,512,512,1024,512,512,1024,512,512,1024
1255,1255,54,512,512,1024,512,512,1024,512,512,1024
1256,1256,55,512,512,1024,512,512,1024,512,512,1024
1257,1257,56,512,512,1024,512,512,1024,512,512,1024
1258,1258,57,512,512,1024,512,512,1024,512,512,1024
1259,1259,58,512,512,1024,512,512,1024,512,512,1024
1260,1260,59,512,512,1024,512,512,1024,512,512,1024
1261,1261,60,512,512,1024,512,512,1024,512,512,1024
1262,1262,61,512,512,1024,512,512,1024,512,512,1024
1263,1263,62,512,512,1024,512,512,1024,512,512,1024
1264,1264,63,512,512,1024,512,512,1024,512,512,1024
1265,1265,64,512,512,1024,512,512,1024,512,512,1024
1266,1266,65,512,512,1024,512,512,1024,512,512,1024
1267,1267,66,512,512,1024,512,512,1024,512,512,1024
1268,1268,67,512,512,1024,512,512,1024,512,512,1024
1269,1269,68,512,512,1024,512,512,1024,512,512,1024
1270,1270,69,512,512,1024,512,512,1024,512,512,1024
1271,1271,70,512,512,1024,512,512,1024,512,512,1024
1272,1272,71,512,512,1024,512,512,1024,512,512,1024
1273,1273,72,512,512,1024,512,512,1024,512,512,1024
1274,1274,73,512,512,1024,512,512,1024,512,512,1024
1275,1275,74,512,512,1024,512,512,1024,512,512,1024
1276,1276,75,512,512,1024,512,512,1024,512,512,1024
1277,1277,76,512,512,1024,512,512,1024,512,512,1024
1278,1278,77,512,512,1024,512,512,1024,512,512,1024
1279,1279,78,512,512,1024,512,512,1024,512,512,1024
1280,1280,79,512,512,1024,512,512,1024,512,512,1024
1281,1281,80,512,512,1024,512,512,1024,512,512,1024
1282,1282,81,512,512,1024,512,512,1024,512,512,1024
1283,1283,82,512,512,1024,512,512,1024,512,512,1024
1284,1284,83,512,512,1024,512,512,1024,512,512,1024
1285,1285,84,512,512,1024,512,512,1024,512,512,1024
1286,1286,85,512,512,1024,512,512,1024,512,512,1024
1287,1287,86,512,512,1024,512,512,1024,512,512,1024
1288,1288,87,512,512,1024,512,512,1024,512,512,1024
1289,1289,88,512,512,1024,512,512,1024,512,512,1024
1290,1290,89,512,512,1024,512,512,1024,512,512,1024
1291,1291,90,512,512,1024,512,512,1024,512,512,1024
1292,1292,91,512,512,1024,512,512,1024,512,512,1024
1293,1293,92,512,512,1024,512,512,1024,512,512,1024
1294,1294,93,512,512,1024,512,512,1024,512,512,1024
1295,1295,94,512,512,1024,512,512,1024,512,512,1024
1296,1296,95,512,512,1024,512,512,1024,512,512,1024
1297,1297,96,512,512,1024,512,512,1024,512,512,1024
1298,1298,97,512,512,1024,512,512,1024,512,512,1024
1299,1299,98,512,512,1024,512,512,1024,512,512,1024
1300,1300,99,512,512,1024,512,512,1024,512,512,1024
1301,1301,100,512,512,1024,512,512,1024,512,512,1024
1302,1302,1,512,512,1024,512,512,1024,512,512,1024
1303,1303,2,512,512,1024,512,512,1024,512,512,1024
1304,1304,3,512,512,1024,512,512,1024,512,512,1024
1305,1305,4,512,512,1024,512,512,1024,512,512,1024
1306,1306,5,512,512,1024,512,512,1024,512,512,1024
1307,1307,6,512,512,1024,512,512,1024,512,512,1024
1308,1308,7,512,512,1024,512,512,1024,512,512,1024
1309,1309,8,512,512,1024,512,512,1024,512,512,1024
1310,1310,9,512,512,1024,512,512,1024,512,512,1024
1311,1311,10,512,512,1024,512,512,1024,512,512,1024
1312,1312,11,512,512,1024,512,512,1024,512,512,1024
1313,1313,12,512,512,1024,512,512,1024,512,512,1024
1314,1314,13,512,512,1024,512,512,1024,512,512,1024
1315,1315,14,512,512,1024,512,512,1024,512,512,1024
1316,1316,15,512,512,1024,512,512,1024,512,512,1024
1317,1317,16,512,512,1024,512,512,1024,512,512,1024
1318,1318,17,512,512,1024,512,512,1024,512,512,1024
1319,1319,18,512,512,1024,512,512,1024,512,512,1024
1320,1320,19,512,512,1024,512,512,1024,512,512,1024
1321,1321,20,512,512,1024,512,512,1024,512,512,1024
1322,1322,21,512,512,1024,512,512,1024,512,512,1024
1323,1323,22,512,512,1024,512,512,1024,512,512,1024
1324,1324,23,512,512,1024,512,512,1024,512,512,1024
1325,1325,24,512,512,1024,512,512,1024,512,512,1024
1326,1326,25,512,512,1024,512,512,1024,512,512,1024
1327,1327,26,512,512,1024,512,512,1024,512,512,1024
1328,1328,27,512,512,1024,512,512,1024,512,512,1024
1329,1329,28,512,512,1024,512,512,1024,512,512,1024
1330,1330,29,512,512,1024,512,512,1024,512,512,1024
1331,1331,30,512,512,1024,512,512,1024,512,512,1024
1332,1332,31,512,512,1024,512,512,1024,512,512,1024
1333,1333,32,512,512,1024,512,512,1024,512,512,1024
1334,1334,33,512,512,1024,512,512,1024,512,512,1024
1335,1335,34,512,512,1024,512,512,1024,512,512,1024
1336,1336,35,512,512,1024,512,512,1024,512,512,1024
1337,1337,36,512,512,1024,512,512,1024,512,512,1024
1338,1338,37,512,512,1024,512,512,1024,512,512,1024
1339,1339,38,512,512,1024,512,512,1024,512,512,1024
1340,1340,39,512,512,1024,512,512,1024,512,512,1024
1341,1341,40,512,512,1024,512,512,1024,512,512,1024
1342,1342,41,512,512,1024,512,512,1024,512,512,1024
1343,1343,42,512,512,1024,512,512,1024,512,512,1024
1344,1344,43,512,512,1024,512,512,1024,512,512,1024
1345,1345,44,512,512,1024,512,512,1024,512,512,1024
1346,1346,45,512,512,1024,512,512,1024,512,512,1024
1347,1347,46,512,512,1024,512,512,1024,512,512,1024
1348,1348,47,512,512,1024,512,512,1024,512,512,1024
1349,1349,48,512,512,1024,512,512,1024,512,512,1024
1350,1350,49,512,512,1024,512,512,1024,512,512,1024
1351,1351,50,512,512,1024,512,512,1024,512,512,1024
1352,1352,51,512,512,1024,512,512,1024,512,512,1024
1353,1353,52,512,512,1024,512,512,1024,512,512,1024
1354,1354,53,512,512,1024,512,512,1024,512,512,1024
1355,1355,54,512,512,1024,512,512,1024,512,512,1024
1356,1356,55,512,512,1024,512,512,1024,512,512,1024
1357,1357,56,512,512,1024,512,512,1024,512,512,1024
1358,1358,57,512,512,1024,512,512,1024,512,512,1024
1359,1359,58,512,512,1024,512,512,1024,512,512,1024
1360,1360,59,512,512,1024,512,512,1024,512,512,1024
1361,1361,60,512,512,1024,512,512,1024,512,512,1024
1362,1362,61,512,512,1024,512,512,1024,512,512,1024
1363,1363,62,512,512,1024,512,512,1024,512,512,1024
1364,1364,63,512,512,1024,512,512,1024,512,512,1024
1365,1365,64,512,512,1024,512,512,1024,512,512,1024
1366,1366,65,512,512,1024,512,512,1024,512,512,1024
1367,1367,66,512,512,1024,512,512,1024,512,512,1024
1368,1368,67,512,512,1024,512,512,1024,512,512,1024
1369,1369,68,512,512,1024,512,512,1024,512,512,1024
1370,1370,69,512,512,1024,512,512,1024,512,512,1024
1371,1371,70,512,512,1024,512,512,1024,512,512,1024
1372,1372,71,512,512,1024,512,512,1024,512,512,1024
1373,1373,72,512,512,1024,512,512,1024,512,512,1024
1374,1374,73,512,512,1024,512,512,1024,512,512,1024
1375,1375,74,512,512,1024,512,512,1024,512,512,1024
1376,1376,75,512,512,1024,512,512,1024,512,512,1024
1377,1377,76,512,512,1024,512,512,1024,512,512,1024
1378,1378,77,512,512,1024,512,512,1024,512,512,1024
1379,1379,78,512,512,1024,512,512,1024,512,512,1024
1380,1380,79,512,512,1024,512,512,1024,512,512,1024
1381,1381,80,512,512,1024,512,512,1024,512,512,1024
1382,1382,81,512,512,1024,512,512,1024,512,512,1024
1383,1383,82,512,512,1024,512,512,1024,512,512,1024
1384,1384,83,512,512,1024,512,512,1024,512,512,1024
1385,1385,84,512,512,1024,512,512,1024,512,512,1024
1386,1386,85,512,512,1024,512,512,1024,512,512,1024
1387,1387,86,512,512,1024,512,512,1024,512,512,1024
1388,1388,87,512,512,1024,512,512,1024,512,512,1024
1389,1389,88,512,512,1024,512,512,1024,512,512,1024
1390,1390,89,512,512,1024,512,512,1024,512,512,1024
1391,1391,90,512,512,1024,512,512,1024,512,512,1024
1392,1392,91,512,512,1024,512,512,1024,512,512,1024
1393,1393,92,512,512,1024,512,512,1024,512,512,1024
1394,1394,93,512,512,1024,512,512,1024,512,512,1024
1395,1395,94,512,512,1024,512,512,1024,512,512,1024
1396,1396,95,512,512,1024,512,512,1024,512,512,1024
1397,1397,96,512,512,1024,512,512,1024,512,512,1024
1398,1398,97,512,512,1024,512,512,1024,512,512,1024
1399,1399,98,512,512,1024,512,512,1024,512,512,1024
1400,1400,99,512,512,1024,512,512,1024,512,512,1024
1401,1401,100,512,512,1024,512,512,1024,512,512,1024
1402,1402,1,512,512,1024,512,512,1024,512,512,1024
1403,1403,2,512,512,1024,512,512,1024,512,512,1024
1404,1404,3,512,512,1024,512,512,1024,512,512,1024
1405,1405,4,512,512,1024,512,512,1024,512,512,1024
1406,1406,5,512,512,1024,512,512,1024,512,512,1024
1407,1407,6,512,512,1024,512,512,1024,512,512,1024
1408,1408,7,512,512,1024,512,512,1024,512,512,1024
1409,1409,8,512,512,1024,512,512,1024,512,512,1024
1410,1410,9,512,512,1024,512,512,1024,512,512,1024
1411,1411,10,512,512,1024,512,512,1024,512,512,1024
1412,1412,11,512,512,1024,512,512,1024,512,512,1024
1413,1413,12,512,512,1024,512,512,1024,512,512,1024
1414,1414,13,512,512,1024,512,512,1024,512,512,1024
1415,1415,14,512,512,1024,512,512,1024,512,512,1024
1416,1416,15,512,512,1024,512,512,1024,512,512,1024
1417,1417,16,512,512,1024,512,512,1024,512,512,1024
1418,1418,17,512,512,1024,512,512,1024,512,512,1024
1419,1419,18,512,512,1024,512,512,1024,512,512,1024
1420,1420,19,512,512,1024,512,512,1024,512,512,1024
1421,1421,20,512,512,1024,512,512,1024,512,512,1024
1422,1422,21,512,512,1024,512,512,1024,512,512,1024
1423,1423,22,512,512,1024,512,512,1024,512,512,1024
1424,1424,23,512,512,1024,512,512,1024,512,512,1024
1425,1425,24,512,512,1024,512,512,1024,512,512,1024
1426,1426,25,512,512,1024,512,512,1024,512,512,1024
1427,1427,26,512,512,1024,512,512,1024,512,512,1024
1428,1428,27,512,512,1024,512,512,1024,512,512,1024
1429,1429,28,512,512,1024,512,512,1024,512,512,1024
1430,1430,29,512,512,1024,512,512,1024,512,512,1024
1431,1431,30,512,512,1024,512,512,1024,512,512,1024
1432,1432,31,512,512,1024,512,512,1024,512,512,1024
1433,1433,32,512,512,1024,512,512,1024,512,512,1024
1434,1434,33,512,512,1024,512,512,1024,512,512,1024
1435,1435,34,512,512,1024,512,512,1024,512,512,1024
1436,1436,35,512,512,1024,512,512,1024,512,512,1024
1437,1437,36,512,512,1024,512,512,1024,512,512,1024
1438,1438,37,512,512,1024,512,512,1024,512,512,1024
1439,1439,38,512,512,1024,512,512,1024,512,512,1024
1440,1440,39,512,512,1024,512,512,1024,512,512,1024
1441,1441,40,512,512,1024,512,512,1024,512,512,1024
1442,1442,41,512,512,1024,512,512,1024,512,512,1024
1443,1443,42,512,512,1024,512,512,1024,512,512,1024
1444,1444,43,512,512,1024,512,512,1024,512,512,1024
1445,1445,44,512,512,1024,512,512,1024,512,512,1024
1446,1446,45,512,512,1024,512,512,1024,512,512,1024
1447,1447,46,512,512,1024,512,512,1024,512,512,1024
1448,1448,47,512,512,1024,512,512,1024,512,512,1024
1449,1449,48,512,512,1024,512,512,1024,512,512,1024
1450,1450,49,512,512,1024,512,512,1024,512,512,1024
1451,1451,50,512,512,1024,512,512,1024,512,512,1024
1452,1452,51,512,512,1024,512,512,1024,512,512,1024
1453,1453,52,512,512,1024,512,512,1024,512,512,1024
1454,1454,53,512,512,1024,512,512,1024,512,512,1024
1455,1455,54,512,512,1024,512,512,1024,512,512,1024
1456,1456,55,512,512,1024,512,512,1024,512,512,1024
1457,1457,56,512,512,1024,512,512,1024,512,512,1024
1458,1458,57,512,512,1024,512,512,1024,512,512,1024
1459,1459,58,512,512,1024,512,512,1024,512,512,1024
1460,1460,59,512,512,1024,512,512,1024,512,512,1024
1461,1461,60,512,512,1024,512,512,1024,512,512,1024
1462,1462,61,512,512,1024,512,512,1024,512,512,1024
1463,1463,62,512,512,1024,512,512,1024,512,512,1024
1464,1464,63,512,512,1024,512,512,1024,512,512,1024
1465,1465,64,512,512,1024,512,512,1024,512,512,1024
1466,1466,65,512,512,1024,512,512,1024,512,512,1024
1467,1467,66,512,512,1024,512,512,1024,512,512,1024
1468,1468,67,512,512,1024,512,512,1024,512,512,1024
1469,1469,68,512,512,1024,512,512,1024,512,512,1024
1470,1470,69,512,512,1024,512,512,1024,512,512,1024
1471,1471,70,512,512,1024,512,512,1024,512,512,1024
1472,1472,71,512,512,1024,512,512,1024,512,512,1024
1473,1473,72,512,512,1024,512,512,1024,512,512,1024
1474,1474,73,512,512,1024,512,512,1024,512,512,1024
1475,1475,74,512,512,1024,512,512,1024,512,512,1024
1476,1476,75,512,512,1024,512,512,1024,512,512,1024
1477,1477,76,512,512,1024,512,512,1024,512,512,1024
1478,1478,77,512,512,1024,512,512,1024,512,512,1024
1479,1479,78,512,512,1024,512,512,1024,512,512,1024
1480,1480,79,512,512,1024,512,512,1024,512,512,1024
1481,1481,80,512,512,1024,512,512,1024,512,512,1024
1482,1482,81,512,512,1024,512,512,1024,512,512,1024
1483,1483,82,512,512,1024,512,512,1024,512,512,1024
1484,1484,83,512,512,1024,512,512,1024,512,512,1024
1485,1485,84,512,512,1024,512,512,1024,512,512,1024
1486,1486,85,512,512,1024,512,512,1024,512,512,1024
1487,1487,86,512,512,1024,512,512,1024,512,512,1024
1488,1488,87,512,512,1024,512,512,1024,512,512,1024
1489,1489,88,512,512,1024,512,512,1024,512,512,1024
1490,1490,89,512,512,1024,512,512,1024,512,512,1024
1491,1491,90,512,512,1024,512,512,1024,512,512,1024
1492,1492,91,512,512,1024,512,512,1024,512,512,1024
1493,1493,92,512,512,1024,512,512,1024,512,512,1024
1494,1494,93,512,512,1024,512,512,1024,512,512,1024
1495,1495,94,512,512,1024,512,512,1024,512,512,1024
1496,1496,95,512,512,1024,512,512,1024,512,512,1024
1497,1497,96,512,512,1024,512,512,1024,512,512,1024
1498,1498,97,512,512,1024,512,512,1024,512,512,1024
1499,1499,98,512,512,1024,512,512,1024,512,512,1024
1500,1500,99,512,512,1024,512,512,1024,512,512,1024
1501,1501,100,512,512,1024,512,512,1024,512,512,1024
1502,1502,1,512,512,1024,512,512,1024,512,512,1024
1503,1503,2,512,512,1024,512,512,1024,512,512,1024
1504,1504,3,512,512,1024,512,512,1024,512,512,1024
1505,1505,4,512,512,1024,512,512,1024,512,512,1024
1506,1506,5,512,512,1024,512,512,1024,512,512,1024
1507,1507,6,512,512,1024,512,512,1024,512,512,1024
1508,1508,7,512,512,1024,512,512,1024,512,512,1024
1509,1509,8,512,512,1024,512,512,1024,512,512,1024
1510,1510,9,512,512,1024,512,512,1024,512,512,1024
1511,1511,10,512,512,1024,512,512,1024,512,512,1024
1512,1512,11,510,512,1022,512,512,1024,512,512,1024
1513,1513,12,510,512,1022,511,512,1023,511,512,1023
1514,1514,13,510,512,1022,510,511,1021,511,512,1023
1515,1515,14,509,512,1021,509,511,1020,510,512,1022
1516,1516,15,509,510,1019,508,510,1018,509,512,1021
1517,1517,16,508,510,1018,508,509,1017,508,512,1020
1518,1518,17,507,509,1016,508,506,1014,507,512,1019
1519,1519,18,506,506,1012,508,506,1014,506,512,1018
1520,1520,19,506,504,1010,508,506,1014,502,512,1014
1521,1521,20,505,500,1005,506,505,1011,502,511,1013
1522,1522,21,504,500,1004,505,503,1008,500,507,1007
1523,1523,22,501,498,999,502,503,1005,498,502,1000
1524,1524,23,499,493,992,500,499,999,493,500,993
1525,1525,24,495,491,986,495,497,992,492,497,989
1526,1526,25,488,487,975,492,492,984,491,495,986
1527,1527,26,485,483,968,483,485,968,487,493,980
1528,1528,27,480,477,957,478,477,955,479,487,966
1529,1529,28,474,471,945,473,473,946,475,483,958
1530,1530,29,468,466,934,466,467,933,472,477,949
1531,1531,30,462,464,926,462,461,923,468,474,942
1532,1532,31,456,457,913,458,454,912,462,461,923
1533,1533,32,448,453,901,456,448,904,458,455,913
1534,1534,33,439,442,881,448,440,888,452,449,901
1535,1535,34,435,437,872,445,431,876,444,441,885
1536,1536,35,428,425,853,440,429,869,438,436,874
1537,1537,36,420,423,843,427,420,847,428,421,849
1538,1538,37,410,413,823,418,411,829,421,408,829
1539,1539,38,399,405,804,412,404,816,415,403,818
1540,1540,39,390,393,783,397,398,795,402,393,795
1541,1541,40,384,389,773,394,392,786,390,386,776
1542,1542,41,373,383,756,386,381,767,381,378,759
1543,1543,42,363,373,736,376,378,754,370,373,743
1544,1544,43,356,370,726,362,371,733,366,361,727
1545,1545,44,348,359,707,357,362,719,359,354,713
1546,1546,45,342,353,695,349,354,703,351,346,697
1547,1547,46,338,349,687,343,346,689,342,343,685
1548,1548,47,333,344,677,339,342,681,338,339,677
1549,1549,48,327,340,667,334,333,667,334,331,665
1550,1550,49,322,336,658,330,329,659,332,328,660
1551,1551,50,319,328,647,320,324,644,328,323,651
1552,1552,51,315,322,637,313,321,634,323,323,646
1553,1553,52,313,317,630,311,315,626,319,319,638
1554,1554,53,309,312,621,308,310,618,316,314,630
1555,1555,54,308,311,619,302,306,608,314,312,626
1556,1556,55,306,308,614,301,302,603,310,311,621
1557,1557,56,305,304,609,301,300,601,308,306,614
1558,1558,57,305,302,607,299,298,597,308,304,612
1559,1559,58,304,300,604,299,298,597,307,302,609
1560,1560,59,299,299,598,299,296,595,306,301,607
1561,1561,60,296,298,594,298,296,594,305,299,604
1562,1562,61,294,297,591,295,296,591,305,298,603
1563,1563,62,294,297,591,294,296,590,305,298,603
1564,1564,63,294,297,591,294,295,589,305,297,602
1565,1565,64,294,297,591,293,293,586,304,296,600
1566,1566,65,294,295,589,293,293,586,304,296,600
1567,1567,66,294,295,589,293,293,586,303,296,599
1568,1568,67,293,295,588,293,293,586,303,296,599
1569,1569,68,293,294,587,293,293,586,303,296,599
1570,1570,69,293,294,587,293,293,586,303,296,599
1571,1571,70,293,294,587,293,293,586,303,296,599
1572,1572,71,293,293,586,293,293,586,303,296,599
1573,1573,72,293,293,586,293,293,586,303,296,599
1574,1574,73,293,293,586,293,293,586,303,296,599
1575,1575,74,293,293,586,293,293,586,303,296,599
1576,1576,75,293,293,586,293,293,586,303,296,599
1577,1577,76,293,293,586,293,293,586,303,296,599
1578,1578,77,293,293,586,293,293,586,303,296,599
1579,1579,78,293,293,586,293,293,586,303,296,599
1580,1580,79,293,293,586,292,293,585,303,296,599
1581,1581,80,293,292,585,292,293,585,303,296,599
1582,1582,81,293,292,585,292,293,585,302,296,598
1583,1583,82,292,292,584,292,293,585,301,296,597
1584,1584,83,292,292,584,292,293,585,301,296,597
1585,1585,84,292,291,583,292,293,585,301,296,597
1586,1586,85,291,291,582,287,293,580,300,295,595
1587,1587,86,291,290,581,287,292,579,300,291,591
1588,1588,87,291,290,581,285,292,577,299,290,589
1589,1589,88,290,289,579,284,290,574,299,289,588
1590,1590,89,289,288,577,283,289,572,298,288,586
1591,1591,90,287,287,574,283,287,570,295,284,579
1592,1592,91,284,284,568,279,284,563,294,278,572
1593,1593,92,283,283,566,278,283,561,290,273,563
1594,1594,93,279,282,561,276,283,559,289,270,559
1595,1595,94,278,277,555,274,279,553,283,270,553
1596,1596,95,275,275,550,271,276,547,277,267,544
1597,1597,96,274,271,545,266,274,540,272,262,534
1598,1598,97,269,269,538,263,272,535,265,259,524
1599,1599,98,265,263,528,260,268,528,261,256,517
1600,1600,99,260,258,518,255,264,519,254,254,508
1601,1601,100,252,253,505,250,256,506,248,249,497
1602,1602,1,248,243,491,244,250,494,242,245,487
1603,1603,2,243,238,481,238,248,486,239,243,482
1604,1604,3,235,234,469,232,243,475,231,237,468
1605,1605,4,229,228,457,226,240,466,222,232,454
1606,1606,5,220,220,440,218,232,450,216,224,440
1607,1607,6,215,215,430,212,222,434,210,218,428
1608,1608,7,213,212,425,207,216,423,202,212,414
1609,1609,8,208,204,412,201,209,410,199,208,407
1610,1610,9,201,200,401,197,206,403,194,204,398
1611,1611,10,198,190,388,194,205,399,190,197,387
1612,1612,11,193,187,380,188,203,391,187,191,378
1613,1613,12,190,185,375,182,201,383,184,190,374
1614,1614,13,188,183,371,180,193,373,184,186,370
1615,1615,14,188,178,366,175,188,363,178,184,362
1616,1616,15,184,171,355,170,184,354,173,179,352
1617,1617,16,181,168,349,167,184,351,169,177,346
1618,1618,17,177,165,342,159,182,341,168,173,341
1619,1619,18,176,162,338,154,173,327,168,171,339
1620,1620,19,174,158,332,153,170,323,163,167,330
1621,1621,20,171,157,328,150,168,318,162,165,327
1622,1622,21,169,156,325,147,168,315,158,161,319
1623,1623,22,164,154,318,146,165,311,154,159,313
1624,1624,23,163,152,315,145,164,309,150,157,307
1625,1625,24,163,147,310,143,162,305,147,152,299
1626,1626,25,160,146,306,140,160,300,145,152,297
1627,1627,26,159,146,305,140,159,299,141,150,291
1628,1628,27,159,144,303,139,156,295,140,150,290
1629,1629,28,158,144,302,139,152,291,140,144,284
1630,1630,29,157,143,300,139,151,290,139,143,282
1631,1631,30,154,143,297,137,151,288,139,143,282
1632,1632,31,153,143,296,137,150,287,139,143,282
1633,1633,32,152,143,295,137,147,284,138,140,278
1634,1634,33,152,143,295,137,147,284,137,139,276
1635,1635,34,151,143,294,136,146,282,137,138,275
1636,1636,35,151,142,293,136,145,281,136,138,274
1637,1637,36,151,141,292,136,145,281,136,136,272
1638,1638,37,150,140,290,136,145,281,136,135,271
1639,1639,38,150,140,290,136,145,281,135,135,270
1640,1640,39,150,140,290,136,143,279,135,133,268
1641,1641,40,150,140,290,135,143,278,134,133,267
1642,1642,41,150,139,289,135,143,278,134,133,267
1643,1643,42,149,138,287,135,143,278,134,133,267
1644,1644,43,149,137,286,135,143,278,134,133,267
1645,1645,44,149,137,286,135,143,278,133,133,266
1646,1646,45,149,137,286,135,143,278,133,133,266
1647,1647,46,149,137,286,135,143,278,133,133,266
1648,1648,47,149,137,286,135,143,278,133,133,266
1649,1649,48,149,137,286,135,143,278,133,133,266
1650,1650,49,149,137,286,135,142,277,133,133,266
1651,1651,50,149,137,286,134,142,276,133,133,266
1652,1652,51,149,137,286,134,142,276,133,133,266
1653,1653,52,149,137,286,134,142,276,133,133,266
1654,1654,53,149,137,286,134,142,276,133,133,266
1655,1655,54,149,137,286,134,142,276,133,133,266
1656,1656,55,149,137,286,134,142,276,133,133,266
1657,1657,56,149,137,286,134,142,276,133,133,266
1658,1658,57,149,137,286,134,142,276,133,133,266
1659,1659,58,149,137,286,134,142,276,133,133,266
1660,1660,59,149,137,286,134,142,276,133,133,266
1661,1661,60,149,137,286,134,142,276,133,133,266
1662,1662,61,149,137,286,134,142,276,133,133,266
1663,1663,62,149,137,286,134,142,276,133,133,266
1664,1664,63,149,137,286,134,142,276,133,133,266
1665,1665,64,149,137,286,134,142,276,133,133,266
1666,1666,65,149,137,286,134,142,276,133,133,266
1667,1667,66,149,137,286,134,142,276,133,133,266
1668,1668,67,149,137,286,134,142,276,133,133,266
1669,1669,68,149,137,286,134,142,276,133,133,266
1670,1670,69,149,137,286,134,142,276,133,133,266
1671,1671,70,149,137,286,134,142,276,133,133,266
1672,1672,71,149,137,286,134,142,276,133,133,266
1673,1673,72,149,137,286,134,142,276,133,133,266
1674,1674,73,149,137,286,134,142,276,133,133,266
1675,1675,74,149,137,286,134,142,276,133,133,266
1676,1676,75,149,137,286,134,142,276,133,133,266
1677,1677,76,149,137,286,134,142,276,133,133,266
1678,1678,77,149,137,286,134,142,276,133,133,266
1679,1679,78,149,137,286,134,142,276,133,133,266
1680,1680,79,149,137,286,134,142,276,133,133,266
1681,1681,80,149,137,286,134,142,276,133,133,266
1682,1682,81,149,137,286,134,142,276,133,133,266
1683,1683,82,149,137,286,134,142,276,133,133,266
1684,1684,83,149,137,286,134,142,276,133,133,266
1685,1685,84,149,137,286,134,142,276,133,133,266
1686,1686,85,149,137,286,134,142,276,133,133,266
1687,1687,86,149,137,286,134,142,276,133,133,266
1688,1688,87,149,137,286,134,142,276,133,133,266
1689,1689,88,149,137,286,134,142,276,133,133,266
1690,1690,89,149,137,286,134,142,276,133,133,266
1691,1691,90,149,137,286,134,142,276,133,133,266
1692,1692,91,149,137,286,134,142,276,133,133,266
1693,1693,92,149,137,286,134,142,276,133,133,266
1694,1694,93,149,137,286,134,142,276,133,133,266
1695,1695,94,149,137,286,134,142,276,133,133,266
1696,1696,95,149,137,286,134,142,276,133,133,266
1697,1697,96,149,137,286,134,141,275,133,133,266
1698,1698,97,149,137,286,134,141,275,133,133,266
1699,1699,98,149,137,286,134,141,275,133,133,266
1700,1700,99,149,137,286,134,141,275,133,133,266
1701,1701,100,149,137,286,134,141,275,133,133,266
1702,1702,1,149,137,286,134,141,275,133,133,266
1703,1703,2,149,137,286,134,141,275,133,133,266
1704,1704,3,149,137,286,134,141,275,133,133,266
1705,1705,4,149,137,286,134,141,275,133,133,266
1706,1706,5,149,137,286,134,141,275,133,133,266
1707,1707,6,149,137,286,134,141,275,133,133,266
1708,1708,7,149,137,286,134,141,275,133,133,266
1709,1709,8,149,137,286,134,141,275,133,133,266
1710,1710,9,149,137,286,134,141,275,133,133,266
1711,1711,10,149,137,286,134,141,275,133,133,266
1712,1712,11,149,137,286,133,141,274,133,133,266
1713,1713,12,149,137,286,133,140,273,133,133,266
1714,1714,13,149,137,286,133,140,273,133,133,266
1715,1715,14,149,137,286,133,140,273,133,133,266
1716,1716,15,149,137,286,133,140,273,133,133,266
1717,1717,16,149,137,286,133,139,272,133,133,266
1718,1718,17,149,137,286,132,139,271,133,132,265
1719,1719,18,149,136,285,132,139,271,133,132,265
1720,1720,19,149,136,285,132,139,271,133,132,265
1721,1721,20,148,136,284,132,139,271,133,132,265
1722,1722,21,148,136,284,132,139,271,133,132,265
1723,1723,22,148,135,283,132,139,271,133,132,265
1724,1724,23,148,135,283,132,139,271,133,132,265
1725,1725,24,148,135,283,132,139,271,133,132,265
1726,1726,25,148,135,283,132,139,271,133,132,265
1727,1727,26,148,135,283,132,139,271,133,132,265
1728,1728,27,148,135,283,132,138,270,133,132,265
1729,1729,28,148,135,283,131,138,269,133,132,265
1730,1730,29,148,135,283,131,138,269,133,132,265
1731,1731,30,148,135,283,131,138,269,133,132,265
1732,1732,31,148,135,283,131,138,269,133,132,265
1733,1733,32,148,135,283,131,138,269,133,132,265
1734,1734,33,148,134,282,131,138,269,133,132,265
1735,1735,34,148,134,282,131,138,269,133,132,265
1736,1736,35,148,134,282,131,137,268,133,132,265
1737,1737,36,148,134,282,131,137,268,133,132,265
1738,1738,37,148,134,282,131,137,268,133,132,265
1739,1739,38,148,134,282,131,137,268,133,132,265
1740,1740,39,148,134,282,131,137,268,133,132,265
1741,1741,40,148,134,282,131,137,268,133,132,265
1742,1742,41,147,134,281,131,137,268,133,132,265
1743,1743,42,147,134,281,131,137,268,133,132,265
1744,1744,43,147,134,281,131,137,268,133,132,265
1745,1745,44,147,134,281,131,137,268,133,132,265
1746,1746,45,147,134,281,131,137,268,132,132,264
1747,1747,46,146,134,280,131,137,268,132,132,264
1748,1748,47,146,134,280,131,137,268,132,132,264
1749,1749,48,146,134,280,131,137,268,132,132,264
1750,1750,49,146,134,280,131,137,268,132,132,264
1751,1751,50,146,134,280,131,137,268,132,132,264
1752,1752,51,146,134,280,131,137,268,132,132,264
1753,1753,52,146,134,280,131,137,268,132,132,264
1754,1754,53,146,134,280,131,137,268,132,132,264
1755,1755,54,146,134,280,131,137,268,132,132,264
1756,1756,55,146,134,280,131,137,268,132,132,264
1757,1757,56,146,134,280,131,137,268,132,132,264
1758,1758,57,146,134,280,131,137,268,132,132,264
1759,1759,58,146,134,280,131,137,268,132,132,264
1760,1760,59,146,134,280,131,137,268,132,132,264
1761,1761,60,146,134,280,131,137,268,132,132,264
1762,1762,61,146,134,280,131,137,268,132,132,264
1763,1763,62,146,134,280,131,137,268,132,132,264
1764,1764,63,146,134,280,131,137,268,132,132,264
1765,1765,64,146,134,280,131,137,268,132,132,264
1766,1766,65,146,134,280,131,137,268,132,132,264
1767,1767,66,146,134,280,131,137,268,132,132,264
1768,1768,67,146,134,280,131,137,268,132,132,264
1769,1769,68,146,134,280,131,137,268,132,132,264
1770,1770,69,146,134,280,131,137,268,132,132,264
1771,1771,70,146,134,280,131,137,268,132,132,264
1772,1772,71,146,134,280,131,137,268,132,132,264
1773,1773,72,146,134,280,131,137,268,132,132,264
1774,1774,73,146,134,280,131,137,268,132,132,264
1775,1775,74,146,134,280,131,137,268,132,132,264
1776,1776,75,146,134,280,131,137,268,132,132,264
1777,1777,76,146,134,280,131,137,268,132,132,264
1778,1778,77,146,134,280,131,137,268,132,132,264
1779,1779,78,146,134,280,131,137,268,132,132,264
1780,1780,79,146,134,280,131,137,268,132,132,264
1781,1781,80,146,134,280,131,137,268,132,132,264
1782,1782,81,146,134,280,131,137,268,132,132,264
1783,1783,82,146,134,280,131,137,268,132,132,264
1784,1784,83,146,134,280,131,137,268,132,132,264
1785,1785,84,146,134,280,131,137,268,132,132,264
1786,1786,85,146,134,280,131,137,268,132,132,264
1787,1787,86,146,134,280,131,137,268,132,132,264
1788,1788,87,146,134,280,131,137,268,132,132,264
1789,1789,88,146,134,280,131,137,268,132,132,264
1790,1790,89,146,134,280,131,137,268,132,132,264
1791,1791,90,146,134,280,131,137,268,132,132,264
1792,1792,91,146,134,280,131,137,268,132,132,264
1793,1793,92,146,134,280,131,137,268,132,132,264
1794,1794,93,146,134,280,131,137,268,132,132,264
1795,1795,94,146,134,280,131,137,268,132,132,264
1796,1796,95,146,134,280,131,137,268,132,132,264
1797,1797,96,146,134,280,131,137,268,132,132,264
1798,1798,97,146,134,280,131,137,268,132,132,264
1799,1799,98,146,134,280,131,137,268,132,132,264
1800,1800,99,146,134,280,131,137,268,132,132,264
1801,1801,100,146,134,280,131,137,268,132,132,264
1802,1802,1,146,134,280,131,137,268,132,132,264
1803,1803,2,146,134,280,131,137,268,132,132,264
1804,1804,3,146,134,280,131,137,268,132,132,264
1805,1805,4,146,134,280,131,137,268,132,132,264
1806,1806,5,146,134,280,131,137,268,132,132,264
1807,1807,6,146,134,280,131,137,268,132,132,264
1808,1808,7,146,134,280,130,137,267,132,132,264
1809,1809,8,146,134,280,130,137,267,132,132,264
1810,1810,9,146,134,280,130,137,267,132,132,264
1811,1811,10,146,134,280,130,137,267,132,132,264
1812,1812,11,146,134,280,130,137,267,132,132,264
1813,1813,12,146,134,280,130,137,267,132,132,264
1814,1814,13,146,134,280,130,137,267,132,132,264
1815,1815,14,146,134,280,130,137,267,132,132,264
1816,1816,15,146,134,280,130,137,267,132,132,264
1817,1817,16,146,134,280,130,137,267,132,132,264
1818,1818,17,146,134,280,130,137,267,132,132,264
1819,1819,18,146,134,280,130,137,267,132,132,264
1820,1820,19,146,134,280,130,137,267,132,132,264
1821,1821,20,146,134,280,130,137,267,132,132,264
1822,1822,21,146,134,280,130,137,267,132,132,264
1823,1823,22,146,134,280,130,137,267,132,132,264
1824,1824,23,146,134,280,130,137,267,132,132,264
1825,1825,24,146,134,280,130,137,267,132,132,264
1826,1826,25,146,134,280,130,137,267,132,132,264
1827,1827,26,146,134,280,130,137,267,132,132,264
1828,1828,27,146,134,280,130,137,267,132,132,264
1829,1829,28,146,134,280,130,137,267,132,132,264
1830,1830,29,146,134,280,130,137,267,132,132,264
1831,1831,30,146,133,279,130,137,267,132,132,264
1832,1832,31,146,133,279,130,137,267,132,132,264
1833,1833,32,146,133,279,130,137,267,132,132,264
1834,1834,33,146,133,279,130,137,267,132,132,264
1835,1835,34,146,133,279,130,137,267,132,132,264
1836,1836,35,146,133,279,130,137,267,132,132,264
1837,1837,36,146,133,279,130,137,267,132,132,264
1838,1838,37,146,133,279,130,137,267,132,132,264
1839,1839,38,146,133,279,130,137,267,132,132,264
1840,1840,39,146,133,279,130,137,267,132,132,264
1841,1841,40,146,133,279,130,137,267,132,132,264
1842,1842,41,146,133,279,130,137,267,132,132,264
1843,1843,42,146,133,279,130,137,267,132,132,264
1844,1844,43,146,133,279,130,137,267,132,132,264
1845,1845,44,146,133,279,130,137,267,132,132,264
1846,1846,45,146,133,279,130,137,267,132,132,264
1847,1847,46,146,133,279,130,137,267,132,132,264
1848,1848,47,146,133,279,130,137,267,132,132,264
1849,1849,48,146,133,279,130,137,267,132,131,263
1850,1850,49,146,133,279,130,137,267,132,131,263
1851,1851,50,146,133,279,130,137,267,132,131,263
1852,1852,51,146,133,279,130,137,267,132,131,263
1853,1853,52,146,133,279,130,137,267,132,131,263
1854,1854,53,146,133,279,130,137,267,132,131,263
1855,1855,54,146,133,279,130,137,267,132,131,263
1856,1856,55,146,133,279,130,137,267,132,131,263
1857,1857,56,146,133,279,130,137,267,132,131,263
1858,1858,57,146,133,279,130,137,267,132,131,263
1859,1859,58,146,133,279,130,137,267,132,131,263
1860,1860,59,146,133,279,130,137,267,132,131,263
1861,1861,60,146,133,279,130,137,267,132,131,263
1862,1862,61,146,133,279,130,137,267,132,131,263
1863,1863,62,146,133,279,130,137,267,132,131,263
1864,1864,63,146,133,279,130,137,267,132,131,263
1865,1865,64,146,133,279,130,137,267,132,131,263
1866,1866,65,146,133,279,130,137,267,132,131,263
1867,1867,66,146,133,279,130,137,267,132,131,263
1868,1868,67,146,133,279,130,137,267,132,131,263
1869,1869,68,146,133,279,130,137,267,132,131,263
1870,1870,69,146,133,279,130,137,267,132,131,263
1871,1871,70,146,133,279,130,137,267,132,131,263
1872,1872,71,146,133,279,130,137,267,132,131,263
1873,1873,72,146,133,279,130,137,267,132,131,263
1874,1874,73,146,133,279,130,137,267,132,131,263
1875,1875,74,146,133,279,130,137,267,132,131,263
1876,1876,75,146,133,279,130,137,267,132,131,263
1877,1877,76,146,133,279,130,137,267,132,131,263
1878,1878,77,146,133,279,130,137,267,132,131,263
1879,1879,78,146,133,279,130,137,267,132,131,263
1880,1880,79,146,133,279,130,137,267,132,131,263
1881,1881,80,146,133,279,130,137,267,132,131,263
1882,1882,81,146,133,279,130,137,267,132,131,263
1883,1883,82,146,133,279,130,137,267,132,131,263
1884,1884,83,146,133,279,130,137,267,132,131,263
1885,1885,84,146,133,279,130,137,267,132,131,263
1886,1886,85,146,133,279,130,137,267,132,131,263
1887,1887,86,146,133,279,130,137,267,132,131,263
1888,1888,87,146,133,279,130,137,267,132,131,263
1889,1889,88,146,133,279,130,137,267,132,131,263
1890,1890,89,146,133,279,130,137,267,132,131,263
1891,1891,90,146,133,279,130,137,267,132,131,263
1892,1892,91,146,133,279,130,137,267,132,131,263
1893,1893,92,146,133,279,130,137,267,132,131,263
1894,1894,93,146,133,279,130,137,267,132,131,263
1895,1895,94,146,133,279,130,137,267,132,131,263
1896,1896,95,146,133,279,130,137,267,132,131,263
1897,1897,96,146,133,279,130,137,267,132,131,263
1898,1898,97,146,133,279,130,137,267,132,131,263
1899,1899,98,146,133,279,130,137,267,132,131,263
1900,1900,99,146,133,279,130,137,267,132,131,263
1901,1901,100,146,133,279,130,137,267,132,131,263
1902,1902,1,146,133,279,130,137,267,132,131,263
1903,1903,2,146,133,279,130,137,267,132,131,263
1904,1904,3,146,133,279,130,137,267,132,131,263
1905,1905,4,146,133,279,130,137,267,132,131,263
1906,1906,5,146,133,279,130,137,267,132,131,263
1907,1907,6,146,133,279,130,137,267,132,131,263
1908,1908,7,146,133,279,130,137,267,132,131,263
1909,1909,8,146,133,279,130,137,267,132,131,263
1910,1910,9,146,133,279,130,137,267,132,131,263
1911,1911,10,146,133,279,130,137,267,132,131,263
1912,1912,11,146,133,279,130,137,267,132,131,263
1913,1913,12,146,133,279,130,137,267,132,131,263
1914,1914,13,146,133,279,130,137,267,132,131,263
1915,1915,14,146,133,279,130,137,267,132,131,263
1916,1916,15,146,133,279,130,137,267,132,131,263
1917,1917,16,146,133,279,130,137,267,132,131,263
1918,1918,17,146,133,279,130,137,267,132,131,263
1919,1919,18,146,133,279,130,137,267,132,131,263
1920,1920,19,146,133,279,130,137,267,132,131,263
1921,1921,20,146,133,279,130,137,267,132,131,263
1922,1922,21,146,133,279,130,137,267,132,131,263
1923,1923,22,146,133,279,130,137,267,132,131,263
1924,1924,23,146,133,279,130,137,267,132,131,263
1925,1925,24,146,133,279,130,137,267,132,131,263
1926,1926,25,146,133,279,130,137,267,132,131,263
1927,1927,26,146,133,279,130,137,267,132,131,263
1928,1928,27,146,133,279,130,137,267,132,131,263
1929,1929,28,146,133,279,130,137,267,132,131,263
1930,1930,29,146,133,279,130,137,267,132,131,263
1931,1931,30,146,133,279,130,137,267,132,131,263
1932,1932,31,146,133,279,130,137,267,132,131,263
1933,1933,32,146,133,279,130,137,267,132,131,263
1934,1934,33,146,133,279,130,137,267,132,131,263
1935,1935,34,146,133,279,130,137,267,132,131,263
1936,1936,35,146,133,279,130,137,267,132,131,263
1937,1937,36,146,133,279,130,137,267,132,131,263
1938,1938,37,146,133,279,130,137,267,132,131,263
1939,1939,38,146,133,279,130,137,267,132,131,263
1940,1940,39,146,133,279,130,137,267,132,131,263
1941,1941,40,146,133,279,130,137,267,132,131,263
1942,1942,41,146,133,279,130,137,267,132,131,263
1943,1943,42,146,133,279,130,137,267,132,131,263
1944,1944,43,146,133,279,130,137,267,132,131,263
1945,1945,44,146,133,279,130,137,267,132,131,263
1946,1946,45,146,133,279,130,137,267,132,131,263
1947,1947,46,146,133,279,130,137,267,132,131,263
1948,1948,47,146,133,279,130,137,267,132,131,263
1949,1949,48,146,133,279,130,137,267,132,131,263
1950,1950,49,146,133,279,130,137,267,132,131,263
1951,1951,50,146,133,279,130,137,267,132,131,263
1952,1952,51,146,133,279,130,137,267,132,131,263
1953,1953,52,146,133,279,130,137,267,132,131,263
1954,1954,53,146,133,279,130,137,267,132,131,263
1955,1955,54,146,133,279,130,137,267,132,131,263
1956,1956,55,146,133,279,130,137,267,132,131,263
1957,1957,56,146,133,279,130,137,267,132,131,263
1958,1958,57,146,133,279,130,137,267,132,131,263
1959,1959,58,146,133,279,130,137,267,132,131,263
1960,1960,59,146,133,279,130,137,267,132,131,263
1961,1961,60,146,133,279,130,137,267,132,131,263
1962,1962,61,146,133,279,130,137,267,132,131,263
1963,1963,62,146,133,279,130,137,267,132,131,263
1964,1964,63,146,133,279,130,137,267,132,131,263
1965,1965,64,146,133,279,130,137,267,132,131,263
1966,1966,65,146,133,279,130,137,267,132,131,263
1967,1967,66,146,133,279,130,137,267,132,131,263
1968,1968,67,146,133,279,130,137,267,132,131,263
1969,1969,68,146,133,279,130,137,267,132,131,263
1970,1970,69,146,133,279,130,137,267,132,131,263
1971,1971,70,146,133,279,130,137,267,132,131,263
1972,1972,71,146,133,279,130,137,267,132,131,263
1973,1973,72,146,133,279,130,137,267,132,131,263
1974,1974,73,146,133,279,130,137,267,132,131,263
1975,1975,74,146,133,279,130,137,267,132,131,263
1976,1976,75,146,133,279,130,137,267,132,131,263
1977,1977,76,146,133,279,130,137,267,132,131,263
1978,1978,77,146,133,279,130,137,267,132,131,263
1979,1979,78,146,133,279,130,137,267,132,131,263
1980,1980,79,146,133,279,130,137,267,132,131,263
1981,1981,80,146,133,279,130,137,267,132,131,263
1982,1982,81,146,133,279,130,137,267,132,131,263
1983,1983,82,146,133,279,130,137,267,132,131,263
1984,1984,83,146,133,279,130,137,267,132,131,263
1985,1985,84,146,133,279,130,137,267,132,131,263
1986,1986,85,146,133,279,130,137,267,132,131,263
1987,1987,86,146,133,279,130,137,267,132,131,263
1988,1988,87,146,133,279,130,137,267,132,131,263
1989,1989,88,146,133,279,130,137,267,132,131,263
1990,1990,89,146,133,279,130,137,267,132,131,263
1991,1991,90,146,133,279,130,137,267,132,131,263
1992,1992,91,146,133,279,130,137,267,132,131,263
1993,1993,92,146,133,279,130,137,267,132,131,263
1994,1994,93,146,133,279,130,137,267,132,131,263
1995,1995,94,146,133,279,130,137,267,132,131,263
1996,1996,95,146,133,279,130,137,267,132,131,263
1997,1997,96,146,133,279,130,137,267,132,131,263
1998,1998,97,146,133,279,130,137,267,132,131,263
1999,1999,98,146,133,279,130,137,267,132,131,263
2000,2000,99,146,133,279,130,137,267,132,131,263
