,cycle,population_active__t1,population_passive__t1,population_total__t1,population_active__t2,population_passive__t2,population_total__t2,population_active__t3,population_passive__t3,population_total__t3
0,0,1,1,2,1,1,2,1,1,2
1,1,1,1,2,1,1,2,1,1,2
2,2,1,1,2,1,1,2,1,1,2
3,3,1,1,2,1,1,2,1,1,2
4,4,1,1,2,1,1,2,1,1,2
5,5,1,1,2,1,1,2,1,1,2
6,6,1,1,2,1,1,2,1,1,2
7,7,1,1,2,1,1,2,1,1,2
8,8,1,1,2,1,1,2,1,1,2
9,9,1,1,2,1,1,2,1,1,2
10,10,1,1,2,1,1,2,1,1,2
11,11,1,1,2,1,1,2,1,1,2
12,12,1,1,2,1,1,2,1,1,2
13,13,1,1,2,1,1,2,1,1,2
14,14,1,1,2,1,1,2,1,1,2
15,15,1,1,2,1,1,2,1,1,2
16,16,1,1,2,1,1,2,1,1,2
17,17,1,1,2,1,1,2,1,1,2
18,18,1,1,2,1,1,2,1,1,2
19,19,1,1,2,1,1,2,1,1,2
20,20,1,1,2,1,1,2,1,1,2
21,21,1,1,2,1,1,2,1,1,2
22,22,1,1,2,1,1,2,1,1,2
23,23,1,1,2,1,1,2,1,1,2
24,24,1,1,2,1,1,2,1,1,2
25,25,1,1,2,1,1,2,1,1,2
26,26,1,1,2,1,1,2,1,1,2
27,27,1,1,2,1,1,2,1,1,2
28,28,1,1,2,1,1,2,1,1,2
29,29,1,1,2,1,1,2,1,1,2
30,30,1,1,2,1,1,2,1,1,2
31,31,1,1,2,1,1,2,1,1,2
32,32,1,1,2,1,1,2,1,1,2
33,33,1,1,2,1,1,2,1,1,2
34,34,1,1,2,1,1,2,1,1,2
35,35,1,1,2,1,1,2,1,1,2
36,36,1,1,2,1,1,2,1,1,2
37,37,1,1,2,1,1,2,1,1,2
38,38,1,1,2,1,1,2,1,1,2
39,39,1,1,2,1,1,2,1,1,2
40,40,1,1,2,1,1,2,1,1,2
41,41,1,1,2,1,1,2,1,1,2
42,42,1,1,2,1,1,2,1,1,2
43,43,1,1,2,1,1,2,1,1,2
44,44,1,1,2,1,1,2,1,1,2
45,45,1,1,2,1,1,2,1,1,2
46,46,1,1,2,1,1,2,1,1,2
47,47,1,1,2,1,1,2,1,1,2
48,48,1,1,2,1,1,2,1,1,2
49,49,1,1,2,1,1,2,1,1,2
50,50,1,1,2,1,1,2,1,1,2
51,51,1,1,2,1,1,2,1,1,2
52,52,1,1,2,1,1,2,1,1,2
53,53,1,1,2,1,1,2,1,1,2
54,54,1,1,2,1,1,2,1,1,2
55,55,1,1,2,1,1,2,1,1,2
56,56,1,1,2,1,1,2,1,1,2
57,57,1,1,2,1,1,2,1,1,2
58,58,1,1,2,1,1,2,1,1,2
59,59,1,1,2,1,1,2,1,1,2
60,60,1,1,2,1,1,2,1,1,2
61,61,1,1,2,1,1,2,1,1,2
62,62,1,1,2,1,1,2,1,1,2
63,63,1,1,2,1,1,2,1,1,2
64,64,1,1,2,1,1,2,1,1,2
65,65,1,1,2,1,1,2,1,1,2
66,66,1,1,2,1,1,2,1,1,2
67,67,1,1,2,1,1,2,1,1,2
68,68,1,1,2,1,1,2,1,1,2
69,69,1,1,2,1,1,2,1,1,2
70,70,1,1,2,1,1,2,1,1,2
71,71,1,1,2,1,1,2,1,1,2
72,72,1,1,2,1,1,2,1,1,2
73,73,1,1,2,1,1,2,1,1,2
74,74,1,1,2,1,1,2,1,1,2
75,75,1,1,2,1,1,2,1,1,2
76,76,1,1,2,1,1,2,1,1,2
77,77,1,1,2,1,1,2,1,1,2
78,78,1,1,2,1,1,2,1,1,2
79,79,1,1,2,1,1,2,1,1,2
80,80,1,1,2,1,1,2,1,1,2
81,81,1,1,2,1,1,2,1,1,2
82,82,1,1,2,1,1,2,1,1,2
83,83,1,1,2,1,1,2,1,1,2
84,84,1,1,2,1,1,2,1,1,2
85,85,1,1,2,1,1,2,1,1,2
86,86,1,1,2,1,1,2,1,1,2
87,87,1,1,2,1,1,2,1,1,2
88,88,1,1,2,1,1,2,1,1,2
89,89,1,1,2,1,1,2,1,1,2
90,90,1,1,2,1,1,2,1,1,2
91,91,1,1,2,1,1,2,1,1,2
92,92,1,1,2,1,1,2,1,1,2
93,93,1,1,2,1,1,2,1,1,2
94,94,1,1,2,1,1,2,1,1,2
95,95,1,1,2,1,1,2,1,1,2
96,96,1,1,2,1,1,2,1,1,2
97,97,1,1,2,1,1,2,1,1,2
98,98,1,1,2,1,1,2,1,1,2
99,99,1,1,2,1,1,2,1,1,2
100,100,1,1,2,1,1,2,1,1,2
101,101,1,2,3,1,2,3,1,2,3
102,102,1,2,3,1,2,3,1,2,3
103,103,1,2,3,1,2,3,1,2,3
104,104,1,2,3,1,2,3,1,2,3
105,105,1,2,3,1,2,3,1,2,3
106,106,1,2,3,1,2,3,1,2,3
107,107,1,2,3,1,2,3,1,2,3
108,108,1,2,3,1,2,3,1,2,3
109,109,1,2,3,1,2,3,1,2,3
110,110,1,2,3,1,2,3,1,2,3
111,111,1,2,3,1,2,3,1,2,3
112,112,1,2,3,1,2,3,1,2,3
113,113,1,2,3,1,2,3,1,2,3
114,114,1,2,3,1,2,3,1,2,3
115,115,1,2,3,1,2,3,1,2,3
116,116,1,2,3,1,2,3,1,2,3
117,117,1,2,3,1,2,3,1,2,3
118,118,1,2,3,1,2,3,1,2,3
119,119,1,2,3,1,2,3,1,2,3
120,120,1,2,3,1,2,3,1,2,3
121,121,1,2,3,1,2,3,1,2,3
122,122,1,2,3,1,2,3,1,2,3
123,123,1,2,3,1,2,3,1,2,3
124,124,1,2,3,1,2,3,1,2,3
125,125,1,2,3,1,2,3,1,2,3
126,126,1,2,3,1,2,3,1,2,3
127,127,1,2,3,1,2,3,1,2,3
128,128,1,2,3,1,2,3,1,2,3
129,129,1,2,3,1,2,3,1,2,3
130,130,1,2,3,1,2,3,1,2,3
131,131,1,2,3,1,2,3,1,2,3
132,132,1,2,3,1,2,3,1,2,3
133,133,1,2,3,1,2,3,1,2,3
134,134,1,2,3,1,2,3,1,2,3
135,135,1,2,3,1,2,3,1,2,3
136,136,1,2,3,1,2,3,1,2,3
137,137,1,2,3,1,2,3,1,2,3
138,138,1,2,3,1,2,3,1,2,3
139,139,1,2,3,1,2,3,1,2,3
140,140,1,2,3,1,2,3,1,2,3
141,141,1,2,3,1,2,3,1,2,3
142,142,1,2,3,1,2,3,1,2,3
143,143,1,2,3,1,2,3,1,2,3
144,144,1,2,3,1,2,3,1,2,3
145,145,1,2,3,1,2,3,1,2,3
146,146,1,2,3,1,2,3,1,2,3
147,147,1,2,3,1,2,3,1,2,3
148,148,1,2,3,1,2,3,1,2,3
149,149,1,2,3,1,2,3,1,2,3
150,150,1,2,3,1,2,3,1,2,3
151,151,1,2,3,1,2,3,1,2,3
152,152,1,2,3,1,2,3,1,2,3
153,153,1,2,3,1,2,3,1,2,3
154,154,1,2,3,1,2,3,1,2,3
155,155,1,2,3,1,2,3,1,2,3
156,156,1,2,3,1,2,3,1,2,3
157,157,1,2,3,1,2,3,1,2,3
158,158,1,2,3,1,2,3,1,2,3
159,159,1,2,3,1,2,3,1,2,3
160,160,1,2,3,1,2,3,1,2,3
161,161,1,2,3,1,2,3,1,2,3
162,162,1,2,3,1,2,3,1,2,3
163,163,1,2,3,1,2,3,1,2,3
164,164,1,2,3,1,2,3,1,2,3
165,165,1,2,3,1,2,3,1,2,3
166,166,1,2,3,1,2,3,1,2,3
167,167,1,2,3,1,2,3,1,2,3
168,168,1,2,3,1,2,3,1,2,3
169,169,1,2,3,1,2,3,1,2,3
170,170,1,2,3,1,2,3,1,2,3
171,171,1,2,3,1,2,3,1,2,3
172,172,1,2,3,1,2,3,1,2,3
173,173,1,2,3,1,2,3,1,2,3
174,174,1,2,3,1,2,3,1,2,3
175,175,1,2,3,1,2,3,1,2,3
176,176,1,2,3,1,2,3,1,2,3
177,177,1,2,3,1,2,3,1,2,3
178,178,1,2,3,1,2,3,1,2,3
179,179,1,2,3,1,2,3,1,2,3
180,180,1,2,3,1,2,3,1,2,3
181,181,1,2,3,1,2,3,1,2,3
182,182,1,2,3,1,2,3,1,2,3
183,183,1,2,3,1,2,3,1,2,3
184,184,1,2,3,1,2,3,1,2,3
185,185,1,2,3,1,2,3,1,2,3
186,186,1,2,3,1,2,3,1,2,3
187,187,1,2,3,1,2,3,1,2,3
188,188,1,2,3,1,2,3,1,2,3
189,189,1,2,3,1,2,3,1,2,3
190,190,1,2,3,1,2,3,1,2,3
191,191,1,2,3,1,2,3,1,2,3
192,192,1,2,3,1,2,3,1,2,3
193,193,1,2,3,1,2,3,1,2,3
194,194,1,2,3,1,2,3,1,2,3
195,195,1,2,3,1,2,3,1,2,3
196,196,1,2,3,1,2,3,1,2,3
197,197,1,2,3,1,2,3,1,2,3
198,198,1,2,3,1,2,3,1,2,3
199,199,1,2,3,1,2,3,1,2,3
200,200,1,2,3,1,2,3,1,2,3
201,201,1,4,5,1,4,5,1,4,5
202,202,1,4,5,1,4,5,1,4,5
203,203,1,4,5,1,4,5,1,4,5
204,204,1,4,5,1,4,5,1,4,5
205,205,1,4,5,1,4,5,1,4,5
206,206,1,4,5,1,4,5,1,4,5
207,207,1,4,5,1,4,5,1,4,5
208,208,1,4,5,1,4,5,1,4,5
209,209,1,4,5,1,4,5,1,4,5
210,210,1,4,5,1,4,5,1,4,5
211,211,1,4,5,1,4,5,1,4,5
212,212,1,4,5,1,4,5,1,4,5
213,213,1,4,5,1,4,5,1,4,5
214,214,1,4,5,1,4,5,1,4,5
215,215,1,4,5,1,4,5,1,4,5
216,216,1,4,5,1,4,5,1,4,5
217,217,1,4,5,1,4,5,1,4,5
218,218,1,4,5,1,4,5,1,4,5
219,219,1,4,5,1,4,5,1,4,5
220,220,1,4,5,1,4,5,1,4,5
221,221,1,4,5,1,4,5,1,4,5
222,222,1,4,5,1,4,5,1,4,5
223,223,1,4,5,1,4,5,1,4,5
224,224,1,4,5,1,4,5,1,4,5
225,225,1,4,5,1,4,5,1,4,5
226,226,1,4,5,1,4,5,1,4,5
227,227,1,4,5,1,4,5,1,4,5
228,228,1,4,5,1,4,5,1,4,5
229,229,1,4,5,1,4,5,1,4,5
230,230,1,4,5,1,4,5,1,4,5
231,231,1,4,5,1,4,5,1,4,5
232,232,1,4,5,1,4,5,1,4,5
233,233,1,4,5,1,4,5,1,4,5
234,234,1,4,5,1,4,5,1,4,5
235,235,1,4,5,1,4,5,1,4,5
236,236,1,4,5,1,4,5,1,4,5
237,237,1,4,5,1,4,5,1,4,5
238,238,1,4,5,1,4,5,1,4,5
239,239,1,4,5,2,4,6,1,4,5
240,240,1,4,5,2,4,6,1,4,5
241,241,1,4,5,2,4,6,1,4,5
242,242,1,4,5,2,4,6,1,4,5
243,243,2,4,6,2,4,6,1,4,5
244,244,2,4,6,2,4,6,1,4,5
245,245,2,4,6,2,4,6,2,4,6
246,246,2,4,6,2,4,6,2,4,6
247,247,2,4,6,2,4,6,2,4,6
248,248,2,4,6,2,4,6,2,4,6
249,249,2,4,6,2,4,6,2,4,6
250,250,2,4,6,2,4,6,2,4,6
251,251,2,4,6,2,4,6,2,4,6
252,252,2,4,6,2,4,6,2,4,6
253,253,2,4,6,2,4,6,2,4,6
254,254,2,4,6,2,4,6,2,4,6
255,255,2,4,6,2,4,6,2,4,6
256,256,2,4,6,2,4,6,2,4,6
257,257,2,4,6,2,4,6,2,4,6
258,258,2,4,6,2,4,6,2,4,6
259,259,2,4,6,2,4,6,2,4,6
260,260,2,4,6,2,4,6,2,4,6
261,261,2,4,6,2,4,6,2,4,6
262,262,2,4,6,2,4,6,2,4,6
263,263,2,4,6,2,4,6,2,4,6
264,264,2,4,6,2,4,6,2,4,6
265,265,2,4,6,2,4,6,2,4,6
266,266,2,4,6,2,4,6,2,4,6
267,267,2,4,6,2,4,6,2,4,6
268,268,2,4,6,2,4,6,2,4,6
269,269,2,4,6,2,4,6,2,4,6
270,270,2,4,6,2,4,6,2,4,6
271,271,2,4,6,2,4,6,2,4,6
272,272,2,4,6,2,4,6,2,4,6
273,273,2,4,6,2,4,6,2,4,6
274,274,2,4,6,2,4,6,2,4,6
275,275,2,4,6,2,4,6,2,4,6
276,276,2,4,6,2,4,6,2,4,6
277,277,2,4,6,2,4,6,2,4,6
278,278,2,4,6,2,4,6,2,4,6
279,279,2,4,6,2,4,6,2,4,6
280,280,2,4,6,2,4,6,2,4,6
281,281,2,4,6,2,4,6,2,4,6
282,282,2,4,6,2,4,6,2,4,6
283,283,2,4,6,2,4,6,2,4,6
284,284,2,4,6,2,4,6,2,4,6
285,285,2,4,6,2,4,6,2,4,6
286,286,2,4,6,2,4,6,2,4,6
287,287,2,4,6,2,4,6,2,4,6
288,288,2,4,6,2,4,6,2,4,6
289,289,2,4,6,2,4,6,2,4,6
290,290,2,4,6,2,4,6,2,4,6
291,291,2,4,6,2,4,6,2,4,6
292,292,2,4,6,2,4,6,2,4,6
293,293,2,4,6,2,4,6,2,4,6
294,294,2,4,6,2,4,6,2,4,6
295,295,2,4,6,2,4,6,2,4,6
296,296,2,4,6,2,4,6,2,4,6
297,297,2,4,6,2,4,6,2,4,6
298,298,2,4,6,2,4,6,2,4,6
299,299,2,4,6,2,4,6,2,4,6
300,300,2,4,6,2,4,6,2,4,6
301,301,2,8,10,2,8,10,2,8,10
302,302,2,8,10,2,8,10,2,8,10
303,303,2,8,10,2,8,10,2,8,10
304,304,2,8,10,2,8,10,2,8,10
305,305,2,8,10,2,8,10,2,8,10
306,306,2,8,10,2,8,10,2,8,10
307,307,2,8,10,2,8,10,2,8,10
308,308,2,8,10,2,8,10,2,8,10
309,309,2,8,10,2,8,10,2,8,10
310,310,2,8,10,2,8,10,2,8,10
311,311,2,8,10,2,8,10,2,8,10
312,312,2,8,10,2,8,10,2,8,10
313,313,2,8,10,2,8,10,2,8,10
314,314,2,8,10,2,8,10,2,8,10
315,315,2,8,10,2,8,10,2,8,10
316,316,2,8,10,2,8,10,2,8,10
317,317,2,8,10,2,8,10,2,8,10
318,318,2,8,10,2,8,10,2,8,10
319,319,2,8,10,2,8,10,2,8,10
320,320,2,8,10,2,8,10,2,8,10
321,321,2,8,10,2,8,10,2,8,10
322,322,2,8,10,2,8,10,2,8,10
323,323,2,8,10,2,8,10,2,8,10
324,324,2,8,10,2,8,10,2,8,10
325,325,2,8,10,2,8,10,2,8,10
326,326,2,8,10,2,8,10,2,8,10
327,327,2,8,10,2,8,10,2,8,10
328,328,2,8,10,2,8,10,2,8,10
329,329,2,8,10,2,8,10,2,8,10
330,330,2,8,10,2,8,10,2,8,10
331,331,2,8,10,2,8,10,2,8,10
332,332,2,8,10,2,8,10,2,8,10
333,333,2,8,10,2,8,10,2,8,10
334,334,2,8,10,2,8,10,2,8,10
335,335,2,8,10,2,8,10,2,8,10
336,336,2,8,10,2,8,10,2,8,10
337,337,2,8,10,2,8,10,2,8,10
338,338,2,8,10,2,8,10,2,8,10
339,339,2,8,10,2,8,10,2,8,10
340,340,2,8,10,2,8,10,2,8,10
341,341,2,8,10,2,8,10,2,8,10
342,342,2,8,10,2,8,10,2,8,10
343,343,2,8,10,2,8,10,2,8,10
344,344,2,8,10,2,8,10,2,8,10
345,345,2,8,10,2,8,10,2,8,10
346,346,2,8,10,2,8,10,2,8,10
347,347,2,8,10,2,8,10,2,8,10
348,348,2,8,10,2,8,10,2,8,10
349,349,2,8,10,2,8,10,2,8,10
350,350,2,8,10,2,8,10,2,8,10
351,351,2,8,10,2,8,10,2,8,10
352,352,2,8,10,3,8,11,2,8,10
353,353,2,8,10,3,8,11,2,8,10
354,354,2,8,10,3,8,11,2,8,10
355,355,4,8,12,3,8,11,2,8,10
356,356,4,8,12,3,8,11,3,8,11
357,357,4,8,12,4,8,12,3,8,11
358,358,4,8,12,4,8,12,3,8,11
359,359,4,8,12,4,8,12,3,8,11
360,360,4,8,12,4,8,12,4,8,12
361,361,4,8,12,4,8,12,4,8,12
362,362,4,8,12,4,8,12,4,8,12
363,363,4,8,12,4,8,12,4,8,12
364,364,4,8,12,4,8,12,4,8,12
365,365,4,8,12,4,8,12,4,8,12
366,366,4,8,12,4,8,12,4,8,12
367,367,4,8,12,4,8,12,4,8,12
368,368,4,8,12,4,8,12,4,8,12
369,369,4,8,12,4,8,12,4,8,12
370,370,4,8,12,4,8,12,4,8,12
371,371,4,8,12,4,8,12,4,8,12
372,372,4,8,12,4,8,12,4,8,12
373,373,4,8,12,4,8,12,4,8,12
374,374,4,8,12,4,8,12,4,8,12
375,375,4,8,12,4,8,12,4,8,12
376,376,4,8,12,4,8,12,4,8,12
377,377,4,8,12,4,8,12,4,8,12
378,378,4,8,12,4,8,12,4,8,12
379,379,4,8,12,4,8,12,4,8,12
380,380,4,8,12,4,8,12,4,8,12
381,381,4,8,12,4,8,12,4,8,12
382,382,4,8,12,4,8,12,4,8,12
383,383,4,8,12,4,8,12,4,8,12
384,384,4,8,12,4,8,12,4,8,12
385,385,4,8,12,4,8,12,4,8,12
386,386,4,8,12,4,8,12,4,8,12
387,387,4,8,12,4,8,12,4,8,12
388,388,4,8,12,4,8,12,4,8,12
389,389,4,8,12,4,8,12,4,8,12
390,390,4,8,12,4,8,12,4,8,12
391,391,4,8,12,4,8,12,4,8,12
392,392,4,8,12,4,8,12,4,8,12
393,393,4,8,12,4,8,12,4,8,12
394,394,4,8,12,4,8,12,4,8,12
395,395,4,8,12,4,8,12,4,8,12
396,396,4,8,12,4,8,12,4,8,12
397,397,4,8,12,4,8,12,4,8,12
398,398,4,8,12,4,8,12,4,8,12
399,399,4,8,12,4,8,12,4,8,12
400,400,4,8,12,4,8,12,4,8,12
401,401,4,8,12,4,8,12,4,8,12
402,402,4,16,20,4,16,20,4,16,20
403,403,4,16,20,4,16,20,4,16,20
404,404,4,16,20,4,16,20,4,16,20
405,405,4,16,20,4,16,20,4,16,20
406,406,4,16,20,4,16,20,4,16,20
407,407,4,16,20,4,16,20,4,16,20
408,408,4,16,20,4,16,20,4,16,20
409,409,4,16,20,4,16,20,4,16,20
410,410,4,16,20,4,16,20,4,16,20
411,411,4,16,20,4,16,20,4,16,20
412,412,4,16,20,4,16,20,4,16,20
413,413,4,16,20,4,16,20,4,16,20
414,414,4,16,20,4,16,20,4,16,20
415,415,4,16,20,4,16,20,4,16,20
416,416,4,16,20,4,16,20,4,16,20
417,417,4,16,20,4,16,20,4,16,20
418,418,4,16,20,4,16,20,4,16,20
419,419,4,16,20,4,16,20,4,16,20
420,420,4,16,20,4,16,20,4,16,20
421,421,4,16,20,4,16,20,4,16,20
422,422,4,16,20,4,16,20,4,16,20
423,423,4,16,20,4,16,20,4,16,20
424,424,4,16,20,4,16,20,4,16,20
425,425,4,16,20,4,16,20,4,16,20
426,426,4,16,20,4,16,20,4,16,20
427,427,4,16,20,4,16,20,4,16,20
428,428,4,16,20,4,16,20,4,16,20
429,429,4,16,20,4,16,20,4,16,20
430,430,4,16,20,4,16,20,4,16,20
431,431,4,16,20,4,16,20,4,16,20
432,432,4,16,20,4,16,20,4,16,20
433,433,4,16,20,4,16,20,4,16,20
434,434,4,16,20,4,16,20,4,16,20
435,435,4,16,20,4,16,20,4,16,20
436,436,4,16,20,4,16,20,4,16,20
437,437,4,16,20,4,16,20,4,16,20
438,438,4,16,20,4,16,20,4,16,20
439,439,4,16,20,4,16,20,4,16,20
440,440,4,16,20,4,16,20,4,16,20
441,441,4,16,20,4,16,20,4,16,20
442,442,4,16,20,4,16,20,4,16,20
443,443,4,16,20,4,16,20,4,16,20
444,444,4,16,20,4,16,20,4,16,20
445,445,4,16,20,4,16,20,4,16,20
446,446,4,16,20,4,16,20,4,16,20
447,447,4,16,20,4,16,20,4,16,20
448,448,4,16,20,4,16,20,4,16,20
449,449,4,16,20,4,16,20,4,16,20
450,450,4,16,20,4,16,20,4,16,20
451,451,4,16,20,4,16,20,4,16,20
452,452,4,16,20,4,16,20,4,16,20
453,453,4,16,20,4,16,20,4,16,20
454,454,4,16,20,4,16,20,4,16,20
455,455,4,16,20,4,16,20,4,16,20
456,456,4,16,20,4,16,20,4,16,20
457,457,4,16,20,5,16,21,4,16,20
458,458,4,16,20,5,16,21,4,16,20
459,459,5,16,21,5,16,21,4,16,20
460,460,5,16,21,5,16,21,5,16,21
461,461,6,16,22,5,16,21,5,16,21
462,462,6,16,22,6,16,22,6,16,22
463,463,6,16,22,7,16,23,6,16,22
464,464,7,16,23,8,16,24,7,16,23
465,465,8,16,24,8,16,24,7,16,23
466,466,8,16,24,8,16,24,8,16,24
467,467,8,16,24,8,16,24,8,16,24
468,468,8,16,24,8,16,24,8,16,24
469,469,8,16,24,8,16,24,8,16,24
470,470,8,16,24,8,16,24,8,16,24
471,471,8,16,24,8,16,24,8,16,24
472,472,8,16,24,8,16,24,8,16,24
473,473,8,16,24,8,16,24,8,16,24
474,474,8,16,24,8,16,24,8,16,24
475,475,8,16,24,8,16,24,8,16,24
476,476,8,16,24,8,16,24,8,16,24
477,477,8,16,24,8,16,24,8,16,24
478,478,8,16,24,8,16,24,8,16,24
479,479,8,16,24,8,16,24,8,16,24
480,480,8,16,24,8,16,24,8,16,24
481,481,8,16,24,8,16,24,8,16,24
482,482,8,16,24,8,16,24,8,16,24
483,483,8,16,24,8,16,24,8,16,24
484,484,8,16,24,8,16,24,8,16,24
485,485,8,16,24,8,16,24,8,16,24
486,486,8,16,24,8,16,24,8,16,24
487,487,8,16,24,8,16,24,8,16,24
488,488,8,16,24,8,16,24,8,16,24
489,489,8,16,24,8,16,24,8,16,24
490,490,8,16,24,8,16,24,8,16,24
491,491,8,16,24,8,16,24,8,16,24
492,492,8,16,24,8,16,24,8,16,24
493,493,8,16,24,8,16,24,8,16,24
494,494,8,16,24,8,16,24,8,16,24
495,495,8,16,24,8,16,24,8,16,24
496,496,8,16,24,8,16,24,8,16,24
497,497,8,16,24,8,16,24,8,16,24
498,498,8,16,24,8,16,24,8,16,24
499,499,8,16,24,8,16,24,8,16,24
500,500,8,16,24,8,16,24,8,16,24
501,501,8,16,24,8,16,24,8,16,24
502,502,8,32,40,8,32,40,8,32,40
503,503,8,32,40,8,32,40,8,32,40
504,504,8,32,40,8,32,40,8,32,40
505,505,8,32,40,8,32,40,8,32,40
506,506,8,32,40,8,32,40,8,32,40
507,507,8,32,40,8,32,40,8,32,40
508,508,8,32,40,8,32,40,8,32,40
509,509,8,32,40,8,32,40,8,32,40
510,510,8,32,40,8,32,40,8,32,40
511,511,8,32,40,8,32,40,8,32,40
512,512,8,32,40,8,32,40,8,32,40
513,513,8,32,40,8,32,40,8,32,40
514,514,8,32,40,8,32,40,8,32,40
515,515,8,32,40,8,32,40,8,32,40
516,516,8,32,40,8,32,40,8,32,40
517,517,8,32,40,8,32,40,8,32,40
518,518,8,32,40,8,32,40,8,32,40
519,519,8,32,40,8,32,40,8,32,40
520,520,8,32,40,8,32,40,8,32,40
521,521,8,32,40,8,32,40,8,32,40
522,522,8,32,40,8,32,40,8,32,40
523,523,8,32,40,8,32,40,8,32,40
524,524,8,32,40,8,32,40,8,32,40
525,525,8,32,40,8,32,40,8,32,40
526,526,8,32,40,8,32,40,8,32,40
527,527,8,32,40,8,32,40,8,32,40
528,528,8,32,40,8,32,40,8,32,40
529,529,8,32,40,8,32,40,8,32,40
530,530,8,32,40,8,32,40,8,32,40
531,531,8,32,40,8,32,40,8,32,40
532,532,8,32,40,8,32,40,8,32,40
533,533,8,32,40,8,32,40,8,32,40
534,534,8,32,40,8,32,40,8,32,40
535,535,8,32,40,8,32,40,8,32,40
536,536,8,32,40,8,32,40,8,32,40
537,537,8,32,40,8,32,40,8,32,40
538,538,8,32,40,8,32,40,8,32,40
539,539,8,32,40,8,32,40,8,32,40
540,540,8,32,40,8,32,40,8,32,40
541,541,8,32,40,8,32,40,8,32,40
542,542,8,32,40,8,32,40,8,32,40
543,543,8,32,40,8,32,40,8,32,40
544,544,8,32,40,8,32,40,8,32,40
545,545,8,32,40,8,32,40,8,32,40
546,546,8,32,40,8,32,40,8,32,40
547,547,8,32,40,8,32,40,8,32,40
548,548,8,32,40,8,32,40,8,32,40
549,549,8,32,40,8,32,40,8,32,40
550,550,8,32,40,8,32,40,8,32,40
551,551,8,32,40,8,32,40,8,32,40
552,552,8,32,40,8,32,40,8,32,40
553,553,8,32,40,8,32,40,8,32,40
554,554,8,32,40,8,32,40,8,32,40
555,555,8,32,40,8,32,40,8,32,40
556,556,8,32,40,8,32,40,8,32,40
557,557,8,32,40,8,32,40,8,32,40
558,558,8,32,40,8,32,40,8,32,40
559,559,8,32,40,8,32,40,8,32,40
560,560,8,32,40,8,32,40,8,32,40
561,561,8,32,40,8,32,40,8,32,40
562,562,8,32,40,9,32,41,9,32,41
563,563,9,32,41,9,32,41,9,32,41
564,564,10,32,42,11,32,43,10,32,42
565,565,12,32,44,11,32,43,13,32,45
566,566,12,32,44,13,32,45,13,32,45
567,567,13,32,45,15,32,47,13,32,45
568,568,14,32,46,15,32,47,13,32,45
569,569,14,32,46,16,32,48,13,32,45
570,570,15,32,47,16,32,48,15,32,47
571,571,16,32,48,16,32,48,15,32,47
572,572,16,32,48,16,32,48,16,32,48
573,573,16,32,48,16,32,48,16,32,48
574,574,16,32,48,16,32,48,16,32,48
575,575,16,32,48,16,32,48,16,32,48
576,576,16,32,48,16,32,48,16,32,48
577,577,16,32,48,16,32,48,16,32,48
578,578,16,32,48,16,32,48,16,32,48
579,579,16,32,48,16,32,48,16,32,48
580,580,16,32,48,16,32,48,16,32,48
581,581,16,32,48,16,32,48,16,32,48
582,582,16,32,48,16,32,48,16,32,48
583,583,16,32,48,16,32,48,16,32,48
584,584,16,32,48,16,32,48,16,32,48
585,585,16,32,48,16,32,48,16,32,48
586,586,16,32,48,16,32,48,16,32,48
587,587,16,32,48,16,32,48,16,32,48
588,588,16,32,48,16,32,48,16,32,48
589,589,16,32,48,16,32,48,16,32,48
590,590,16,32,48,16,32,48,16,32,48
591,591,16,32,48,16,32,48,16,32,48
592,592,16,32,48,16,32,48,16,32,48
593,593,16,32,48,16,32,48,16,32,48
594,594,16,32,48,16,32,48,16,32,48
595,595,16,32,48,16,32,48,16,32,48
596,596,16,32,48,16,32,48,16,32,48
597,597,16,32,48,16,32,48,16,32,48
598,598,16,32,48,16,32,48,16,32,48
599,599,16,32,48,16,32,48,16,32,48
600,600,16,32,48,16,32,48,16,32,48
601,601,16,32,48,16,32,48,16,32,48
602,602,16,64,80,16,64,80,16,64,80
603,603,16,64,80,16,64,80,16,64,80
604,604,16,64,80,16,64,80,16,64,80
605,605,16,64,80,16,64,80,16,64,80
606,606,16,64,80,16,64,80,16,64,80
607,607,16,64,80,16,64,80,16,64,80
608,608,16,64,80,16,64,80,16,64,80
609,609,16,64,80,16,64,80,16,64,80
610,610,16,64,80,16,64,80,16,64,80
611,611,16,64,80,16,64,80,16,64,80
612,612,16,64,80,16,64,80,16,64,80
613,613,16,64,80,16,64,80,16,64,80
614,614,16,64,80,16,64,80,16,64,80
615,615,16,64,80,16,64,80,16,64,80
616,616,16,64,80,16,64,80,16,64,80
617,617,16,64,80,16,64,80,16,64,80
618,618,16,64,80,16,64,80,16,64,80
619,619,16,64,80,16,64,80,16,64,80
620,620,16,64,80,16,64,80,16,64,80
621,621,16,64,80,16,64,80,16,64,80
622,622,16,64,80,16,64,80,16,64,80
623,623,16,64,80,16,64,80,16,64,80
624,624,16,64,80,16,64,80,16,64,80
625,625,16,64,80,16,64,80,16,64,80
626,626,16,64,80,16,64,80,16,64,80
627,627,16,64,80,16,64,80,16,64,80
628,628,16,64,80,16,64,80,16,64,80
629,629,16,64,80,16,64,80,16,64,80
630,630,16,64,80,16,64,80,16,64,80
631,631,16,64,80,16,64,80,16,64,80
632,632,16,64,80,16,64,80,16,64,80
633,633,16,64,80,16,64,80,16,64,80
634,634,16,64,80,16,64,80,16,64,80
635,635,16,64,80,16,64,80,16,64,80
636,636,16,64,80,16,64,80,16,64,80
637,637,16,64,80,16,64,80,16,64,80
638,638,16,64,80,16,64,80,16,64,80
639,639,16,64,80,16,64,80,16,64,80
640,640,16,64,80,16,64,80,16,64,80
641,641,16,64,80,16,64,80,16,64,80
642,642,16,64,80,16,64,80,16,64,80
643,643,16,64,80,16,64,80,16,64,80
644,644,16,64,80,16,64,80,16,64,80
645,645,16,64,80,16,64,80,16,64,80
646,646,16,64,80,16,64,80,16,64,80
647,647,16,64,80,16,64,80,16,64,80
648,648,16,64,80,16,64,80,16,64,80
649,649,16,64,80,16,64,80,16,64,80
650,650,16,64,80,16,64,80,16,64,80
651,651,16,64,80,16,64,80,16,64,80
652,652,16,64,80,16,64,80,16,64,80
653,653,16,64,80,16,64,80,16,64,80
654,654,16,64,80,16,64,80,16,64,80
655,655,16,64,80,16,64,80,16,64,80
656,656,16,64,80,16,64,80,16,64,80
657,657,16,64,80,16,64,80,16,64,80
658,658,16,64,80,16,64,80,16,64,80
659,659,16,64,80,16,64,80,16,64,80
660,660,16,64,80,16,64,80,16,64,80
661,661,16,64,80,16,64,80,16,64,80
662,662,16,64,80,16,64,80,16,64,80
663,663,16,64,80,17,64,81,16,64,80
664,664,16,64,80,17,64,81,17,64,81
665,665,19,64,83,18,64,82,19,64,83
666,666,21,64,85,23,64,87,23,64,87
667,667,23,64,87,24,64,88,23,64,87
668,668,25,64,89,25,64,89,24,64,88
669,669,26,64,90,28,64,92,25,64,89
670,670,28,64,92,28,64,92,27,64,91
671,671,28,64,92,30,64,94,29,64,93
672,672,28,64,92,30,64,94,31,64,95
673,673,29,64,93,30,64,94,31,64,95
674,674,29,64,93,30,64,94,32,64,96
675,675,29,64,93,31,64,95,32,64,96
676,676,32,64,96,32,64,96,32,64,96
677,677,32,64,96,32,64,96,32,64,96
678,678,32,64,96,32,64,96,32,64,96
679,679,32,64,96,32,64,96,32,64,96
680,680,32,64,96,32,64,96,32,64,96
681,681,32,64,96,32,64,96,32,64,96
682,682,32,64,96,32,64,96,32,64,96
683,683,32,64,96,32,64,96,32,64,96
684,684,32,64,96,32,64,96,32,64,96
685,685,32,64,96,32,64,96,32,64,96
686,686,32,64,96,32,64,96,32,64,96
687,687,32,64,96,32,64,96,32,64,96
688,688,32,64,96,32,64,96,32,64,96
689,689,32,64,96,32,64,96,32,64,96
690,690,32,64,96,32,64,96,32,64,96
691,691,32,64,96,32,64,96,32,64,96
692,692,32,64,96,32,64,96,32,64,96
693,693,32,64,96,32,64,96,32,64,96
694,694,32,64,96,32,64,96,32,64,96
695,695,32,64,96,32,64,96,32,64,96
696,696,32,64,96,32,64,96,32,64,96
697,697,32,64,96,32,64,96,32,64,96
698,698,32,64,96,32,64,96,32,64,96
699,699,32,64,96,32,64,96,32,64,96
700,700,32,64,96,32,64,96,32,64,96
701,701,32,64,96,32,64,96,32,64,96
702,702,32,64,96,32,64,96,32,64,96
703,703,32,128,160,32,128,160,32,128,160
704,704,32,128,160,32,128,160,32,128,160
705,705,32,128,160,32,128,160,32,128,160
706,706,32,128,160,32,128,160,32,128,160
707,707,32,128,160,32,128,160,32,128,160
708,708,32,128,160,32,128,160,32,128,160
709,709,32,128,160,32,128,160,32,128,160
710,710,32,128,160,32,128,160,32,128,160
711,711,32,128,160,32,128,160,32,128,160
712,712,32,128,160,32,128,160,32,128,160
713,713,32,128,160,32,128,160,32,128,160
714,714,32,128,160,32,128,160,32,128,160
715,715,32,128,160,32,128,160,32,128,160
716,716,32,128,160,32,128,160,32,128,160
717,717,32,128,160,32,128,160,32,128,160
718,718,32,128,160,32,128,160,32,128,160
719,719,32,128,160,32,128,160,32,128,160
720,720,32,128,160,32,128,160,32,128,160
721,721,32,128,160,32,128,160,32,128,160
722,722,32,128,160,32,128,160,32,128,160
723,723,32,128,160,32,128,160,32,128,160
724,724,32,128,160,32,128,160,32,128,160
725,725,32,128,160,32,128,160,32,128,160
726,726,32,128,160,32,128,160,32,128,160
727,727,32,128,160,32,128,160,32,128,160
728,728,32,128,160,32,128,160,32,128,160
729,729,32,128,160,32,128,160,32,128,160
730,730,32,128,160,32,128,160,32,128,160
731,731,32,128,160,32,128,160,32,128,160
732,732,32,128,160,32,128,160,32,128,160
733,733,32,128,160,32,128,160,32,128,160
734,734,32,128,160,32,128,160,32,128,160
735,735,32,128,160,32,128,160,32,128,160
736,736,32,128,160,32,128,160,32,128,160
737,737,32,128,160,32,128,160,32,128,160
738,738,32,128,160,32,128,160,32,128,160
739,739,32,128,160,32,128,160,32,128,160
740,740,32,128,160,32,128,160,32,128,160
741,741,32,128,160,32,128,160,32,128,160
742,742,32,128,160,32,128,160,32,128,160
743,743,32,128,160,32,128,160,32,128,160
744,744,32,128,160,32,128,160,32,128,160
745,745,32,128,160,32,128,160,32,128,160
746,746,32,128,160,32,128,160,32,128,160
747,747,32,128,160,32,128,160,32,128,160
748,748,32,128,160,32,128,160,32,128,160
749,749,32,128,160,32,128,160,32,128,160
750,750,32,128,160,32,128,160,32,128,160
751,751,32,128,160,32,128,160,32,128,160
752,752,32,128,160,32,128,160,32,128,160
753,753,32,128,160,32,128,160,32,128,160
754,754,32,128,160,32,128,160,32,128,160
755,755,32,128,160,32,128,160,32,128,160
756,756,32,128,160,32,128,160,32,128,160
757,757,32,128,160,32,128,160,32,128,160
758,758,32,128,160,32,128,160,32,128,160
759,759,32,128,160,32,128,160,32,128,160
760,760,32,128,160,32,128,160,32,128,160
761,761,32,128,160,32,128,160,32,128,160
762,762,32,128,160,32,128,160,32,128,160
763,763,32,128,160,34,128,162,32,128,160
764,764,32,128,160,34,128,162,33,128,161
765,765,34,128,162,36,128,164,36,128,164
766,766,37,128,165,37,128,165,38,128,166
767,767,40,128,168,42,128,170,44,128,172
768,768,43,128,171,44,128,172,44,128,172
769,769,51,128,179,50,128,178,45,128,173
770,770,53,128,181,52,128,180,48,128,176
771,771,54,128,182,57,128,185,51,128,179
772,772,56,128,184,58,128,186,57,128,185
773,773,57,128,185,59,128,187,59,128,187
774,774,57,128,185,60,128,188,62,128,190
775,775,58,128,186,60,128,188,63,128,191
776,776,61,128,189,61,128,189,63,128,191
777,777,62,128,190,62,128,190,63,128,191
778,778,64,128,192,63,128,191,64,128,192
779,779,64,128,192,63,128,191,64,128,192
780,780,64,128,192,64,128,192,64,128,192
781,781,64,128,192,64,128,192,64,128,192
782,782,64,128,192,64,128,192,64,128,192
783,783,64,128,192,64,128,192,64,128,192
784,784,64,128,192,64,128,192,64,128,192
785,785,64,128,192,64,128,192,64,128,192
786,786,64,128,192,64,128,192,64,128,192
787,787,64,128,192,64,128,192,64,128,192
788,788,64,128,192,64,128,192,64,128,192
789,789,64,128,192,64,128,192,64,128,192
790,790,64,128,192,64,128,192,64,128,192
791,791,64,128,192,64,128,192,64,128,192
792,792,64,128,192,64,128,192,64,128,192
793,793,64,128,192,64,128,192,64,128,192
794,794,64,128,192,64,128,192,64,128,192
795,795,64,128,192,64,128,192,64,128,192
796,796,64,128,192,64,128,192,64,128,192
797,797,64,128,192,64,128,192,64,128,192
798,798,64,128,192,64,128,192,64,128,192
799,799,64,128,192,64,128,192,64,128,192
800,800,64,128,192,64,128,192,64,128,192
801,801,64,128,192,64,128,192,64,128,192
802,802,64,128,192,64,128,192,64,128,192
803,803,64,256,320,64,256,320,64,256,320
804,804,64,256,320,64,256,320,64,256,320
805,805,64,256,320,64,256,320,64,256,320
806,806,64,256,320,64,256,320,64,256,320
807,807,64,256,320,64,256,320,64,256,320
808,808,64,256,320,64,256,320,64,256,320
809,809,64,256,320,64,256,320,64,256,320
810,810,64,256,320,64,256,320,64,256,320
811,811,64,256,320,64,256,320,64,256,320
812,812,64,256,320,64,256,320,64,256,320
813,813,64,256,320,64,256,320,64,256,320
814,814,64,256,320,64,256,320,64,256,320
815,815,64,256,320,64,256,320,64,256,320
816,816,64,256,320,64,256,320,64,256,320
817,817,64,256,320,64,256,320,64,256,320
818,818,64,256,320,64,256,320,64,256,320
819,819,64,256,320,64,256,320,64,256,320
820,820,64,256,320,64,256,320,64,256,320
821,821,64,256,320,64,256,320,64,256,320
822,822,64,256,320,64,256,320,64,256,320
823,823,64,256,320,64,256,320,64,256,320
824,824,64,256,320,64,256,320,64,256,320
825,825,64,256,320,64,256,320,64,256,320
826,826,64,256,320,64,256,320,64,256,320
827,827,64,256,320,64,256,320,64,256,320
828,828,64,256,320,64,256,320,64,256,320
829,829,64,256,320,64,256,320,64,256,320
830,830,64,256,320,64,256,320,64,256,320
831,831,64,256,320,64,256,320,64,256,320
832,832,64,256,320,64,256,320,64,256,320
833,833,64,256,320,64,256,320,64,256,320
834,834,64,256,320,64,256,320,64,256,320
835,835,64,256,320,64,256,320,64,256,320
836,836,64,256,320,64,256,320,64,256,320
837,837,64,256,320,64,256,320,64,256,320
838,838,64,256,320,64,256,320,64,256,320
839,839,64,256,320,64,256,320,64,256,320
840,840,64,256,320,64,256,320,64,256,320
841,841,64,256,320,64,256,320,64,256,320
842,842,64,256,320,64,256,320,64,256,320
843,843,64,256,320,64,256,320,64,256,320
844,844,64,256,320,64,256,320,64,256,320
845,845,64,256,320,64,256,320,64,256,320
846,846,64,256,320,64,256,320,64,256,320
847,847,64,256,320,64,256,320,64,256,320
848,848,64,256,320,64,256,320,64,256,320
849,849,64,256,320,64,256,320,64,256,320
850,850,64,256,320,64,256,320,64,256,320
851,851,64,256,320,64,256,320,64,256,320
852,852,64,256,320,64,256,320,64,256,320
853,853,64,256,320,64,256,320,64,256,320
854,854,64,256,320,64,256,320,64,256,320
855,855,64,256,320,64,256,320,64,256,320
856,856,64,256,320,64,256,320,64,256,320
857,857,64,256,320,64,256,320,64,256,320
858,858,64,256,320,64,256,320,64,256,320
859,859,64,256,320,64,256,320,64,256,320
860,860,64,256,320,64,256,320,64,256,320
861,861,64,256,320,64,256,320,64,256,320
862,862,64,256,320,64,256,320,64,256,320
863,863,64,256,320,65,256,321,64,256,320
864,864,64,256,320,65,256,321,65,256,321
865,865,67,256,323,68,256,324,70,256,326
866,866,70,256,326,71,256,327,71,256,327
867,867,73,256,329,79,256,335,80,256,336
868,868,81,256,337,85,256,341,84,256,340
869,869,95,256,351,93,256,349,87,256,343
870,870,99,256,355,101,256,357,92,256,348
871,871,102,256,358,107,256,363,97,256,353
872,872,106,256,362,111,256,367,104,256,360
873,873,110,256,366,115,256,371,110,256,366
874,874,111,256,367,118,256,374,120,256,376
875,875,111,256,367,120,256,376,124,256,380
876,876,115,256,371,121,256,377,126,256,382
877,877,118,256,374,122,256,378,126,256,382
878,878,126,256,382,126,256,382,127,256,383
879,879,128,256,384,126,256,382,127,256,383
880,880,128,256,384,127,256,383,128,256,384
881,881,128,256,384,127,256,383,128,256,384
882,882,128,256,384,127,256,383,128,256,384
883,883,128,256,384,128,256,384,128,256,384
884,884,128,256,384,128,256,384,128,256,384
885,885,128,256,384,128,256,384,128,256,384
886,886,128,256,384,128,256,384,128,256,384
887,887,128,256,384,128,256,384,128,256,384
888,888,128,256,384,128,256,384,128,256,384
889,889,128,256,384,128,256,384,128,256,384
890,890,128,256,384,128,256,384,128,256,384
891,891,128,256,384,128,256,384,128,256,384
892,892,128,256,384,128,256,384,128,256,384
893,893,128,256,384,128,256,384,128,256,384
894,894,128,256,384,128,256,384,128,256,384
895,895,128,256,384,128,256,384,128,256,384
896,896,128,256,384,128,256,384,128,256,384
897,897,128,256,384,128,256,384,128,256,384
898,898,128,256,384,128,256,384,128,256,384
899,899,128,256,384,128,256,384,128,256,384
900,900,128,256,384,128,256,384,128,256,384
901,901,128,256,384,128,256,384,128,256,384
902,902,128,256,384,128,256,384,128,256,384
903,903,128,512,640,128,512,640,128,512,640
904,904,128,512,640,128,512,640,128,512,640
905,905,128,512,640,128,512,640,128,512,640
906,906,128,512,640,128,512,640,128,512,640
907,907,128,512,640,128,512,640,128,512,640
908,908,128,512,640,128,512,640,128,512,640
909,909,128,512,640,128,512,640,128,512,640
910,910,128,512,640,128,512,640,128,512,640
911,911,128,512,640,128,512,640,128,512,640
912,912,128,512,640,128,512,640,128,512,640
913,913,128,512,640,128,512,640,128,512,640
914,914,128,512,640,128,512,640,128,512,640
915,915,128,512,640,128,512,640,128,512,640
916,916,128,512,640,128,512,640,128,512,640
917,917,128,512,640,128,512,640,128,512,640
918,918,128,512,640,128,512,640,128,512,640
919,919,128,512,640,128,512,640,128,512,640
920,920,128,512,640,128,512,640,128,512,640
921,921,128,512,640,128,512,640,128,512,640
922,922,128,512,640,128,512,640,128,512,640
923,923,128,512,640,128,512,640,128,512,640
924,924,128,512,640,128,512,640,128,512,640
925,925,128,512,640,128,512,640,128,512,640
926,926,128,512,640,128,512,640,128,512,640
927,927,128,512,640,128,512,640,128,512,640
928,928,128,512,640,128,512,640,128,512,640
929,929,128,512,640,128,512,640,128,512,640
930,930,128,512,640,128,512,640,128,512,640
931,931,128,512,640,128,512,640,128,512,640
932,932,128,512,640,128,512,640,128,512,640
933,933,128,512,640,128,512,640,128,512,640
934,934,128,512,640,128,512,640,128,512,640
935,935,128,512,640,128,512,640,128,512,640
936,936,128,512,640,128,512,640,128,512,640
937,937,128,512,640,128,512,640,128,512,640
938,938,128,512,640,128,512,640,128,512,640
939,939,128,512,640,128,512,640,128,512,640
940,940,128,512,640,128,512,640,128,512,640
941,941,128,512,640,128,512,640,128,512,640
942,942,128,512,640,128,512,640,128,512,640
943,943,128,512,640,128,512,640,128,512,640
944,944,128,512,640,128,512,640,128,512,640
945,945,128,512,640,128,512,640,128,512,640
946,946,128,512,640,128,512,640,128,512,640
947,947,128,512,640,128,512,640,128,512,640
948,948,128,512,640,128,512,640,128,512,640
949,949,128,512,640,128,512,640,128,512,640
950,950,128,512,640,128,512,640,128,512,640
951,951,128,512,640,128,512,640,128,512,640
952,952,128,512,640,128,512,640,128,512,640
953,953,128,512,640,128,512,640,128,512,640
954,954,128,512,640,128,512,640,128,512,640
955,955,128,512,640,128,512,640,128,512,640
956,956,128,512,640,128,512,640,128,512,640
957,957,128,512,640,128,512,640,128,512,640
958,958,128,512,640,128,512,640,128,512,640
959,959,128,512,640,128,512,640,128,512,640
960,960,128,512,640,128,512,640,128,512,640
961,961,128,512,640,128,512,640,128,512,640
962,962,128,512,640,128,512,640,128,512,640
963,963,128,512,640,129,512,641,128,512,640
964,964,128,512,640,130,512,642,129,512,641
965,965,131,512,643,135,512,647,135,512,647
966,966,139,512,651,139,512,651,137,512,649
967,967,145,512,657,150,512,662,151,512,663
968,968,157,512,669,162,512,674,160,512,672
969,969,178,512,690,177,512,689,169,512,681
970,970,192,512,704,189,512,701,179,512,691
971,971,201,512,713,206,512,718,189,512,701
972,972,210,512,722,215,512,727,200,512,712
973,973,218,512,730,225,512,737,215,512,727
974,974,222,512,734,232,512,744,231,512,743
975,975,222,512,734,238,512,750,241,512,753
976,976,228,512,740,239,512,751,248,512,760
977,977,231,512,743,240,512,752,251,512,763
978,978,247,512,759,250,512,762,254,512,766
979,979,252,512,764,251,512,763,254,512,766
980,980,255,512,767,253,512,765,256,512,768
981,981,256,512,768,253,512,765,256,512,768
982,982,256,512,768,253,512,765,256,512,768
983,983,256,512,768,254,512,766,256,512,768
984,984,256,512,768,255,512,767,256,512,768
985,985,256,512,768,256,512,768,256,512,768
986,986,256,512,768,256,512,768,256,512,768
987,987,256,512,768,256,512,768,256,512,768
988,988,256,512,768,256,512,768,256,512,768
989,989,256,512,768,256,512,768,256,512,768
990,990,256,512,768,256,512,768,256,512,768
991,991,256,512,768,256,512,768,256,512,768
992,992,256,512,768,256,512,768,256,512,768
993,993,256,512,768,256,512,768,256,512,768
994,994,256,512,768,256,512,768,256,512,768
995,995,256,512,768,256,512,768,256,512,768
996,996,256,512,768,256,512,768,256,512,768
997,997,256,512,768,256,512,768,256,512,768
998,998,256,512,768,256,512,768,256,512,768
999,999,256,512,768,256,512,768,256,512,768
1000,1000,256,512,768,256,512,768,256,512,768
1001,1001,256,512,768,256,512,768,256,512,768
1002,1002,256,512,768,256,512,768,256,512,768
1003,1003,256,512,768,256,512,768,256,512,768
1004,1004,256,1024,1280,256,1024,1280,256,1024,1280
1005,1005,256,1024,1280,256,1024,1280,256,1024,1280
1006,1006,256,1024,1280,256,1024,1280,256,1024,1280
1007,1007,256,1024,1280,256,1024,1280,256,1024,1280
1008,1008,256,1024,1280,256,1024,1280,256,1024,1280
1009,1009,256,1024,1280,256,1024,1280,256,1024,1280
1010,1010,256,1024,1280,256,1024,1280,256,1024,1280
1011,1011,256,1024,1280,256,1024,1280,256,1024,1280
1012,1012,256,1024,1280,256,1024,1280,256,1024,1280
1013,1013,256,1024,1280,256,1024,1280,256,1024,1280
1014,1014,256,1024,1280,256,1024,1280,256,1024,1280
1015,1015,256,1024,1280,256,1024,1280,256,1024,1280
1016,1016,256,1024,1280,256,1024,1280,256,1024,1280
1017,1017,256,1024,1280,256,1024,1280,256,1024,1280
1018,1018,256,1024,1280,256,1024,1280,256,1024,1280
1019,1019,256,1024,1280,256,1024,1280,256,1024,1280
1020,1020,256,1024,1280,256,1024,1280,256,1024,1280
1021,1021,256,1024,1280,256,1024,1280,256,1024,1280
1022,1022,256,1024,1280,256,1024,1280,256,1024,1280
1023,1023,256,1024,1280,256,1024,1280,256,1024,1280
1024,1024,256,1024,1280,256,1024,1280,256,1024,1280
1025,1025,256,1024,1280,256,1024,1280,256,1024,1280
1026,1026,256,1024,1280,256,1024,1280,256,1024,1280
1027,1027,256,1024,1280,256,1024,1280,256,1024,1280
1028,1028,256,1024,1280,256,1024,1280,256,1024,1280
1029,1029,256,1024,1280,256,1024,1280,256,1024,1280
1030,1030,256,1024,1280,256,1024,1280,256,1024,1280
1031,1031,256,1024,1280,256,1024,1280,256,1024,1280
1032,1032,256,1024,1280,256,1024,1280,256,1024,1280
1033,1033,256,1024,1280,256,1024,1280,256,1024,1280
1034,1034,256,1024,1280,256,1024,1280,256,1024,1280
1035,1035,256,1024,1280,256,1024,1280,256,1024,1280
1036,1036,256,1024,1280,256,1024,1280,256,1024,1280
1037,1037,256,1024,1280,256,1024,1280,256,1024,1280
1038,1038,256,1024,1280,256,1024,1280,256,1024,1280
1039,1039,256,1024,1280,256,1024,1280,256,1024,1280
1040,1040,256,1024,1280,256,1024,1280,256,1024,1280
1041,1041,256,1024,1280,256,1024,1280,256,1024,1280
1042,1042,256,1024,1280,256,1024,1280,256,1024,1280
1043,1043,256,1024,1280,256,1024,1280,256,1024,1280
1044,1044,256,1024,1280,256,1024,1280,256,1024,1280
1045,1045,256,1024,1280,256,1024,1280,256,1024,1280
1046,1046,256,1024,1280,256,1024,1280,256,1024,1280
1047,1047,256,1024,1280,256,1024,1280,256,1024,1280
1048,1048,256,1024,1280,256,1024,1280,256,1024,1280
1049,1049,256,1024,1280,256,1024,1280,256,1024,1280
1050,1050,256,1024,1280,256,1024,1280,256,1024,1280
1051,1051,256,1024,1280,256,1024,1280,256,1024,1280
1052,1052,256,1024,1280,256,1024,1280,256,1024,1280
1053,1053,256,1024,1280,256,1024,1280,256,1024,1280
1054,1054,256,1024,1280,256,1024,1280,256,1024,1280
1055,1055,256,1024,1280,256,1024,1280,256,1024,1280
1056,1056,256,1024,1280,256,1024,1280,256,1024,1280
1057,1057,256,1024,1280,256,1024,1280,256,1024,1280
1058,1058,256,1024,1280,256,1024,1280,256,1024,1280
1059,1059,256,1024,1280,256,1024,1280,256,1024,1280
1060,1060,256,1024,1280,256,1024,1280,256,1024,1280
1061,1061,256,1024,1280,256,1024,1280,256,1024,1280
1062,1062,256,1024,1280,256,1024,1280,256,1024,1280
1063,1063,256,1024,1280,258,1024,1282,256,1024,1280
1064,1064,256,1024,1280,259,1024,1283,258,1024,1282
1065,1065,262,1024,1286,268,1024,1292,269,1024,1293
1066,1066,275,1024,1299,276,1024,1300,271,1024,1295
1067,1067,286,1024,1310,295,1024,1319,292,1024,1316
1068,1068,309,1024,1333,318,1024,1342,314,1024,1338
1069,1069,346,1024,1370,345,1024,1369,334,1024,1358
1070,1070,375,1024,1399,365,1024,1389,352,1024,1376
1071,1071,392,1024,1416,399,1024,1423,372,1024,1396
1072,1072,413,1024,1437,420,1024,1444,398,1024,1422
1073,1073,433,1024,1457,444,1024,1468,425,1024,1449
1074,1074,441,1024,1465,459,1024,1483,455,1024,1479
1075,1075,443,1024,1467,471,1024,1495,474,1024,1498
1076,1076,456,1024,1480,473,1024,1497,488,1024,1512
1077,1077,462,1024,1486,479,1024,1503,501,1024,1525
1078,1078,491,1024,1515,499,1024,1523,508,1024,1532
1079,1079,501,1024,1525,499,1024,1523,508,1024,1532
1080,1080,505,1024,1529,503,1024,1527,510,1024,1534
1081,1081,509,1024,1533,504,1024,1528,511,1024,1535
1082,1082,512,1024,1536,506,1024,1530,512,1024,1536
1083,1083,512,1024,1536,508,1024,1532,512,1024,1536
1084,1084,512,1024,1536,510,1024,1534,512,1024,1536
1085,1085,512,1024,1536,512,1024,1536,512,1024,1536
1086,1086,512,1024,1536,512,1024,1536,512,1024,1536
1087,1087,512,1024,1536,512,1024,1536,512,1024,1536
1088,1088,512,1024,1536,512,1024,1536,512,1024,1536
1089,1089,512,1024,1536,512,1024,1536,512,1024,1536
1090,1090,512,1024,1536,512,1024,1536,512,1024,1536
1091,1091,512,1024,1536,512,1024,1536,512,1024,1536
1092,1092,512,1024,1536,512,1024,1536,512,1024,1536
1093,1093,512,1024,1536,512,1024,1536,512,1024,1536
1094,1094,512,1024,1536,512,1024,1536,512,1024,1536
1095,1095,512,1024,1536,512,1024,1536,512,1024,1536
1096,1096,512,1024,1536,512,1024,1536,512,1024,1536
1097,1097,512,1024,1536,512,1024,1536,512,1024,1536
1098,1098,512,1024,1536,512,1024,1536,512,1024,1536
1099,1099,512,1024,1536,512,1024,1536,512,1024,1536
1100,1100,512,1024,1536,512,1024,1536,512,1024,1536
1101,1101,512,1024,1536,512,1024,1536,512,1024,1536
1102,1102,512,1024,1536,512,1024,1536,512,1024,1536
1103,1103,512,1024,1536,512,1024,1536,512,1024,1536
1104,1104,512,2048,2560,512,2048,2560,512,2048,2560
1105,1105,512,2048,2560,512,2048,2560,512,2048,2560
1106,1106,512,2048,2560,512,2048,2560,512,2048,2560
1107,1107,512,2048,2560,512,2048,2560,512,2048,2560
1108,1108,512,2048,2560,512,2048,2560,512,2048,2560
1109,1109,512,2048,2560,512,2048,2560,512,2048,2560
1110,1110,512,2048,2560,512,2048,2560,512,2048,2560
1111,1111,512,2048,2560,512,2048,2560,512,2048,2560
1112,1112,512,2048,2560,512,2048,2560,512,2048,2560
1113,1113,512,2048,2560,512,2048,2560,512,2048,2560
1114,1114,512,2048,2560,512,2048,2560,512,2048,2560
1115,1115,512,2048,2560,512,2048,2560,512,2048,2560
1116,1116,512,2048,2560,512,2048,2560,512,2048,2560
1117,1117,512,2048,2560,512,2048,2560,512,2048,2560
1118,1118,512,2048,2560,512,2048,2560,512,2048,2560
1119,1119,512,2048,2560,512,2048,2560,512,2048,2560
1120,1120,512,2048,2560,512,2048,2560,512,2048,2560
1121,1121,512,2048,2560,512,2048,2560,512,2048,2560
1122,1122,512,2048,2560,512,2048,2560,512,2048,2560
1123,1123,512,2048,2560,512,2048,2560,512,2048,2560
1124,1124,512,2048,2560,512,2048,2560,512,2048,2560
1125,1125,512,2048,2560,512,2048,2560,512,2048,2560
1126,1126,512,2048,2560,512,2048,2560,512,2048,2560
1127,1127,512,2048,2560,512,2048,2560,512,2048,2560
1128,1128,512,2048,2560,512,2048,2560,512,2048,2560
1129,1129,512,2048,2560,512,2048,2560,512,2048,2560
1130,1130,512,2048,2560,512,2048,2560,512,2048,2560
1131,1131,512,2048,2560,512,2048,2560,512,2048,2560
1132,1132,512,2048,2560,512,2048,2560,512,2048,2560
1133,1133,512,2048,2560,512,2048,2560,512,2048,2560
1134,1134,512,2048,2560,512,2048,2560,512,2048,2560
1135,1135,512,2048,2560,512,2048,2560,512,2048,2560
1136,1136,512,2048,2560,512,2048,2560,512,2048,2560
1137,1137,512,2048,2560,512,2048,2560,512,2048,2560
1138,1138,512,2048,2560,512,2048,2560,512,2048,2560
1139,1139,512,2048,2560,512,2048,2560,512,2048,2560
1140,1140,512,2048,2560,512,2048,2560,512,2048,2560
1141,1141,512,2048,2560,512,2048,2560,512,2048,2560
1142,1142,512,2048,2560,512,2048,2560,512,2048,2560
1143,1143,512,2048,2560,512,2048,2560,512,2048,2560
1144,1144,512,2048,2560,512,2048,2560,512,2048,2560
1145,1145,512,2048,2560,512,2048,2560,512,2048,2560
1146,1146,512,2048,2560,512,2048,2560,512,2048,2560
1147,1147,512,2048,2560,512,2048,2560,512,2048,2560
1148,1148,512,2048,2560,512,2048,2560,512,2048,2560
1149,1149,512,2048,2560,512,2048,2560,512,2048,2560
1150,1150,512,2048,2560,512,2048,2560,512,2048,2560
1151,1151,512,2048,2560,512,2048,2560,512,2048,2560
1152,1152,512,2048,2560,512,2048,2560,512,2048,2560
1153,1153,512,2048,2560,512,2048,2560,512,2048,2560
1154,1154,512,2048,2560,512,2048,2560,512,2048,2560
1155,1155,512,2048,2560,512,2048,2560,512,2048,2560
1156,1156,512,2048,2560,512,2048,2560,512,2048,2560
1157,1157,512,2048,2560,512,2048,2560,512,2048,2560
1158,1158,512,2048,2560,512,2048,2560,512,2048,2560
1159,1159,512,2048,2560,512,2048,2560,512,2048,2560
1160,1160,512,2048,2560,512,2048,2560,512,2048,2560
1161,1161,512,2048,2560,512,2048,2560,512,2048,2560
1162,1162,512,2048,2560,512,2048,2560,512,2048,2560
1163,1163,512,2048,2560,514,2048,2562,512,2048,2560
1164,1164,512,2048,2560,517,2048,2565,515,2048,2563
1165,1165,523,2048,2571,535,2048,2583,535,2048,2583
1166,1166,548,2048,2596,551,2048,2599,542,2048,2590
1167,1167,569,2048,2617,585,2048,2633,576,2048,2624
1168,1168,614,2048,2662,629,2048,2677,617,2048,2665
1169,1169,683,2048,2731,685,2048,2733,660,2048,2708
1170,1170,736,2048,2784,724,2048,2772,701,2048,2749
1171,1171,774,2048,2822,790,2048,2838,738,2048,2786
1172,1172,824,2048,2872,832,2048,2880,786,2048,2834
1173,1173,861,2048,2909,883,2048,2931,843,2048,2891
1174,1174,878,2048,2926,915,2048,2963,903,2048,2951
1175,1175,885,2048,2933,940,2048,2988,946,2048,2994
1176,1176,906,2048,2954,945,2048,2993,972,2048,3020
1177,1177,918,2048,2966,956,2048,3004,999,2048,3047
1178,1178,972,2048,3020,994,2048,3042,1013,2048,3061
1179,1179,998,2048,3046,996,2048,3044,1013,2048,3061
1180,1180,1008,2048,3056,1005,2048,3053,1020,2048,3068
1181,1181,1018,2048,3066,1008,2048,3056,1021,2048,3069
1182,1182,1023,2048,3071,1011,2048,3059,1023,2048,3071
1183,1183,1023,2048,3071,1015,2048,3063,1024,2048,3072
1184,1184,1024,2048,3072,1019,2048,3067,1024,2048,3072
1185,1185,1024,2048,3072,1022,2048,3070,1024,2048,3072
1186,1186,1024,2048,3072,1024,2048,3072,1024,2048,3072
1187,1187,1024,2048,3072,1024,2048,3072,1024,2048,3072
1188,1188,1024,2048,3072,1024,2048,3072,1024,2048,3072
1189,1189,1024,2048,3072,1024,2048,3072,1024,2048,3072
1190,1190,1024,2048,3072,1024,2048,3072,1024,2048,3072
1191,1191,1024,2048,3072,1024,2048,3072,1024,2048,3072
1192,1192,1024,2048,3072,1024,2048,3072,1024,2048,3072
1193,1193,1024,2048,3072,1024,2048,3072,1024,2048,3072
1194,1194,1024,2048,3072,1024,2048,3072,1024,2048,3072
1195,1195,1024,2048,3072,1024,2048,3072,1024,2048,3072
1196,1196,1024,2048,3072,1024,2048,3072,1024,2048,3072
1197,1197,1024,2048,3072,1024,2048,3072,1024,2048,3072
1198,1198,1024,2048,3072,1024,2048,3072,1024,2048,3072
1199,1199,1024,2048,3072,1024,2048,3072,1024,2048,3072
1200,1200,1024,2048,3072,1024,2048,3072,1024,2048,3072
1201,1201,1024,2048,3072,1024,2048,3072,1024,2048,3072
1202,1202,1024,2048,3072,1024,2048,3072,1024,2048,3072
1203,1203,1024,2048,3072,1024,2048,3072,1024,2048,3072
1204,1204,1024,4096,5120,1024,4096,5120,1024,4096,5120
1205,1205,1024,4096,5120,1024,4096,5120,1024,4096,5120
1206,1206,1024,4096,5120,1024,4096,5120,1024,4096,5120
1207,1207,1024,4096,5120,1024,4096,5120,1024,4096,5120
1208,1208,1024,4096,5120,1024,4096,5120,1024,4096,5120
1209,1209,1024,4096,5120,1024,4096,5120,1024,4096,5120
1210,1210,1024,4096,5120,1024,4096,5120,1024,4096,5120
1211,1211,1024,4096,5120,1024,4096,5120,1024,4096,5120
1212,1212,1024,4096,5120,1024,4096,5120,1024,4096,5120
1213,1213,1024,4096,5120,1024,4096,5120,1024,4096,5120
1214,1214,1024,4096,5120,1024,4096,5120,1024,4096,5120
1215,1215,1024,4096,5120,1024,4096,5120,1024,4096,5120
1216,1216,1024,4096,5120,1024,4096,5120,1024,4096,5120
1217,1217,1024,4096,5120,1024,4096,5120,1024,4096,5120
1218,1218,1024,4096,5120,1024,4096,5120,1024,4096,5120
1219,1219,1024,4096,5120,1024,4096,5120,1024,4096,5120
1220,1220,1024,4096,5120,1024,4096,5120,1024,4096,5120
1221,1221,1024,4096,5120,1024,4096,5120,1024,4096,5120
1222,1222,1024,4096,5120,1024,4096,5120,1024,4096,5120
1223,1223,1024,4096,5120,1024,4096,5120,1024,4096,5120
1224,1224,1024,4096,5120,1024,4096,5120,1024,4096,5120
1225,1225,1024,4096,5120,1024,4096,5120,1024,4096,5120
1226,1226,1024,4096,5120,1024,4096,5120,1024,4096,5120
1227,1227,1024,4096,5120,1024,4096,5120,1024,4096,5120
1228,1228,1024,4096,5120,1024,4096,5120,1024,4096,5120
1229,1229,1024,4096,5120,1024,4096,5120,1024,4096,5120
1230,1230,1024,4096,5120,1024,4096,5120,1024,4096,5120
1231,1231,1024,4096,5120,1024,4096,5120,1024,4096,5120
1232,1232,1024,4096,5120,1024,4096,5120,1024,4096,5120
1233,1233,1024,4096,5120,1024,4096,5120,1024,4096,5120
1234,1234,1024,4096,5120,1024,4096,5120,1024,4096,5120
1235,1235,1024,4096,5120,1024,4096,5120,1024,4096,5120
1236,1236,1024,4096,5120,1024,4096,5120,1024,4096,5120
1237,1237,1024,4096,5120,1024,4096,5120,1024,4096,5120
1238,1238,1024,4096,5120,1024,4096,5120,1024,4096,5120
1239,1239,1024,4096,5120,1024,4096,5120,1024,4096,5120
1240,1240,1024,4096,5120,1024,4096,5120,1024,4096,5120
1241,1241,1024,4096,5120,1024,4096,5120,1024,4096,5120
1242,1242,1024,4096,5120,1024,4096,5120,1024,4096,5120
1243,1243,1024,4096,5120,1024,4096,5120,1024,4096,5120
1244,1244,1024,4096,5120,1024,4096,5120,1024,4096,5120
1245,1245,1024,4096,5120,1024,4096,5120,1024,4096,5120
1246,1246,1024,4096,5120,1024,4096,5120,1024,4096,5120
1247,1247,1024,4096,5120,1024,4096,5120,1024,4096,5120
1248,1248,1024,4096,5120,1024,4096,5120,1024,4096,5120
1249,1249,1024,4096,5120,1024,4096,5120,1024,4096,5120
1250,1250,1024,4096,5120,1024,4096,5120,1024,4096,5120
1251,1251,1024,4096,5120,1024,4096,5120,1024,4096,5120
1252,1252,1024,4096,5120,1024,4096,5120,1024,4096,5120
1253,1253,1024,4096,5120,1024,4096,5120,1024,4096,5120
1254,1254,1024,4096,5120,1024,4096,5120,1024,4096,5120
1255,1255,1024,4096,5120,1024,4096,5120,1024,4096,5120
1256,1256,1024,4096,5120,1024,4096,5120,1024,4096,5120
1257,1257,1024,4096,5120,1024,4096,5120,1024,4096,5120
1258,1258,1024,4096,5120,1024,4096,5120,1024,4096,5120
1259,1259,1024,4096,5120,1024,4096,5120,1024,4096,5120
1260,1260,1024,4096,5120,1024,4096,5120,1024,4096,5120
1261,1261,1024,4096,5120,1024,4096,5120,1024,4096,5120
1262,1262,1024,4096,5120,1024,4096,5120,1024,4096,5120
1263,1263,1024,4096,5120,1028,4096,5124,1024,4096,5120
1264,1264,1024,4096,5120,1033,4096,5129,1030,4096,5126
1265,1265,1045,4096,5141,1069,4096,5165,1064,4096,5160
1266,1266,1092,4096,5188,1101,4096,5197,1080,4096,5176
1267,1267,1135,4096,5231,1165,4096,5261,1144,4096,5240
1268,1268,1227,4096,5323,1254,4096,5350,1221,4096,5317
1269,1269,1354,4096,5450,1357,4096,5453,1304,4096,5400
1270,1270,1465,4096,5561,1435,4096,5531,1385,4096,5481
1271,1271,1545,4096,5641,1567,4096,5663,1466,4096,5562
1272,1272,1642,4096,5738,1653,4096,5749,1561,4096,5657
1273,1273,1711,4096,5807,1756,4096,5852,1668,4096,5764
1274,1274,1748,4096,5844,1820,4096,5916,1787,4096,5883
1275,1275,1766,4096,5862,1874,4096,5970,1877,4096,5973
1276,1276,1810,4096,5906,1889,4096,5985,1931,4096,6027
1277,1277,1835,4096,5931,1912,4096,6008,1984,4096,6080
1278,1278,1938,4096,6034,1985,4096,6081,2022,4096,6118
1279,1279,1992,4096,6088,1991,4096,6087,2026,4096,6122
1280,1280,2015,4096,6111,2009,4096,6105,2038,4096,6134
1281,1281,2033,4096,6129,2015,4096,6111,2040,4096,6136
1282,1282,2044,4096,6140,2022,4096,6118,2046,4096,6142
1283,1283,2046,4096,6142,2030,4096,6126,2047,4096,6143
1284,1284,2047,4096,6143,2038,4096,6134,2047,4096,6143
1285,1285,2047,4096,6143,2044,4096,6140,2048,4096,6144
1286,1286,2048,4096,6144,2047,4096,6143,2048,4096,6144
1287,1287,2048,4096,6144,2047,4096,6143,2048,4096,6144
1288,1288,2048,4096,6144,2048,4096,6144,2048,4096,6144
1289,1289,2048,4096,6144,2048,4096,6144,2048,4096,6144
1290,1290,2048,4096,6144,2048,4096,6144,2048,4096,6144
1291,1291,2048,4096,6144,2048,4096,6144,2048,4096,6144
1292,1292,2048,4096,6144,2048,4096,6144,2048,4096,6144
1293,1293,2048,4096,6144,2048,4096,6144,2048,4096,6144
1294,1294,2048,4096,6144,2048,4096,6144,2048,4096,6144
1295,1295,2048,4096,6144,2048,4096,6144,2048,4096,6144
1296,1296,2048,4096,6144,2048,4096,6144,2048,4096,6144
1297,1297,2048,4096,6144,2048,4096,6144,2048,4096,6144
1298,1298,2048,4096,6144,2048,4096,6144,2048,4096,6144
1299,1299,2048,4096,6144,2048,4096,6144,2048,4096,6144
1300,1300,2048,4096,6144,2048,4096,6144,2048,4096,6144
1301,1301,2048,4096,6144,2048,4096,6144,2048,4096,6144
1302,1302,2048,4096,6144,2048,4096,6144,2048,4096,6144
1303,1303,2048,4096,6144,2048,4096,6144,2048,4096,6144
1304,1304,2048,4096,6144,2048,4096,6144,2048,4096,6144
1305,1305,2048,4096,6144,2048,4096,6144,2048,4096,6144
1306,1306,2048,4096,6144,2048,4096,6144,2048,4096,6144
1307,1307,2048,4096,6144,2048,4096,6144,2048,4096,6144
1308,1308,2048,4096,6144,2048,4096,6144,2048,4096,6144
1309,1309,2048,4096,6144,2048,4096,6144,2048,4096,6144
1310,1310,2048,4096,6144,2048,4096,6144,2048,4096,6144
1311,1311,2048,4096,6144,2048,4096,6144,2048,4096,6144
1312,1312,2048,4096,6144,2048,4096,6144,2048,4096,6144
1313,1313,2048,4096,6144,2048,4096,6144,2048,4096,6144
1314,1314,2048,4096,6144,2048,4096,6144,2048,4096,6144
1315,1315,2048,4096,6144,2048,4096,6144,2048,4096,6144
1316,1316,2048,4096,6144,2048,4096,6144,2048,4096,6144
1317,1317,2048,4096,6144,2048,4096,6144,2048,4096,6144
1318,1318,2048,4096,6144,2048,4096,6144,2048,4096,6144
1319,1319,2048,4096,6144,2048,4096,6144,2048,4096,6144
1320,1320,2048,4096,6144,2048,4096,6144,2048,4096,6144
1321,1321,2048,4096,6144,2048,4096,6144,2048,4096,6144
1322,1322,2048,4096,6144,2048,4096,6144,2048,4096,6144
1323,1323,2048,4096,6144,2048,4096,6144,2048,4096,6144
1324,1324,2048,4096,6144,2048,4096,6144,2048,4096,6144
1325,1325,2048,4096,6144,2048,4096,6144,2048,4096,6144
1326,1326,2048,4096,6144,2048,4096,6144,2048,4096,6144
1327,1327,2048,4096,6144,2048,4096,6144,2048,4096,6144
1328,1328,2048,4096,6144,2048,4096,6144,2048,4096,6144
1329,1329,2048,4096,6144,2048,4096,6144,2048,4096,6144
1330,1330,2048,4096,6144,2048,4096,6144,2048,4096,6144
1331,1331,2048,4096,6144,2048,4096,6144,2048,4096,6144
1332,1332,2048,4096,6144,2048,4096,6144,2048,4096,6144
1333,1333,2048,4096,6144,2048,4096,6144,2048,4096,6144
1334,1334,2048,4096,6144,2048,4096,6144,2048,4096,6144
1335,1335,2048,4096,6144,2048,4096,6144,2048,4096,6144
1336,1336,2048,4096,6144,2048,4096,6144,2048,4096,6144
1337,1337,2048,4096,6144,2048,4096,6144,2048,4096,6144
1338,1338,2048,4096,6144,2048,4096,6144,2048,4096,6144
1339,1339,2048,4096,6144,2048,4096,6144,2048,4096,6144
1340,1340,2048,4096,6144,2048,4096,6144,2048,4096,6144
1341,1341,2048,4096,6144,2048,4096,6144,2048,4096,6144
1342,1342,2048,4096,6144,2048,4096,6144,2048,4096,6144
1343,1343,2048,4096,6144,2048,4096,6144,2048,4096,6144
1344,1344,2048,4096,6144,2048,4096,6144,2048,4096,6144
1345,1345,2048,4096,6144,2048,4096,6144,2048,4096,6144
1346,1346,2048,4096,6144,2048,4096,6144,2048,4096,6144
1347,1347,2048,4096,6144,2048,4096,6144,2048,4096,6144
1348,1348,2048,4096,6144,2048,4096,6144,2048,4096,6144
1349,1349,2048,4096,6144,2048,4096,6144,2048,4096,6144
1350,1350,2048,4096,6144,2048,4096,6144,2048,4096,6144
1351,1351,2048,4096,6144,2048,4096,6144,2048,4096,6144
1352,1352,2048,4096,6144,2048,4096,6144,2048,4096,6144
1353,1353,2048,4096,6144,2048,4096,6144,2048,4096,6144
1354,1354,2048,4096,6144,2048,4096,6144,2048,4096,6144
1355,1355,2048,4096,6144,2048,4096,6144,2048,4096,6144
1356,1356,2048,4096,6144,2048,4096,6144,2048,4096,6144
1357,1357,2048,4096,6144,2048,4096,6144,2048,4096,6144
1358,1358,2048,4096,6144,2048,4096,6144,2048,4096,6144
1359,1359,2048,4096,6144,2048,4096,6144,2048,4096,6144
1360,1360,2048,4096,6144,2048,4096,6144,2048,4096,6144
1361,1361,2048,4096,6144,2048,4096,6144,2048,4096,6144
1362,1362,2048,4096,6144,2048,4096,6144,2048,4096,6144
1363,1363,2048,4096,6144,2052,4096,6148,2048,4096,6144
1364,1364,2048,4096,6144,2056,4096,6152,2058,4096,6154
1365,1365,2071,4096,6167,2107,4096,6203,2099,4096,6195
1366,1366,2133,4096,6229,2158,4096,6254,2135,4096,6231
1367,1367,2216,4096,6312,2254,4096,6350,2230,4096,6326
1368,1368,2347,4096,6443,2374,4096,6470,2346,4096,6442
1369,1369,2486,4096,6582,2497,4096,6593,2454,4096,6550
1370,1370,2667,4096,6763,2626,4096,6722,2560,4096,6656
1371,1371,2784,4096,6880,2771,4096,6867,2668,4096,6764
1372,1372,2870,4096,6966,2857,4096,6953,2772,4096,6868
1373,1373,2950,4096,7046,2953,4096,7049,2860,4096,6956
1374,1374,3020,4096,7116,3040,4096,7136,2951,4096,7047
1375,1375,3077,4096,7173,3130,4096,7226,3029,4096,7125
1376,1376,3128,4096,7224,3190,4096,7286,3113,4096,7209
1377,1377,3174,4096,7270,3244,4096,7340,3177,4096,7273
1378,1378,3217,4096,7313,3294,4096,7390,3233,4096,7329
1379,1379,3258,4096,7354,3335,4096,7431,3304,4096,7400
1380,1380,3301,4096,7397,3380,4096,7476,3361,4096,7457
1381,1381,3342,4096,7438,3416,4096,7512,3405,4096,7501
1382,1382,3373,4096,7469,3443,4096,7539,3445,4096,7541
1383,1383,3394,4096,7490,3478,4096,7574,3475,4096,7571
1384,1384,3427,4096,7523,3519,4096,7615,3507,4096,7603
1385,1385,3453,4096,7549,3535,4096,7631,3545,4096,7641
1386,1386,3470,4096,7566,3555,4096,7651,3573,4096,7669
1387,1387,3493,4096,7589,3564,4096,7660,3597,4096,7693
1388,1388,3511,4096,7607,3585,4096,7681,3611,4096,7707
1389,1389,3529,4096,7625,3595,4096,7691,3631,4096,7727
1390,1390,3542,4096,7638,3614,4096,7710,3643,4096,7739
1391,1391,3558,4096,7654,3630,4096,7726,3662,4096,7758
1392,1392,3574,4096,7670,3642,4096,7738,3678,4096,7774
1393,1393,3586,4096,7682,3649,4096,7745,3695,4096,7791
1394,1394,3599,4096,7695,3660,4096,7756,3702,4096,7798
1395,1395,3614,4096,7710,3665,4096,7761,3716,4096,7812
1396,1396,3631,4096,7727,3670,4096,7766,3730,4096,7826
1397,1397,3639,4096,7735,3676,4096,7772,3740,4096,7836
1398,1398,3654,4096,7750,3684,4096,7780,3752,4096,7848
1399,1399,3669,4096,7765,3696,4096,7792,3758,4096,7854
1400,1400,3683,4096,7779,3710,4096,7806,3769,4096,7865
1401,1401,3696,4096,7792,3719,4096,7815,3782,4096,7878
1402,1402,3704,4096,7800,3728,4096,7824,3790,4096,7886
1403,1403,3711,4096,7807,3736,4096,7832,3798,4096,7894
1404,1404,3722,4096,7818,3747,4096,7843,3802,4096,7898
1405,1405,3729,4096,7825,3757,4096,7853,3808,4096,7904
1406,1406,3740,4096,7836,3762,4096,7858,3822,4096,7918
1407,1407,3755,4096,7851,3768,4096,7864,3833,4096,7929
1408,1408,3767,4096,7863,3778,4096,7874,3839,4096,7935
1409,1409,3772,4096,7868,3784,4096,7880,3852,4096,7948
1410,1410,3778,4096,7874,3789,4096,7885,3856,4096,7952
1411,1411,3783,4096,7879,3792,4096,7888,3859,4096,7955
1412,1412,3788,4096,7884,3793,4096,7889,3866,4096,7962
1413,1413,3792,4096,7888,3797,4096,7893,3870,4096,7966
1414,1414,3799,4096,7895,3801,4096,7897,3876,4096,7972
1415,1415,3801,4096,7897,3805,4096,7901,3883,4096,7979
1416,1416,3805,4096,7901,3812,4096,7908,3888,4096,7984
1417,1417,3811,4096,7907,3815,4096,7911,3890,4096,7986
1418,1418,3813,4096,7909,3819,4096,7915,3893,4095,7988
1419,1419,3819,4096,7915,3819,4096,7915,3895,4095,7990
1420,1420,3823,4096,7919,3825,4096,7921,3900,4095,7995
1421,1421,3828,4096,7924,3828,4096,7924,3901,4095,7996
1422,1422,3831,4096,7927,3831,4096,7927,3903,4095,7998
1423,1423,3837,4096,7933,3834,4096,7930,3906,4095,8001
1424,1424,3839,4095,7934,3836,4095,7931,3911,4094,8005
1425,1425,3840,4095,7935,3840,4095,7935,3914,4094,8008
1426,1426,3841,4093,7934,3845,4094,7939,3917,4094,8011
1427,1427,3842,4093,7935,3847,4094,7941,3919,4094,8013
1428,1428,3847,4090,7937,3851,4092,7943,3919,4092,8011
1429,1429,3848,4090,7938,3852,4092,7944,3920,4092,8012
1430,1430,3853,4076,7929,3857,4091,7948,3923,4087,8010
1431,1431,3859,4076,7935,3863,4091,7954,3925,4087,8012
1432,1432,3866,4068,7934,3865,4075,7940,3928,4074,8002
1433,1433,3868,4068,7936,3869,4075,7944,3931,4074,8005
1434,1434,3873,4055,7928,3871,4051,7922,3933,4051,7984
1435,1435,3875,4055,7930,3872,4051,7923,3937,4051,7988
1436,1436,3877,4010,7887,3873,4022,7895,3940,4023,7963
1437,1437,3880,4010,7890,3875,4022,7897,3943,4023,7966
1438,1438,3883,3947,7830,3876,3976,7852,3947,3972,7919
1439,1439,3886,3947,7833,3880,3976,7856,3948,3972,7920
1440,1440,3888,3886,7774,3884,3914,7798,3948,3900,7848
1441,1441,3888,3886,7774,3887,3914,7801,3952,3900,7852
1442,1442,3888,3792,7680,3889,3832,7721,3954,3815,7769
1443,1443,3889,3792,7681,3892,3832,7724,3955,3815,7770
1444,1444,3889,3659,7548,3892,3714,7606,3957,3693,7650
1445,1445,3890,3659,7549,3893,3714,7607,3958,3693,7651
1446,1446,3891,3520,7411,3894,3578,7472,3959,3547,7506
1447,1447,3892,3520,7412,3894,3578,7472,3961,3547,7508
1448,1448,3894,3360,7254,3895,3414,7309,3962,3376,7338
1449,1449,3895,3360,7255,3895,3414,7309,3964,3376,7340
1450,1450,3896,3165,7061,3897,3217,7114,3964,3179,7143
1451,1451,3898,3165,7063,3897,3217,7114,3964,3179,7143
1452,1452,3900,2934,6834,3898,3004,6902,3964,2981,6945
1453,1453,3900,2934,6834,3898,3004,6902,3966,2981,6947
1454,1454,3900,2718,6618,3899,2778,6677,3966,2792,6758
1455,1455,3901,2718,6619,3899,2778,6677,3966,2792,6758
1456,1456,3902,2490,6392,3899,2543,6442,3968,2557,6525
1457,1457,3902,2490,6392,3899,2543,6442,3968,2557,6525
1458,1458,3902,2293,6195,3899,2316,6215,3969,2302,6271
1459,1459,3902,2293,6195,3899,2316,6215,3969,2302,6271
1460,1460,3902,2103,6005,3900,2107,6007,3969,2079,6048
1461,1461,3902,2103,6005,3900,2107,6007,3969,2079,6048
1462,1462,3902,1941,5843,3900,1899,5799,3969,1895,5864
1463,1463,3902,1941,5843,3900,1899,5799,3969,1895,5864
1464,1464,3902,1780,5682,3900,1747,5647,3969,1749,5718
1465,1465,3902,1780,5682,3900,1747,5647,3969,1749,5718
1466,1466,3902,1634,5536,3900,1598,5498,3969,1596,5565
1467,1467,3902,1634,5536,3900,1598,5498,3969,1596,5565
1468,1468,3902,1500,5402,3900,1460,5360,3969,1477,5446
1469,1469,3902,1500,5402,3900,1460,5360,3969,1477,5446
1470,1470,3902,1388,5290,3900,1339,5239,3969,1369,5338
1471,1471,3902,1388,5290,3900,1339,5239,3969,1369,5338
1472,1472,3902,1294,5196,3900,1253,5153,3969,1295,5264
1473,1473,3902,1294,5196,3900,1253,5153,3969,1295,5264
1474,1474,3902,1212,5114,3900,1186,5086,3969,1210,5179
1475,1475,3902,1212,5114,3900,1186,5086,3969,1210,5179
1476,1476,3902,1155,5057,3900,1122,5022,3969,1151,5120
1477,1477,3902,1155,5057,3900,1122,5022,3969,1151,5120
1478,1478,3902,1107,5009,3900,1074,4974,3969,1099,5068
1479,1479,3902,1107,5009,3900,1074,4974,3969,1099,5068
1480,1480,3902,1063,4965,3900,1032,4932,3969,1050,5019
1481,1481,3902,1063,4965,3900,1032,4932,3969,1050,5019
1482,1482,3902,1033,4935,3900,1014,4914,3969,1018,4987
1483,1483,3902,1033,4935,3900,1014,4914,3969,1018,4987
1484,1484,3902,1012,4914,3900,984,4884,3969,979,4948
1485,1485,3902,1012,4914,3900,984,4884,3969,979,4948
1486,1486,3902,984,4886,3900,960,4860,3969,950,4919
1487,1487,3902,984,4886,3900,960,4860,3969,950,4919
1488,1488,3902,958,4860,3900,933,4833,3969,929,4898
1489,1489,3902,958,4860,3900,933,4833,3969,929,4898
1490,1490,3902,936,4838,3900,914,4814,3969,917,4886
1491,1491,3902,936,4838,3900,914,4814,3969,917,4886
1492,1492,3902,917,4819,3900,905,4805,3969,903,4872
1493,1493,3902,917,4819,3900,905,4805,3969,903,4872
1494,1494,3902,910,4812,3900,895,4795,3969,891,4860
1495,1495,3902,910,4812,3900,895,4795,3969,891,4860
1496,1496,3902,904,4806,3900,886,4786,3969,881,4850
1497,1497,3902,904,4806,3900,886,4786,3969,881,4850
1498,1498,3902,895,4797,3900,877,4777,3969,875,4844
1499,1499,3902,895,4797,3900,877,4777,3969,875,4844
1500,1500,3902,882,4784,3900,873,4773,3969,868,4837
1501,1501,3902,882,4784,3900,873,4773,3969,868,4837
1502,1502,3902,879,4781,3900,870,4770,3969,861,4830
1503,1503,3902,879,4781,3900,870,4770,3969,861,4830
1504,1504,3902,871,4773,3900,868,4768,3969,856,4825
1505,1505,3902,871,4773,3900,868,4768,3969,856,4825
1506,1506,3902,861,4763,3900,861,4761,3969,854,4823
1507,1507,3902,861,4763,3900,861,4761,3969,854,4823
1508,1508,3902,860,4762,3900,854,4754,3969,850,4819
1509,1509,3902,860,4762,3900,854,4754,3969,850,4819
1510,1510,3902,854,4756,3900,852,4752,3969,847,4816
1511,1511,3902,854,4756,3900,852,4752,3969,847,4816
1512,1512,3902,850,4752,3900,848,4748,3969,844,4813
1513,1513,3902,850,4752,3900,848,4748,3969,844,4813
1514,1514,3902,849,4751,3900,843,4743,3969,843,4812
1515,1515,3902,849,4751,3900,843,4743,3969,843,4812
1516,1516,3902,847,4749,3900,842,4742,3969,842,4811
1517,1517,3902,847,4749,3900,842,4742,3969,842,4811
1518,1518,3902,847,4749,3900,841,4741,3969,841,4810
1519,1519,3902,847,4749,3900,841,4741,3969,841,4810
1520,1520,3902,843,4745,3900,838,4738,3969,841,4810
1521,1521,3902,843,4745,3900,838,4738,3969,841,4810
1522,1522,3902,841,4743,3900,835,4735,3969,841,4810
1523,1523,3902,841,4743,3900,835,4735,3969,841,4810
1524,1524,3902,839,4741,3900,834,4734,3969,840,4809
1525,1525,3902,839,4741,3900,834,4734,3969,840,4809
1526,1526,3902,838,4740,3900,831,4731,3969,839,4808
1527,1527,3902,838,4740,3900,831,4731,3969,839,4808
1528,1528,3902,838,4740,3900,831,4731,3969,839,4808
1529,1529,3902,838,4740,3900,831,4731,3969,839,4808
1530,1530,3902,838,4740,3900,829,4729,3969,839,4808
1531,1531,3902,838,4740,3900,829,4729,3969,839,4808
1532,1532,3902,837,4739,3900,829,4729,3969,839,4808
1533,1533,3902,837,4739,3900,829,4729,3969,839,4808
1534,1534,3902,837,4739,3900,826,4726,3969,838,4807
1535,1535,3902,837,4739,3900,826,4726,3969,838,4807
1536,1536,3902,835,4737,3900,825,4725,3969,836,4805
1537,1537,3902,835,4737,3900,825,4725,3969,836,4805
1538,1538,3902,835,4737,3900,825,4725,3969,836,4805
1539,1539,3902,835,4737,3900,825,4725,3969,836,4805
1540,1540,3902,835,4737,3900,824,4724,3969,835,4804
1541,1541,3902,835,4737,3900,824,4724,3969,835,4804
1542,1542,3902,834,4736,3900,823,4723,3969,834,4803
1543,1543,3902,834,4736,3900,823,4723,3969,834,4803
1544,1544,3902,833,4735,3900,822,4722,3969,832,4801
1545,1545,3902,833,4735,3900,822,4722,3969,832,4801
1546,1546,3902,833,4735,3900,821,4721,3969,832,4801
1547,1547,3902,833,4735,3900,821,4721,3969,832,4801
1548,1548,3902,832,4734,3900,821,4721,3969,832,4801
1549,1549,3902,832,4734,3900,821,4721,3969,832,4801
1550,1550,3902,832,4734,3900,820,4720,3969,831,4800
1551,1551,3902,832,4734,3900,820,4720,3969,831,4800
1552,1552,3902,832,4734,3900,820,4720,3968,830,4798
1553,1553,3902,832,4734,3900,820,4720,3967,830,4797
1554,1554,3902,832,4734,3900,820,4720,3967,829,4796
1555,1555,3902,832,4734,3900,820,4720,3967,829,4796
1556,1556,3902,831,4733,3900,820,4720,3967,829,4796
1557,1557,3902,831,4733,3899,820,4719,3966,829,4795
1558,1558,3900,828,4728,3898,820,4718,3965,829,4794
1559,1559,3899,828,4727,3897,820,4717,3963,829,4792
1560,1560,3897,828,4725,3897,820,4717,3962,829,4791
1561,1561,3897,828,4725,3896,820,4716,3961,829,4790
1562,1562,3896,827,4723,3894,820,4714,3954,829,4783
1563,1563,3894,827,4721,3892,820,4712,3949,829,4778
1564,1564,3892,827,4719,3889,820,4709,3947,829,4776
1565,1565,3889,827,4716,3888,820,4708,3941,829,4770
1566,1566,3885,826,4711,3884,820,4704,3938,829,4767
1567,1567,3880,826,4706,3875,820,4695,3933,829,4762
1568,1568,3872,826,4698,3867,820,4687,3927,829,4756
1569,1569,3867,826,4693,3858,820,4678,3912,829,4741
1570,1570,3854,826,4680,3851,820,4671,3892,827,4719
1571,1571,3843,826,4669,3844,820,4664,3873,827,4700
1572,1572,3833,826,4659,3834,819,4653,3857,826,4683
1573,1573,3818,826,4644,3824,819,4643,3828,826,4654
1574,1574,3801,824,4625,3808,818,4626,3806,826,4632
1575,1575,3780,824,4604,3784,818,4602,3772,826,4598
1576,1576,3750,823,4573,3750,818,4568,3740,826,4566
1577,1577,3722,823,4545,3720,818,4538,3688,826,4514
1578,1578,3687,822,4509,3682,818,4500,3643,826,4469
1579,1579,3648,822,4470,3651,818,4469,3590,826,4416
1580,1580,3611,822,4433,3599,817,4416,3538,826,4364
1581,1581,3565,822,4387,3549,817,4366,3459,826,4285
1582,1582,3506,822,4328,3497,817,4314,3393,826,4219
1583,1583,3452,822,4274,3439,817,4256,3330,826,4156
1584,1584,3387,822,4209,3390,817,4207,3257,826,4083
1585,1585,3324,822,4146,3317,817,4134,3186,826,4012
1586,1586,3241,822,4063,3229,817,4046,3100,826,3926
1587,1587,3174,822,3996,3148,817,3965,3015,826,3841
1588,1588,3099,822,3921,3063,817,3880,2933,826,3759
1589,1589,3014,822,3836,2980,817,3797,2837,826,3663
1590,1590,2942,822,3764,2874,817,3691,2752,826,3578
1591,1591,2862,822,3684,2791,817,3608,2635,826,3461
1592,1592,2770,822,3592,2722,817,3539,2539,825,3364
1593,1593,2684,822,3506,2623,817,3440,2439,825,3264
1594,1594,2578,822,3400,2510,817,3327,2344,825,3169
1595,1595,2471,822,3293,2406,817,3223,2243,825,3068
1596,1596,2380,822,3202,2310,817,3127,2143,825,2968
1597,1597,2283,822,3105,2228,817,3045,2043,825,2868
1598,1598,2184,822,3006,2152,817,2969,1933,824,2757
1599,1599,2093,822,2915,2068,817,2885,1847,824,2671
1600,1600,2006,822,2828,1973,817,2790,1765,824,2589
1601,1601,1909,822,2731,1886,817,2703,1675,824,2499
1602,1602,1815,822,2637,1804,817,2621,1584,824,2408
1603,1603,1732,822,2554,1736,817,2553,1520,824,2344
1604,1604,1658,822,2480,1649,817,2466,1464,824,2288
1605,1605,1592,822,2414,1579,817,2396,1394,824,2218
1606,1606,1526,822,2348,1520,817,2337,1348,824,2172
1607,1607,1461,822,2283,1447,817,2264,1299,824,2123
1608,1608,1397,822,2219,1391,817,2208,1249,824,2073
1609,1609,1348,822,2170,1327,817,2144,1201,824,2025
1610,1610,1309,822,2131,1273,817,2090,1156,824,1980
1611,1611,1264,822,2086,1225,817,2042,1127,824,1951
1612,1612,1229,822,2051,1190,817,2007,1090,824,1914
1613,1613,1191,822,2013,1153,817,1970,1057,824,1881
1614,1614,1151,822,1973,1117,817,1934,1032,824,1856
1615,1615,1122,822,1944,1083,817,1900,1008,824,1832
1616,1616,1086,822,1908,1059,817,1876,986,824,1810
1617,1617,1060,822,1882,1029,817,1846,969,824,1793
1618,1618,1030,822,1852,1006,817,1823,949,824,1773
1619,1619,1003,822,1825,982,817,1799,932,824,1756
1620,1620,984,822,1806,969,817,1786,908,824,1732
1621,1621,959,822,1781,946,817,1763,896,824,1720
1622,1622,936,822,1758,925,817,1742,879,824,1703
1623,1623,923,822,1745,913,817,1730,864,824,1688
1624,1624,911,822,1733,899,817,1716,855,824,1679
1625,1625,897,822,1719,885,817,1702,847,824,1671
1626,1626,888,822,1710,866,817,1683,834,824,1658
1627,1627,876,822,1698,861,817,1678,825,824,1649
1628,1628,868,822,1690,851,817,1668,814,824,1638
1629,1629,857,822,1679,846,817,1663,805,824,1629
1630,1630,848,822,1670,838,817,1655,801,824,1625
1631,1631,834,822,1656,833,817,1650,795,824,1619
1632,1632,826,822,1648,823,817,1640,788,824,1612
1633,1633,817,822,1639,812,817,1629,784,824,1608
1634,1634,811,822,1633,805,817,1622,778,824,1602
1635,1635,803,822,1625,802,817,1619,774,824,1598
1636,1636,797,822,1619,791,817,1608,768,824,1592
1637,1637,792,822,1614,787,817,1604,763,824,1587
1638,1638,790,822,1612,781,817,1598,755,824,1579
1639,1639,784,822,1606,778,817,1595,752,824,1576
1640,1640,781,822,1603,775,817,1592,749,824,1573
1641,1641,780,822,1602,772,817,1589,744,824,1568
1642,1642,775,822,1597,768,817,1585,743,824,1567
1643,1643,775,822,1597,765,817,1582,742,824,1566
1644,1644,771,822,1593,759,817,1576,740,824,1564
1645,1645,767,822,1589,756,817,1573,738,824,1562
1646,1646,764,822,1586,754,817,1571,736,824,1560
1647,1647,763,822,1585,751,817,1568,734,824,1558
1648,1648,761,822,1583,750,817,1567,733,824,1557
1649,1649,760,822,1582,749,817,1566,732,824,1556
1650,1650,757,822,1579,747,817,1564,730,824,1554
1651,1651,754,822,1576,745,817,1562,726,824,1550
1652,1652,753,822,1575,742,817,1559,725,824,1549
1653,1653,751,822,1573,741,817,1558,725,824,1549
1654,1654,749,822,1571,739,817,1556,724,824,1548
1655,1655,748,822,1570,738,817,1555,722,824,1546
1656,1656,747,822,1569,735,817,1552,721,824,1545
1657,1657,745,822,1567,733,817,1550,721,824,1545
1658,1658,744,821,1565,731,817,1548,720,824,1544
1659,1659,743,821,1564,729,817,1546,720,824,1544
1660,1660,742,821,1563,729,817,1546,717,824,1541
1661,1661,741,821,1562,728,817,1545,717,824,1541
1662,1662,741,821,1562,728,817,1545,717,824,1541
1663,1663,739,821,1560,727,817,1544,716,824,1540
1664,1664,738,821,1559,725,817,1542,716,824,1540
1665,1665,737,821,1558,721,817,1538,716,824,1540
1666,1666,736,821,1557,719,817,1536,716,824,1540
1667,1667,734,821,1555,719,817,1536,714,824,1538
1668,1668,734,821,1555,719,817,1536,712,824,1536
1669,1669,734,821,1555,719,817,1536,712,824,1536
1670,1670,733,821,1554,719,817,1536,712,824,1536
1671,1671,730,821,1551,718,817,1535,712,824,1536
1672,1672,730,821,1551,717,817,1534,711,824,1535
1673,1673,729,821,1550,717,817,1534,710,824,1534
1674,1674,729,821,1550,717,817,1534,710,824,1534
1675,1675,729,821,1550,716,817,1533,708,824,1532
1676,1676,727,821,1548,715,817,1532,707,824,1531
1677,1677,727,821,1548,715,817,1532,707,824,1531
1678,1678,725,821,1546,714,817,1531,706,824,1530
1679,1679,725,821,1546,713,817,1530,706,824,1530
1680,1680,725,821,1546,713,817,1530,706,824,1530
1681,1681,724,821,1545,713,817,1530,706,824,1530
1682,1682,722,821,1543,713,817,1530,706,824,1530
1683,1683,722,821,1543,712,817,1529,706,824,1530
1684,1684,722,821,1543,711,817,1528,706,824,1530
1685,1685,722,821,1543,711,817,1528,706,824,1530
1686,1686,721,821,1542,711,817,1528,706,824,1530
1687,1687,721,821,1542,711,817,1528,705,824,1529
1688,1688,721,821,1542,711,817,1528,705,824,1529
1689,1689,720,821,1541,711,817,1528,704,824,1528
1690,1690,720,821,1541,708,817,1525,704,824,1528
1691,1691,720,821,1541,708,817,1525,703,824,1527
1692,1692,720,821,1541,708,817,1525,702,824,1526
1693,1693,720,821,1541,708,817,1525,702,824,1526
1694,1694,720,821,1541,706,817,1523,702,824,1526
1695,1695,720,821,1541,706,817,1523,701,824,1525
1696,1696,719,821,1540,706,817,1523,701,824,1525
1697,1697,718,821,1539,705,817,1522,701,824,1525
1698,1698,718,821,1539,705,817,1522,701,824,1525
1699,1699,718,821,1539,705,817,1522,701,824,1525
1700,1700,717,821,1538,705,817,1522,701,824,1525
1701,1701,717,821,1538,705,817,1522,701,824,1525
1702,1702,716,821,1537,705,817,1522,701,824,1525
1703,1703,716,821,1537,705,817,1522,701,824,1525
1704,1704,715,821,1536,704,817,1521,701,824,1525
1705,1705,715,821,1536,704,817,1521,701,824,1525
1706,1706,715,821,1536,704,817,1521,701,824,1525
1707,1707,715,821,1536,704,817,1521,701,824,1525
1708,1708,715,821,1536,704,817,1521,701,824,1525
1709,1709,715,821,1536,704,817,1521,701,824,1525
1710,1710,715,821,1536,703,817,1520,701,824,1525
1711,1711,715,821,1536,703,817,1520,701,824,1525
1712,1712,714,821,1535,703,817,1520,701,824,1525
1713,1713,714,821,1535,703,817,1520,701,824,1525
1714,1714,714,821,1535,703,817,1520,701,824,1525
1715,1715,714,821,1535,703,817,1520,701,824,1525
1716,1716,714,821,1535,703,817,1520,701,824,1525
1717,1717,714,821,1535,703,817,1520,701,824,1525
1718,1718,713,821,1534,703,817,1520,701,824,1525
1719,1719,713,821,1534,703,817,1520,701,824,1525
1720,1720,713,821,1534,703,817,1520,701,824,1525
1721,1721,712,821,1533,703,817,1520,701,824,1525
1722,1722,711,821,1532,703,817,1520,701,824,1525
1723,1723,711,821,1532,703,817,1520,701,824,1525
1724,1724,711,821,1532,703,817,1520,701,824,1525
1725,1725,711,821,1532,703,817,1520,701,824,1525
1726,1726,711,821,1532,703,817,1520,701,824,1525
1727,1727,710,821,1531,703,817,1520,701,824,1525
1728,1728,710,821,1531,703,817,1520,701,824,1525
1729,1729,710,821,1531,702,817,1519,701,824,1525
1730,1730,709,821,1530,702,817,1519,701,824,1525
1731,1731,709,821,1530,701,817,1518,701,824,1525
1732,1732,709,821,1530,701,817,1518,701,824,1525
1733,1733,709,821,1530,701,817,1518,701,824,1525
1734,1734,709,821,1530,701,817,1518,701,824,1525
1735,1735,709,821,1530,701,817,1518,701,824,1525
1736,1736,709,821,1530,701,817,1518,701,824,1525
1737,1737,709,821,1530,701,817,1518,700,824,1524
1738,1738,709,821,1530,701,817,1518,700,824,1524
1739,1739,708,821,1529,701,817,1518,700,824,1524
1740,1740,708,821,1529,701,817,1518,700,824,1524
1741,1741,708,821,1529,701,817,1518,700,824,1524
1742,1742,708,821,1529,701,817,1518,700,824,1524
1743,1743,708,821,1529,700,817,1517,700,824,1524
1744,1744,708,821,1529,700,817,1517,700,824,1524
1745,1745,708,821,1529,700,817,1517,700,824,1524
1746,1746,708,821,1529,700,817,1517,700,824,1524
1747,1747,708,821,1529,700,817,1517,700,824,1524
1748,1748,708,821,1529,700,817,1517,700,824,1524
1749,1749,708,821,1529,700,817,1517,700,824,1524
1750,1750,708,821,1529,700,817,1517,700,824,1524
1751,1751,708,821,1529,700,817,1517,700,824,1524
1752,1752,708,821,1529,700,817,1517,700,824,1524
1753,1753,708,821,1529,700,817,1517,700,824,1524
1754,1754,708,821,1529,700,817,1517,700,824,1524
1755,1755,708,821,1529,700,817,1517,700,824,1524
1756,1756,708,821,1529,700,817,1517,700,824,1524
1757,1757,708,821,1529,700,817,1517,700,824,1524
1758,1758,708,821,1529,700,817,1517,700,824,1524
1759,1759,708,821,1529,700,817,1517,700,824,1524
1760,1760,708,821,1529,700,817,1517,700,824,1524
1761,1761,708,821,1529,700,817,1517,700,824,1524
1762,1762,708,821,1529,700,817,1517,700,824,1524
1763,1763,708,821,1529,700,817,1517,700,824,1524
1764,1764,708,821,1529,700,817,1517,700,824,1524
1765,1765,708,821,1529,700,817,1517,700,824,1524
1766,1766,708,821,1529,700,817,1517,700,824,1524
1767,1767,707,821,1528,700,817,1517,700,824,1524
1768,1768,707,821,1528,700,817,1517,700,824,1524
1769,1769,707,821,1528,700,817,1517,700,824,1524
1770,1770,707,821,1528,700,817,1517,700,824,1524
1771,1771,707,821,1528,700,817,1517,700,824,1524
1772,1772,707,821,1528,700,817,1517,700,824,1524
1773,1773,707,821,1528,700,817,1517,700,824,1524
1774,1774,707,821,1528,700,817,1517,700,824,1524
1775,1775,707,821,1528,700,817,1517,700,824,1524
1776,1776,707,821,1528,700,817,1517,700,824,1524
1777,1777,707,821,1528,700,817,1517,700,824,1524
1778,1778,707,821,1528,700,817,1517,700,824,1524
1779,1779,707,821,1528,700,817,1517,700,824,1524
1780,1780,707,821,1528,700,817,1517,700,824,1524
1781,1781,707,821,1528,700,817,1517,700,824,1524
1782,1782,707,821,1528,700,817,1517,700,824,1524
1783,1783,707,821,1528,700,817,1517,700,824,1524
1784,1784,707,821,1528,700,817,1517,700,824,1524
1785,1785,706,821,1527,700,817,1517,700,824,1524
1786,1786,706,821,1527,700,817,1517,700,824,1524
1787,1787,706,821,1527,699,817,1516,700,824,1524
1788,1788,706,821,1527,699,817,1516,700,824,1524
1789,1789,706,821,1527,699,817,1516,700,824,1524
1790,1790,706,821,1527,699,817,1516,700,824,1524
1791,1791,706,821,1527,699,817,1516,700,824,1524
1792,1792,706,821,1527,699,817,1516,700,824,1524
1793,1793,706,821,1527,699,817,1516,700,824,1524
1794,1794,706,821,1527,699,817,1516,700,824,1524
1795,1795,706,821,1527,699,817,1516,700,824,1524
1796,1796,706,821,1527,699,817,1516,700,824,1524
1797,1797,706,821,1527,699,817,1516,700,824,1524
1798,1798,706,821,1527,699,817,1516,700,824,1524
1799,1799,706,821,1527,699,817,1516,700,824,1524
1800,1800,706,821,1527,699,817,1516,700,824,1524
1801,1801,706,821,1527,699,817,1516,700,824,1524
1802,1802,706,821,1527,699,817,1516,700,824,1524
1803,1803,706,821,1527,699,817,1516,700,824,1524
1804,1804,706,821,1527,699,817,1516,700,824,1524
1805,1805,706,821,1527,699,817,1516,700,824,1524
1806,1806,706,821,1527,699,817,1516,700,824,1524
1807,1807,706,821,1527,699,817,1516,700,824,1524
1808,1808,706,821,1527,699,817,1516,700,824,1524
1809,1809,706,821,1527,698,817,1515,700,824,1524
1810,1810,706,821,1527,698,817,1515,700,824,1524
1811,1811,706,821,1527,698,817,1515,700,824,1524
1812,1812,706,821,1527,698,817,1515,700,824,1524
1813,1813,706,821,1527,698,817,1515,700,824,1524
1814,1814,706,821,1527,698,817,1515,700,824,1524
1815,1815,706,821,1527,698,817,1515,700,824,1524
1816,1816,706,821,1527,698,817,1515,700,824,1524
1817,1817,706,821,1527,698,817,1515,700,824,1524
1818,1818,706,821,1527,698,817,1515,700,824,1524
1819,1819,706,821,1527,698,817,1515,700,824,1524
1820,1820,706,821,1527,698,817,1515,700,824,1524
1821,1821,706,821,1527,698,817,1515,700,824,1524
1822,1822,706,821,1527,698,817,1515,700,824,1524
1823,1823,706,821,1527,698,817,1515,700,824,1524
1824,1824,706,821,1527,698,817,1515,700,824,1524
1825,1825,706,821,1527,698,817,1515,700,824,1524
1826,1826,706,821,1527,698,817,1515,700,824,1524
1827,1827,706,821,1527,698,817,1515,700,824,1524
1828,1828,706,821,1527,698,817,1515,700,824,1524
1829,1829,706,821,1527,698,817,1515,700,824,1524
1830,1830,706,821,1527,698,817,1515,700,824,1524
1831,1831,706,821,1527,698,817,1515,700,824,1524
1832,1832,706,821,1527,698,817,1515,700,824,1524
1833,1833,706,821,1527,698,817,1515,700,824,1524
1834,1834,706,821,1527,698,817,1515,700,824,1524
1835,1835,706,821,1527,698,817,1515,700,824,1524
1836,1836,706,821,1527,698,817,1515,700,824,1524
1837,1837,706,821,1527,698,817,1515,700,824,1524
1838,1838,706,821,1527,698,817,1515,700,824,1524
1839,1839,706,821,1527,698,817,1515,700,824,1524
1840,1840,706,821,1527,698,817,1515,700,824,1524
1841,1841,706,821,1527,698,817,1515,700,824,1524
1842,1842,706,821,1527,698,817,1515,700,824,1524
1843,1843,706,821,1527,698,817,1515,700,824,1524
1844,1844,706,821,1527,698,817,1515,700,824,1524
1845,1845,706,821,1527,698,817,1515,700,824,1524
1846,1846,706,821,1527,698,817,1515,700,824,1524
1847,1847,706,821,1527,698,817,1515,700,824,1524
1848,1848,706,821,1527,698,817,1515,700,824,1524
1849,1849,706,821,1527,698,817,1515,700,824,1524
1850,1850,706,821,1527,698,817,1515,700,824,1524
1851,1851,706,821,1527,698,817,1515,700,824,1524
1852,1852,706,821,1527,698,817,1515,700,824,1524
1853,1853,706,821,1527,698,817,1515,700,824,1524
1854,1854,706,821,1527,698,817,1515,700,824,1524
1855,1855,706,821,1527,698,817,1515,700,824,1524
1856,1856,706,821,1527,698,817,1515,700,824,1524
1857,1857,706,821,1527,698,817,1515,700,824,1524
1858,1858,706,821,1527,698,817,1515,700,824,1524
1859,1859,706,821,1527,698,817,1515,700,824,1524
1860,1860,706,821,1527,698,817,1515,700,824,1524
1861,1861,706,821,1527,698,817,1515,700,824,1524
1862,1862,706,821,1527,698,817,1515,700,824,1524
1863,1863,706,821,1527,698,817,1515,700,824,1524
1864,1864,706,821,1527,698,817,1515,700,824,1524
1865,1865,706,821,1527,698,817,1515,700,824,1524
1866,1866,706,821,1527,698,817,1515,700,824,1524
1867,1867,706,821,1527,698,817,1515,700,824,1524
1868,1868,706,821,1527,698,817,1515,700,824,1524
1869,1869,706,821,1527,698,817,1515,700,824,1524
1870,1870,706,821,1527,698,817,1515,700,824,1524
1871,1871,706,821,1527,698,817,1515,700,824,1524
1872,1872,706,821,1527,698,817,1515,700,824,1524
1873,1873,706,821,1527,698,817,1515,700,824,1524
1874,1874,706,821,1527,698,817,1515,700,824,1524
1875,1875,706,821,1527,698,817,1515,700,824,1524
1876,1876,706,821,1527,698,817,1515,700,824,1524
1877,1877,706,821,1527,698,817,1515,700,824,1524
1878,1878,706,821,1527,698,817,1515,700,824,1524
1879,1879,706,821,1527,698,817,1515,700,824,1524
1880,1880,706,821,1527,698,817,1515,700,824,1524
1881,1881,706,821,1527,698,817,1515,700,824,1524
1882,1882,706,821,1527,698,817,1515,700,824,1524
1883,1883,706,821,1527,698,817,1515,700,824,1524
1884,1884,706,821,1527,698,817,1515,700,824,1524
1885,1885,706,821,1527,698,817,1515,700,824,1524
1886,1886,706,821,1527,698,817,1515,700,824,1524
1887,1887,706,821,1527,698,817,1515,700,824,1524
1888,1888,706,821,1527,698,817,1515,700,824,1524
1889,1889,706,821,1527,698,817,1515,700,824,1524
1890,1890,706,821,1527,698,817,1515,700,824,1524
1891,1891,706,821,1527,698,817,1515,700,824,1524
1892,1892,706,821,1527,698,817,1515,700,824,1524
1893,1893,706,821,1527,698,817,1515,700,824,1524
1894,1894,706,821,1527,698,817,1515,700,824,1524
1895,1895,706,821,1527,698,817,1515,700,824,1524
1896,1896,706,821,1527,698,817,1515,700,824,1524
1897,1897,706,821,1527,698,817,1515,700,824,1524
1898,1898,706,821,1527,698,817,1515,700,824,1524
1899,1899,706,821,1527,698,817,1515,700,824,1524
1900,1900,706,821,1527,698,817,1515,700,824,1524
1901,1901,706,821,1527,698,817,1515,700,824,1524
1902,1902,706,821,1527,698,817,1515,700,824,1524
1903,1903,706,821,1527,698,817,1515,700,824,1524
1904,1904,706,821,1527,698,817,1515,700,824,1524
1905,1905,706,821,1527,698,817,1515,700,824,1524
1906,1906,706,821,1527,698,817,1515,700,824,1524
1907,1907,706,821,1527,698,817,1515,700,824,1524
1908,1908,706,821,1527,698,817,1515,700,824,1524
1909,1909,706,821,1527,698,817,1515,700,824,1524
1910,1910,706,821,1527,698,817,1515,700,824,1524
1911,1911,706,821,1527,698,817,1515,700,824,1524
1912,1912,706,821,1527,698,817,1515,700,824,1524
1913,1913,706,821,1527,698,817,1515,700,824,1524
1914,1914,706,821,1527,698,817,1515,700,824,1524
1915,1915,706,821,1527,698,817,1515,700,824,1524
1916,1916,706,821,1527,698,817,1515,700,824,1524
1917,1917,706,821,1527,698,817,1515,700,824,1524
1918,1918,706,821,1527,698,817,1515,700,824,1524
1919,1919,706,821,1527,698,817,1515,700,824,1524
1920,1920,706,821,1527,698,817,1515,700,824,1524
1921,1921,706,821,1527,698,817,1515,700,824,1524
1922,1922,706,821,1527,698,817,1515,700,824,1524
1923,1923,706,821,1527,698,817,1515,700,824,1524
1924,1924,706,821,1527,698,817,1515,700,824,1524
1925,1925,706,821,1527,698,817,1515,700,824,1524
1926,1926,706,821,1527,698,817,1515,700,824,1524
1927,1927,706,821,1527,698,817,1515,700,824,1524
1928,1928,706,821,1527,698,817,1515,700,824,1524
1929,1929,706,821,1527,698,817,1515,700,824,1524
1930,1930,706,821,1527,698,817,1515,700,824,1524
1931,1931,706,821,1527,698,817,1515,700,824,1524
1932,1932,706,821,1527,698,817,1515,700,824,1524
1933,1933,706,821,1527,698,817,1515,700,824,1524
1934,1934,706,821,1527,698,817,1515,700,824,1524
1935,1935,706,821,1527,698,817,1515,700,824,1524
1936,1936,706,821,1527,698,817,1515,700,824,1524
1937,1937,706,821,1527,698,817,1515,700,824,1524
1938,1938,706,821,1527,698,817,1515,700,824,1524
1939,1939,706,821,1527,698,817,1515,700,824,1524
1940,1940,706,821,1527,698,817,1515,700,824,1524
1941,1941,706,821,1527,698,817,1515,700,824,1524
1942,1942,706,821,1527,698,817,1515,700,824,1524
1943,1943,706,821,1527,698,817,1515,700,824,1524
1944,1944,706,821,1527,698,817,1515,700,824,1524
1945,1945,706,821,1527,698,817,1515,700,824,1524
1946,1946,706,821,1527,698,817,1515,700,824,1524
1947,1947,706,821,1527,698,817,1515,700,824,1524
1948,1948,706,821,1527,698,817,1515,700,824,1524
1949,1949,706,821,1527,698,817,1515,700,824,1524
1950,1950,706,821,1527,698,817,1515,700,824,1524
1951,1951,706,821,1527,698,817,1515,700,824,1524
1952,1952,706,821,1527,698,817,1515,700,824,1524
1953,1953,706,821,1527,698,817,1515,700,824,1524
1954,1954,706,821,1527,698,817,1515,700,824,1524
1955,1955,706,821,1527,698,817,1515,700,824,1524
1956,1956,706,821,1527,698,817,1515,700,824,1524
1957,1957,706,821,1527,698,817,1515,700,824,1524
1958,1958,706,821,1527,698,817,1515,700,824,1524
1959,1959,706,821,1527,698,817,1515,700,824,1524
1960,1960,706,821,1527,698,817,1515,700,824,1524
1961,1961,706,821,1527,698,817,1515,700,824,1524
1962,1962,706,821,1527,698,817,1515,700,824,1524
1963,1963,706,821,1527,698,817,1515,700,824,1524
1964,1964,706,821,1527,698,817,1515,700,824,1524
1965,1965,706,821,1527,698,817,1515,700,824,1524
1966,1966,706,821,1527,698,817,1515,700,824,1524
1967,1967,706,821,1527,698,817,1515,700,824,1524
1968,1968,706,821,1527,698,817,1515,700,824,1524
1969,1969,706,821,1527,698,817,1515,700,824,1524
1970,1970,706,821,1527,698,817,1515,700,824,1524
1971,1971,706,821,1527,698,817,1515,700,824,1524
1972,1972,706,821,1527,698,817,1515,700,824,1524
1973,1973,706,821,1527,698,817,1515,700,824,1524
1974,1974,706,821,1527,698,817,1515,700,824,1524
1975,1975,706,821,1527,698,817,1515,700,824,1524
1976,1976,706,821,1527,698,817,1515,700,824,1524
1977,1977,706,821,1527,698,817,1515,700,824,1524
1978,1978,706,821,1527,698,817,1515,700,824,1524
1979,1979,706,821,1527,698,817,1515,700,824,1524
1980,1980,706,821,1527,698,817,1515,700,824,1524
1981,1981,706,821,1527,698,817,1515,700,824,1524
1982,1982,706,821,1527,698,817,1515,700,824,1524
1983,1983,706,821,1527,698,817,1515,700,824,1524
1984,1984,706,821,1527,698,817,1515,700,824,1524
1985,1985,706,821,1527,698,817,1515,700,824,1524
1986,1986,706,821,1527,698,817,1515,700,824,1524
1987,1987,706,821,1527,698,817,1515,700,824,1524
1988,1988,706,821,1527,698,817,1515,700,824,1524
1989,1989,706,821,1527,698,817,1515,700,824,1524
1990,1990,706,821,1527,698,817,1515,700,824,1524
1991,1991,706,821,1527,698,817,1515,700,824,1524
1992,1992,706,821,1527,698,817,1515,700,824,1524
1993,1993,706,821,1527,698,817,1515,700,824,1524
1994,1994,706,821,1527,698,817,1515,700,824,1524
1995,1995,706,821,1527,698,817,1515,700,824,1524
1996,1996,706,821,1527,698,817,1515,700,824,1524
1997,1997,706,821,1527,698,817,1515,700,824,1524
1998,1998,706,821,1527,698,817,1515,700,824,1524
1999,1999,706,821,1527,698,817,1515,700,824,1524
2000,2000,706,821,1527,698,817,1515,700,824,1524
