,cycle,population_size__t1,available_food__t1,population_size__t2,available_food__t2,population_size__t3,available_food__t3
0,0.0,2.0,1000.0,2.0,1000.0,2.0,1000.0
1,1.0,2.0,1490.0,2.0,1490.0,2.0,1490.0
2,2.0,2.0,1980.0,2.0,1980.0,2.0,1980.0
3,3.0,2.0,2470.0,2.0,2470.0,2.0,2470.0
4,4.0,2.0,2960.0,2.0,2960.0,2.0,2960.0
5,5.0,2.0,3450.0,2.0,3450.0,2.0,3450.0
6,6.0,2.0,3940.0,2.0,3940.0,2.0,3940.0
7,7.0,2.0,4430.0,2.0,4430.0,2.0,4430.0
8,8.0,2.0,4920.0,2.0,4920.0,2.0,4920.0
9,9.0,2.0,5410.0,2.0,5410.0,2.0,5410.0
10,10.0,2.0,5900.0,2.0,5900.0,2.0,5900.0
11,11.0,2.0,6390.0,2.0,6390.0,2.0,6390.0
12,12.0,2.0,6880.0,2.0,6880.0,2.0,6880.0
13,13.0,2.0,7370.0,2.0,7370.0,2.0,7370.0
14,14.0,2.0,7860.0,2.0,7860.0,2.0,7860.0
15,15.0,2.0,8350.0,2.0,8350.0,2.0,8350.0
16,16.0,2.0,8840.0,2.0,8840.0,2.0,8840.0
17,17.0,2.0,9330.0,2.0,9330.0,2.0,9330.0
18,18.0,2.0,9820.0,2.0,9820.0,2.0,9820.0
19,19.0,2.0,10310.0,2.0,10310.0,2.0,10310.0
20,20.0,2.0,10800.0,2.0,10800.0,2.0,10800.0
21,21.0,2.0,11290.0,2.0,11290.0,2.0,11290.0
22,22.0,2.0,11780.0,2.0,11780.0,2.0,11780.0
23,23.0,2.0,12270.0,2.0,12270.0,2.0,12270.0
24,24.0,2.0,12760.0,2.0,12760.0,2.0,12760.0
25,25.0,2.0,13250.0,2.0,13250.0,2.0,13250.0
26,26.0,2.0,13740.0,2.0,13740.0,2.0,13740.0
27,27.0,2.0,14230.0,2.0,14230.0,2.0,14230.0
28,28.0,2.0,14720.0,2.0,14720.0,2.0,14720.0
29,29.0,2.0,15210.0,2.0,15210.0,2.0,15210.0
30,30.0,2.0,15700.0,2.0,15700.0,2.0,15700.0
31,31.0,2.0,16190.0,2.0,16190.0,2.0,16190.0
32,32.0,2.0,16680.0,2.0,16680.0,2.0,16680.0
33,33.0,2.0,17170.0,2.0,17170.0,2.0,17170.0
34,34.0,3.0,17660.0,3.0,17660.0,3.0,17660.0
35,35.0,4.0,18145.0,4.0,18145.0,4.0,18145.0
36,36.0,5.0,18625.0,5.0,18625.0,5.0,18625.0
37,37.0,6.0,19100.0,6.0,19100.0,6.0,19100.0
38,38.0,7.0,19570.0,7.0,19570.0,7.0,19570.0
39,39.0,8.0,20035.0,8.0,20035.0,8.0,20035.0
40,40.0,9.0,20495.0,9.0,20495.0,9.0,20495.0
41,41.0,10.0,20950.0,10.0,20950.0,10.0,20950.0
42,42.0,11.0,21400.0,11.0,21400.0,11.0,21400.0
43,43.0,12.0,21845.0,12.0,21845.0,12.0,21845.0
44,44.0,13.0,22285.0,13.0,22285.0,13.0,22285.0
45,45.0,14.0,22720.0,14.0,22720.0,14.0,22720.0
46,46.0,15.0,23150.0,15.0,23150.0,15.0,23150.0
47,47.0,16.0,23575.0,16.0,23575.0,16.0,23575.0
48,48.0,17.0,23995.0,17.0,23995.0,17.0,23995.0
49,49.0,18.0,24410.0,18.0,24410.0,18.0,24410.0
50,50.0,19.0,24820.0,19.0,24820.0,19.0,24820.0
51,51.0,20.0,25225.0,20.0,25225.0,20.0,25225.0
52,52.0,21.0,25625.0,21.0,25625.0,21.0,25625.0
53,53.0,22.0,26020.0,22.0,26020.0,22.0,26020.0
54,54.0,23.0,26410.0,23.0,26410.0,23.0,26410.0
55,55.0,24.0,26795.0,24.0,26795.0,24.0,26795.0
56,56.0,25.0,27175.0,25.0,27175.0,25.0,27175.0
57,57.0,26.0,27550.0,26.0,27550.0,26.0,27550.0
58,58.0,27.0,27920.0,27.0,27920.0,27.0,27920.0
59,59.0,28.0,28285.0,28.0,28285.0,28.0,28285.0
60,60.0,29.0,28645.0,29.0,28645.0,29.0,28645.0
61,61.0,30.0,29000.0,30.0,29000.0,30.0,29000.0
62,62.0,31.0,29350.0,31.0,29350.0,31.0,29350.0
63,63.0,32.0,29695.0,32.0,29695.0,32.0,29695.0
64,64.0,33.0,30035.0,33.0,30035.0,33.0,30035.0
65,65.0,34.0,30370.0,34.0,30370.0,34.0,30370.0
66,66.0,35.0,30700.0,35.0,30700.0,35.0,30700.0
67,67.0,36.0,31025.0,36.0,31025.0,36.0,31025.0
68,68.0,38.0,31345.0,38.0,31345.0,38.0,31345.0
69,69.0,41.0,31655.0,41.0,31655.0,41.0,31655.0
70,70.0,45.0,31950.0,45.0,31950.0,45.0,31950.0
71,71.0,50.0,32225.0,50.0,32225.0,50.0,32225.0
72,72.0,56.0,32475.0,56.0,32475.0,56.0,32475.0
73,73.0,63.0,32695.0,63.0,32695.0,63.0,32695.0
74,74.0,71.0,32880.0,71.0,32880.0,71.0,32880.0
75,75.0,80.0,33025.0,80.0,33025.0,80.0,33025.0
76,76.0,90.0,33125.0,90.0,33125.0,90.0,33125.0
77,77.0,101.0,33175.0,101.0,33175.0,101.0,33175.0
78,78.0,113.0,33170.0,113.0,33170.0,113.0,33170.0
79,79.0,126.0,33105.0,126.0,33105.0,126.0,33105.0
80,80.0,140.0,32975.0,140.0,32975.0,140.0,32975.0
81,81.0,155.0,32775.0,155.0,32775.0,155.0,32775.0
82,82.0,171.0,32500.0,171.0,32500.0,171.0,32500.0
83,83.0,188.0,32145.0,188.0,32145.0,188.0,32145.0
84,84.0,206.0,31705.0,206.0,31705.0,206.0,31705.0
85,85.0,225.0,31175.0,224.0,31175.0,225.0,31175.0
86,86.0,246.0,30550.0,243.0,30555.0,245.0,30550.0
87,87.0,268.0,29820.0,263.0,29840.0,266.0,29825.0
88,88.0,290.0,28980.0,284.0,29025.0,288.0,28995.0
89,89.0,313.0,28030.0,307.0,28105.0,312.0,28055.0
90,90.0,337.0,26965.0,330.0,27070.0,336.0,26995.0
91,91.0,363.0,25780.0,354.0,25920.0,361.0,25815.0
92,92.0,390.0,24465.0,379.0,24650.0,387.0,24510.0
93,93.0,418.0,23015.0,406.0,23255.0,414.0,23075.0
94,94.0,447.0,21425.0,433.0,21725.0,442.0,21505.0
95,95.0,477.0,19690.0,461.0,20060.0,471.0,19795.0
96,96.0,509.0,17805.0,489.0,18255.0,501.0,17940.0
97,97.0,541.0,15760.0,519.0,16310.0,531.0,15935.0
98,98.0,575.0,13555.0,549.0,14215.0,562.0,13780.0
99,99.0,609.0,11180.0,580.0,11970.0,595.0,11470.0
100,100.0,644.0,8635.0,612.0,9570.0,629.0,8995.0
101,101.0,679.0,5915.0,645.0,7010.0,664.0,6350.0
102,102.0,714.0,3020.0,681.0,4285.0,700.0,3530.0
103,103.0,752.0,500.0,719.0,1380.0,739.0,530.0
104,104.0,789.0,500.0,758.0,500.0,778.0,500.0
105,105.0,827.0,500.0,798.0,500.0,817.0,500.0
106,106.0,864.0,500.0,837.0,500.0,855.0,500.0
107,107.0,900.0,500.0,874.0,500.0,893.0,500.0
108,108.0,936.0,500.0,911.0,500.0,931.0,500.0
109,109.0,971.0,500.0,945.0,500.0,967.0,500.0
110,110.0,1006.0,500.0,978.0,500.0,1002.0,500.0
111,111.0,1040.0,500.0,1011.0,500.0,1036.0,500.0
112,112.0,1074.0,500.0,1044.0,500.0,1069.0,500.0
113,113.0,1108.0,500.0,1075.0,500.0,1102.0,500.0
114,114.0,1142.0,500.0,1106.0,500.0,1134.0,500.0
115,115.0,1175.0,500.0,1137.0,500.0,1166.0,500.0
116,116.0,1208.0,500.0,1165.0,500.0,1197.0,500.0
117,117.0,1240.0,500.0,1193.0,500.0,1228.0,500.0
118,118.0,1271.0,500.0,1221.0,500.0,1258.0,500.0
119,119.0,1301.0,500.0,1249.0,500.0,1287.0,500.0
120,120.0,1330.0,500.0,1276.0,500.0,1316.0,500.0
121,121.0,1358.0,500.0,1303.0,500.0,1345.0,500.0
122,122.0,1386.0,500.0,1330.0,500.0,1373.0,500.0
123,123.0,1414.0,500.0,1357.0,500.0,1401.0,500.0
124,124.0,1440.0,500.0,1383.0,500.0,1428.0,500.0
125,125.0,1466.0,500.0,1409.0,500.0,1454.0,500.0
126,126.0,1491.0,500.0,1435.0,500.0,1479.0,500.0
127,127.0,1515.0,500.0,1460.0,500.0,1504.0,500.0
128,128.0,1539.0,500.0,1484.0,500.0,1529.0,500.0
129,129.0,1562.0,500.0,1508.0,500.0,1553.0,500.0
130,130.0,1585.0,500.0,1531.0,500.0,1576.0,500.0
131,131.0,1607.0,500.0,1554.0,500.0,1598.0,500.0
132,132.0,1629.0,500.0,1577.0,500.0,1620.0,500.0
133,133.0,1650.0,500.0,1600.0,500.0,1641.0,500.0
134,134.0,1671.0,500.0,1621.0,500.0,1662.0,500.0
135,135.0,1691.0,500.0,1641.0,500.0,1683.0,500.0
136,136.0,1711.0,500.0,1660.0,500.0,1704.0,500.0
137,137.0,1730.0,500.0,1679.0,500.0,1725.0,500.0
138,138.0,1749.0,500.0,1698.0,500.0,1745.0,500.0
139,139.0,1768.0,500.0,1717.0,500.0,1764.0,500.0
140,140.0,1786.0,500.0,1735.0,500.0,1781.0,500.0
141,141.0,1804.0,500.0,1753.0,500.0,1798.0,500.0
142,142.0,1821.0,500.0,1770.0,500.0,1815.0,500.0
143,143.0,1838.0,500.0,1785.0,500.0,1831.0,500.0
144,144.0,1853.0,500.0,1800.0,500.0,1846.0,500.0
145,145.0,1867.0,500.0,1814.0,500.0,1860.0,500.0
146,146.0,1881.0,500.0,1827.0,500.0,1873.0,500.0
147,147.0,1894.0,500.0,1840.0,500.0,1886.0,500.0
148,148.0,1906.0,500.0,1852.0,500.0,1900.0,500.0
149,149.0,1918.0,500.0,1864.0,500.0,1912.0,500.0
150,150.0,1929.0,500.0,1876.0,500.0,1924.0,500.0
151,151.0,1939.0,500.0,1888.0,500.0,1936.0,500.0
152,152.0,1949.0,500.0,1899.0,500.0,1947.0,500.0
153,153.0,1958.0,500.0,1911.0,500.0,1957.0,500.0
154,154.0,1966.0,500.0,1922.0,500.0,1965.0,500.0
155,155.0,1975.0,500.0,1932.0,500.0,1972.0,500.0
156,156.0,1984.0,500.0,1941.0,500.0,1979.0,500.0
157,157.0,1993.0,500.0,1947.0,500.0,1984.0,500.0
158,158.0,2002.0,500.0,1956.0,500.0,1991.0,500.0
159,159.0,2005.0,500.0,1963.0,500.0,1995.0,500.0
160,160.0,2009.0,500.0,1968.0,500.0,1999.0,500.0
161,161.0,2012.0,500.0,1973.0,500.0,2001.0,500.0
162,162.0,2015.0,500.0,1976.0,500.0,2004.0,500.0
163,163.0,2016.0,500.0,1978.0,500.0,2001.0,500.0
164,164.0,2013.0,500.0,1974.0,500.0,2000.0,500.0
165,165.0,2004.0,500.0,1973.0,500.0,1995.0,500.0
166,166.0,2002.0,500.0,1964.0,500.0,1992.0,500.0
167,167.0,1994.0,500.0,1958.0,500.0,1986.0,500.0
168,168.0,1981.0,500.0,1958.0,500.0,1976.0,500.0
169,169.0,1963.0,500.0,1952.0,500.0,1963.0,500.0
170,170.0,1949.0,500.0,1944.0,500.0,1948.0,500.0
171,171.0,1934.0,500.0,1930.0,500.0,1931.0,500.0
172,172.0,1917.0,500.0,1914.0,500.0,1911.0,500.0
173,173.0,1900.0,500.0,1901.0,500.0,1896.0,500.0
174,174.0,1884.0,500.0,1886.0,500.0,1878.0,500.0
175,175.0,1852.0,500.0,1868.0,500.0,1853.0,500.0
176,176.0,1831.0,500.0,1853.0,500.0,1837.0,500.0
177,177.0,1797.0,500.0,1834.0,500.0,1822.0,500.0
178,178.0,1764.0,500.0,1809.0,500.0,1796.0,500.0
179,179.0,1734.0,500.0,1789.0,500.0,1767.0,500.0
180,180.0,1710.0,500.0,1756.0,500.0,1724.0,500.0
181,181.0,1683.0,500.0,1719.0,500.0,1698.0,500.0
182,182.0,1642.0,500.0,1692.0,500.0,1656.0,500.0
183,183.0,1601.0,500.0,1661.0,500.0,1616.0,500.0
184,184.0,1577.0,500.0,1630.0,500.0,1579.0,500.0
185,185.0,1529.0,500.0,1599.0,500.0,1533.0,500.0
186,186.0,1488.0,500.0,1566.0,500.0,1473.0,500.0
187,187.0,1441.0,500.0,1523.0,500.0,1432.0,500.0
188,188.0,1398.0,500.0,1477.0,500.0,1394.0,500.0
189,189.0,1351.0,500.0,1436.0,500.0,1358.0,500.0
190,190.0,1314.0,500.0,1405.0,500.0,1313.0,500.0
191,191.0,1256.0,500.0,1348.0,500.0,1272.0,500.0
192,192.0,1212.0,500.0,1303.0,500.0,1224.0,500.0
193,193.0,1168.0,500.0,1254.0,500.0,1183.0,500.0
194,194.0,1114.0,500.0,1202.0,500.0,1132.0,500.0
195,195.0,1069.0,500.0,1159.0,500.0,1088.0,500.0
196,196.0,1021.0,500.0,1127.0,500.0,1041.0,500.0
197,197.0,992.0,500.0,1076.0,500.0,992.0,500.0
198,198.0,956.0,500.0,1036.0,500.0,950.0,500.0
199,199.0,908.0,500.0,999.0,500.0,913.0,500.0
200,200.0,868.0,500.0,948.0,500.0,865.0,500.0
201,201.0,825.0,500.0,915.0,500.0,826.0,500.0
202,202.0,791.0,500.0,877.0,500.0,793.0,500.0
203,203.0,762.0,500.0,830.0,500.0,760.0,500.0
204,204.0,732.0,500.0,792.0,500.0,722.0,500.0
205,205.0,695.0,500.0,753.0,500.0,700.0,500.0
206,206.0,654.0,500.0,721.0,500.0,676.0,500.0
207,207.0,631.0,500.0,689.0,500.0,642.0,500.0
208,208.0,610.0,500.0,651.0,500.0,620.0,500.0
209,209.0,593.0,500.0,632.0,500.0,597.0,500.0
210,210.0,566.0,500.0,610.0,500.0,575.0,500.0
211,211.0,536.0,500.0,591.0,500.0,551.0,500.0
212,212.0,518.0,500.0,562.0,500.0,533.0,500.0
213,213.0,497.0,500.0,543.0,500.0,511.0,500.0
214,214.0,476.0,500.0,523.0,500.0,495.0,500.0
215,215.0,463.0,500.0,499.0,500.0,478.0,500.0
216,216.0,454.0,500.0,485.0,500.0,462.0,500.0
217,217.0,442.0,500.0,466.0,500.0,454.0,500.0
218,218.0,430.0,500.0,453.0,500.0,442.0,500.0
219,219.0,412.0,500.0,443.0,500.0,435.0,500.0
220,220.0,404.0,500.0,437.0,500.0,422.0,500.0
221,221.0,399.0,500.0,425.0,500.0,413.0,500.0
222,222.0,387.0,500.0,415.0,500.0,401.0,500.0
223,223.0,380.0,500.0,401.0,500.0,390.0,500.0
224,224.0,372.0,500.0,392.0,500.0,382.0,500.0
225,225.0,366.0,500.0,384.0,500.0,370.0,500.0
226,226.0,360.0,500.0,378.0,500.0,363.0,500.0
227,227.0,357.0,500.0,368.0,500.0,356.0,500.0
228,228.0,352.0,500.0,354.0,500.0,348.0,500.0
229,229.0,350.0,500.0,348.0,500.0,339.0,500.0
230,230.0,344.0,500.0,347.0,500.0,334.0,500.0
231,231.0,339.0,500.0,344.0,500.0,326.0,500.0
232,232.0,333.0,500.0,338.0,500.0,323.0,500.0
233,233.0,326.0,500.0,333.0,500.0,315.0,500.0
234,234.0,322.0,500.0,329.0,500.0,311.0,500.0
235,235.0,317.0,500.0,323.0,500.0,308.0,500.0
236,236.0,307.0,500.0,319.0,500.0,304.0,500.0
237,237.0,305.0,500.0,314.0,500.0,299.0,500.0
238,238.0,302.0,500.0,313.0,500.0,296.0,500.0
239,239.0,296.0,500.0,311.0,500.0,293.0,500.0
240,240.0,294.0,500.0,307.0,500.0,292.0,500.0
241,241.0,293.0,500.0,303.0,500.0,289.0,500.0
242,242.0,292.0,500.0,302.0,500.0,288.0,500.0
243,243.0,287.0,500.0,302.0,500.0,286.0,500.0
244,244.0,287.0,500.0,294.0,500.0,284.0,500.0
245,245.0,284.0,500.0,292.0,500.0,280.0,500.0
246,246.0,280.0,500.0,290.0,500.0,280.0,500.0
247,247.0,276.0,500.0,288.0,500.0,277.0,500.0
248,248.0,272.0,500.0,287.0,500.0,277.0,500.0
249,249.0,270.0,500.0,286.0,500.0,276.0,500.0
250,250.0,266.0,500.0,283.0,500.0,275.0,500.0
251,251.0,265.0,500.0,280.0,500.0,273.0,500.0
252,252.0,260.0,500.0,277.0,500.0,267.0,500.0
253,253.0,258.0,500.0,275.0,500.0,262.0,500.0
254,254.0,256.0,500.0,273.0,500.0,262.0,500.0
255,255.0,253.0,500.0,272.0,500.0,261.0,500.0
256,256.0,253.0,500.0,271.0,500.0,259.0,500.0
257,257.0,250.0,500.0,268.0,500.0,258.0,500.0
258,258.0,247.0,500.0,266.0,500.0,257.0,500.0
259,259.0,246.0,500.0,264.0,500.0,254.0,500.0
260,260.0,246.0,500.0,264.0,500.0,252.0,500.0
261,261.0,246.0,500.0,264.0,500.0,252.0,500.0
262,262.0,245.0,500.0,262.0,500.0,251.0,500.0
263,263.0,245.0,500.0,262.0,500.0,250.0,500.0
264,264.0,243.0,500.0,261.0,500.0,251.0,500.0
265,265.0,243.0,500.0,261.0,500.0,252.0,500.0
266,266.0,242.0,500.0,258.0,500.0,252.0,500.0
267,267.0,241.0,500.0,257.0,500.0,252.0,500.0
268,268.0,241.0,500.0,257.0,500.0,252.0,500.0
269,269.0,238.0,500.0,257.0,500.0,253.0,500.0
270,270.0,237.0,500.0,256.0,500.0,252.0,500.0
271,271.0,237.0,500.0,253.0,500.0,252.0,500.0
272,272.0,237.0,500.0,252.0,500.0,252.0,500.0
273,273.0,237.0,500.0,251.0,500.0,250.0,500.0
274,274.0,235.0,500.0,249.0,500.0,251.0,500.0
275,275.0,234.0,500.0,249.0,500.0,251.0,500.0
276,276.0,233.0,500.0,248.0,500.0,252.0,500.0
277,277.0,233.0,500.0,247.0,500.0,251.0,500.0
278,278.0,233.0,500.0,242.0,500.0,252.0,500.0
279,279.0,233.0,500.0,240.0,500.0,253.0,500.0
280,280.0,233.0,500.0,240.0,500.0,254.0,500.0
281,281.0,233.0,500.0,240.0,500.0,255.0,500.0
282,282.0,233.0,500.0,240.0,500.0,256.0,500.0
283,283.0,233.0,500.0,240.0,500.0,256.0,500.0
284,284.0,233.0,500.0,240.0,500.0,257.0,500.0
285,285.0,233.0,500.0,239.0,500.0,258.0,500.0
286,286.0,233.0,500.0,240.0,500.0,259.0,500.0
287,287.0,232.0,500.0,240.0,500.0,259.0,500.0
288,288.0,232.0,500.0,241.0,500.0,256.0,500.0
289,289.0,232.0,500.0,242.0,500.0,257.0,500.0
290,290.0,230.0,500.0,243.0,500.0,258.0,500.0
291,291.0,230.0,500.0,244.0,500.0,258.0,500.0
292,292.0,230.0,500.0,245.0,500.0,258.0,500.0
293,293.0,229.0,500.0,242.0,500.0,258.0,500.0
294,294.0,229.0,500.0,242.0,500.0,259.0,500.0
295,295.0,229.0,500.0,242.0,500.0,258.0,500.0
296,296.0,229.0,500.0,242.0,500.0,259.0,500.0
297,297.0,229.0,500.0,243.0,500.0,259.0,500.0
298,298.0,229.0,500.0,244.0,500.0,260.0,500.0
299,299.0,229.0,500.0,245.0,500.0,261.0,500.0
300,300.0,227.0,500.0,243.0,500.0,259.0,500.0
301,301.0,227.0,500.0,242.0,500.0,259.0,500.0
302,302.0,227.0,500.0,242.0,500.0,258.0,500.0
303,303.0,227.0,500.0,242.0,500.0,258.0,500.0
304,304.0,227.0,500.0,242.0,500.0,258.0,500.0
305,305.0,227.0,500.0,242.0,500.0,257.0,500.0
306,306.0,227.0,500.0,241.0,500.0,257.0,500.0
307,307.0,227.0,500.0,241.0,500.0,255.0,500.0
308,308.0,227.0,500.0,241.0,500.0,255.0,500.0
309,309.0,227.0,500.0,241.0,500.0,255.0,500.0
310,310.0,227.0,500.0,240.0,500.0,254.0,500.0
311,311.0,227.0,500.0,240.0,500.0,252.0,500.0
312,312.0,227.0,500.0,239.0,500.0,251.0,500.0
313,313.0,227.0,500.0,239.0,500.0,251.0,500.0
314,314.0,226.0,500.0,239.0,500.0,251.0,500.0
315,315.0,226.0,500.0,239.0,500.0,251.0,500.0
316,316.0,226.0,500.0,239.0,500.0,251.0,500.0
317,317.0,226.0,500.0,237.0,500.0,250.0,500.0
318,318.0,226.0,500.0,237.0,500.0,249.0,500.0
319,319.0,225.0,500.0,236.0,500.0,248.0,500.0
320,320.0,225.0,500.0,236.0,500.0,248.0,500.0
321,321.0,225.0,500.0,236.0,500.0,248.0,500.0
322,322.0,225.0,500.0,236.0,500.0,248.0,500.0
323,323.0,225.0,500.0,236.0,500.0,247.0,500.0
324,324.0,225.0,500.0,236.0,500.0,245.0,500.0
325,325.0,225.0,500.0,235.0,500.0,245.0,500.0
326,326.0,225.0,500.0,234.0,500.0,244.0,500.0
327,327.0,225.0,500.0,234.0,500.0,244.0,500.0
328,328.0,225.0,500.0,234.0,500.0,244.0,500.0
329,329.0,225.0,500.0,234.0,500.0,243.0,500.0
330,330.0,225.0,500.0,234.0,500.0,243.0,500.0
331,331.0,225.0,500.0,234.0,500.0,243.0,500.0
332,332.0,224.0,500.0,234.0,500.0,242.0,500.0
333,333.0,224.0,500.0,234.0,500.0,242.0,500.0
334,334.0,223.0,500.0,233.0,500.0,241.0,500.0
335,335.0,221.0,500.0,232.0,500.0,240.0,500.0
336,336.0,220.0,500.0,231.0,500.0,239.0,500.0
337,337.0,219.0,500.0,229.0,500.0,238.0,500.0
338,338.0,218.0,500.0,228.0,500.0,237.0,500.0
339,339.0,217.0,500.0,227.0,500.0,236.0,500.0
340,340.0,216.0,500.0,226.0,500.0,235.0,500.0
341,341.0,215.0,500.0,224.0,500.0,234.0,500.0
342,342.0,214.0,500.0,223.0,500.0,233.0,500.0
343,343.0,213.0,500.0,222.0,500.0,232.0,500.0
344,344.0,212.0,500.0,221.0,500.0,230.0,500.0
345,345.0,211.0,500.0,219.0,500.0,229.0,500.0
346,346.0,210.0,500.0,218.0,500.0,228.0,500.0
347,347.0,209.0,500.0,217.0,500.0,227.0,500.0
348,348.0,208.0,500.0,216.0,500.0,225.0,500.0
349,349.0,206.0,500.0,215.0,500.0,223.0,500.0
350,350.0,205.0,500.0,214.0,500.0,221.0,500.0
351,351.0,204.0,500.0,213.0,500.0,220.0,500.0
352,352.0,203.0,500.0,212.0,500.0,218.0,500.0
353,353.0,202.0,500.0,212.0,500.0,217.0,500.0
354,354.0,200.0,500.0,211.0,500.0,216.0,500.0
355,355.0,199.0,500.0,210.0,500.0,215.0,500.0
356,356.0,198.0,500.0,209.0,500.0,214.0,500.0
357,357.0,197.0,500.0,208.0,500.0,213.0,500.0
358,358.0,196.0,500.0,207.0,500.0,212.0,500.0
359,359.0,195.0,500.0,206.0,500.0,211.0,500.0
360,360.0,194.0,500.0,205.0,500.0,210.0,500.0
361,361.0,193.0,500.0,204.0,500.0,209.0,500.0
362,362.0,192.0,500.0,203.0,500.0,208.0,500.0
363,363.0,191.0,500.0,202.0,500.0,207.0,500.0
364,364.0,190.0,500.0,201.0,500.0,206.0,500.0
365,365.0,189.0,500.0,200.0,500.0,205.0,500.0
366,366.0,188.0,500.0,199.0,500.0,203.0,500.0
367,367.0,187.0,500.0,198.0,500.0,202.0,500.0
368,368.0,186.0,500.0,197.0,500.0,201.0,500.0
369,369.0,184.0,500.0,197.0,500.0,198.0,500.0
370,370.0,182.0,500.0,196.0,500.0,196.0,500.0
371,371.0,180.0,500.0,194.0,500.0,195.0,500.0
372,372.0,178.0,500.0,192.0,500.0,194.0,500.0
373,373.0,177.0,500.0,191.0,500.0,191.0,500.0
374,374.0,175.0,500.0,188.0,500.0,187.0,500.0
375,375.0,174.0,500.0,186.0,500.0,186.0,500.0
376,376.0,173.0,500.0,183.0,500.0,183.0,500.0
377,377.0,172.0,500.0,181.0,500.0,182.0,500.0
378,378.0,170.0,500.0,181.0,500.0,180.0,500.0
379,379.0,171.0,500.0,179.0,500.0,180.0,500.0
380,380.0,171.0,500.0,179.0,500.0,179.0,500.0
381,381.0,169.0,500.0,178.0,500.0,178.0,500.0
382,382.0,168.0,500.0,177.0,500.0,175.0,500.0
383,383.0,169.0,500.0,175.0,500.0,174.0,500.0
384,384.0,170.0,500.0,174.0,500.0,171.0,500.0
385,385.0,169.0,500.0,173.0,500.0,170.0,500.0
386,386.0,170.0,500.0,172.0,500.0,169.0,500.0
387,387.0,170.0,500.0,171.0,500.0,168.0,500.0
388,388.0,170.0,500.0,170.0,500.0,166.0,500.0
389,389.0,170.0,500.0,170.0,500.0,166.0,500.0
390,390.0,169.0,500.0,169.0,500.0,165.0,500.0
391,391.0,170.0,500.0,169.0,500.0,164.0,500.0
392,392.0,171.0,500.0,168.0,500.0,164.0,500.0
393,393.0,171.0,500.0,167.0,500.0,164.0,500.0
394,394.0,170.0,500.0,167.0,500.0,164.0,500.0
395,395.0,170.0,500.0,167.0,500.0,164.0,500.0
396,396.0,170.0,500.0,166.0,500.0,164.0,500.0
397,397.0,171.0,500.0,166.0,500.0,163.0,500.0
398,398.0,172.0,500.0,166.0,500.0,163.0,500.0
399,399.0,173.0,500.0,166.0,500.0,161.0,500.0
400,400.0,174.0,500.0,165.0,500.0,160.0,500.0
401,401.0,175.0,500.0,164.0,500.0,160.0,500.0
402,402.0,176.0,500.0,164.0,500.0,158.0,500.0
403,403.0,177.0,500.0,165.0,500.0,158.0,500.0
404,404.0,176.0,500.0,165.0,500.0,158.0,500.0
405,405.0,177.0,500.0,166.0,500.0,158.0,500.0
406,406.0,178.0,500.0,167.0,500.0,156.0,500.0
407,407.0,180.0,500.0,168.0,500.0,156.0,500.0
408,408.0,181.0,500.0,169.0,500.0,154.0,500.0
409,409.0,181.0,500.0,170.0,500.0,153.0,500.0
410,410.0,182.0,500.0,173.0,500.0,152.0,500.0
411,411.0,184.0,500.0,176.0,500.0,152.0,500.0
412,412.0,186.0,500.0,178.0,500.0,151.0,500.0
413,413.0,188.0,500.0,180.0,500.0,151.0,500.0
414,414.0,189.0,500.0,183.0,500.0,149.0,500.0
415,415.0,190.0,500.0,185.0,500.0,149.0,500.0
416,416.0,192.0,500.0,188.0,500.0,150.0,500.0
417,417.0,194.0,500.0,192.0,500.0,151.0,500.0
418,418.0,198.0,500.0,195.0,500.0,151.0,500.0
419,419.0,200.0,500.0,199.0,500.0,153.0,500.0
420,420.0,204.0,500.0,203.0,500.0,153.0,500.0
421,421.0,207.0,500.0,207.0,500.0,155.0,500.0
422,422.0,211.0,500.0,210.0,500.0,156.0,500.0
423,423.0,214.0,500.0,215.0,500.0,158.0,500.0
424,424.0,217.0,500.0,219.0,500.0,162.0,500.0
425,425.0,220.0,500.0,223.0,500.0,165.0,500.0
426,426.0,223.0,500.0,228.0,500.0,169.0,500.0
427,427.0,225.0,500.0,233.0,500.0,172.0,500.0
428,428.0,227.0,500.0,238.0,500.0,175.0,500.0
429,429.0,229.0,500.0,242.0,500.0,180.0,500.0
430,430.0,233.0,500.0,247.0,500.0,186.0,500.0
431,431.0,236.0,500.0,252.0,500.0,191.0,500.0
432,432.0,239.0,500.0,257.0,500.0,196.0,500.0
433,433.0,242.0,500.0,264.0,500.0,202.0,500.0
434,434.0,246.0,500.0,271.0,500.0,208.0,500.0
435,435.0,249.0,500.0,278.0,500.0,215.0,500.0
436,436.0,254.0,500.0,283.0,500.0,221.0,500.0
437,437.0,257.0,500.0,288.0,500.0,226.0,500.0
438,438.0,260.0,500.0,292.0,500.0,233.0,500.0
439,439.0,263.0,500.0,297.0,500.0,240.0,500.0
440,440.0,267.0,500.0,304.0,500.0,248.0,500.0
441,441.0,270.0,500.0,309.0,500.0,253.0,500.0
442,442.0,274.0,500.0,313.0,500.0,259.0,500.0
443,443.0,277.0,500.0,317.0,500.0,265.0,500.0
444,444.0,280.0,500.0,323.0,500.0,273.0,500.0
445,445.0,283.0,500.0,327.0,500.0,278.0,500.0
446,446.0,285.0,500.0,330.0,500.0,285.0,500.0
447,447.0,289.0,500.0,333.0,500.0,291.0,500.0
448,448.0,292.0,500.0,335.0,500.0,297.0,500.0
449,449.0,293.0,500.0,338.0,500.0,304.0,500.0
450,450.0,294.0,500.0,340.0,500.0,310.0,500.0
451,451.0,297.0,500.0,341.0,500.0,313.0,500.0
452,452.0,298.0,500.0,344.0,500.0,319.0,500.0
453,453.0,300.0,500.0,345.0,500.0,324.0,500.0
454,454.0,304.0,500.0,346.0,500.0,331.0,500.0
455,455.0,305.0,500.0,350.0,500.0,338.0,500.0
456,456.0,304.0,500.0,351.0,500.0,343.0,500.0
457,457.0,303.0,500.0,352.0,500.0,350.0,500.0
458,458.0,306.0,500.0,352.0,500.0,354.0,500.0
459,459.0,308.0,500.0,353.0,500.0,360.0,500.0
460,460.0,309.0,500.0,357.0,500.0,367.0,500.0
461,461.0,312.0,500.0,360.0,500.0,372.0,500.0
462,462.0,314.0,500.0,362.0,500.0,376.0,500.0
463,463.0,314.0,500.0,364.0,500.0,380.0,500.0
464,464.0,315.0,500.0,367.0,500.0,383.0,500.0
465,465.0,316.0,500.0,369.0,500.0,387.0,500.0
466,466.0,316.0,500.0,372.0,500.0,391.0,500.0
467,467.0,319.0,500.0,372.0,500.0,394.0,500.0
468,468.0,320.0,500.0,373.0,500.0,398.0,500.0
469,469.0,322.0,500.0,374.0,500.0,400.0,500.0
470,470.0,324.0,500.0,375.0,500.0,403.0,500.0
471,471.0,325.0,500.0,377.0,500.0,405.0,500.0
472,472.0,326.0,500.0,379.0,500.0,406.0,500.0
473,473.0,327.0,500.0,380.0,500.0,406.0,500.0
474,474.0,328.0,500.0,382.0,500.0,406.0,500.0
475,475.0,329.0,500.0,384.0,500.0,406.0,500.0
476,476.0,331.0,500.0,386.0,500.0,406.0,500.0
477,477.0,332.0,500.0,387.0,500.0,407.0,500.0
478,478.0,333.0,500.0,388.0,500.0,408.0,500.0
479,479.0,334.0,500.0,389.0,500.0,409.0,500.0
480,480.0,335.0,500.0,390.0,500.0,411.0,500.0
481,481.0,336.0,500.0,391.0,500.0,411.0,500.0
482,482.0,337.0,500.0,392.0,500.0,412.0,500.0
483,483.0,338.0,500.0,393.0,500.0,413.0,500.0
484,484.0,339.0,500.0,394.0,500.0,414.0,500.0
485,485.0,340.0,500.0,395.0,500.0,414.0,500.0
486,486.0,341.0,500.0,396.0,500.0,414.0,500.0
487,487.0,342.0,500.0,396.0,500.0,414.0,500.0
488,488.0,343.0,500.0,397.0,500.0,414.0,500.0
489,489.0,344.0,500.0,398.0,500.0,414.0,500.0
490,490.0,345.0,500.0,399.0,500.0,414.0,500.0
491,491.0,346.0,500.0,400.0,500.0,413.0,500.0
492,492.0,347.0,500.0,400.0,500.0,412.0,500.0
493,493.0,348.0,500.0,401.0,500.0,411.0,500.0
494,494.0,348.0,500.0,402.0,500.0,410.0,500.0
495,495.0,348.0,500.0,403.0,500.0,410.0,500.0
496,496.0,348.0,500.0,404.0,500.0,410.0,500.0
497,497.0,348.0,500.0,405.0,500.0,409.0,500.0
498,498.0,348.0,500.0,406.0,500.0,408.0,500.0
499,499.0,348.0,500.0,407.0,500.0,407.0,500.0
500,500.0,348.0,500.0,407.0,500.0,406.0,500.0
501,501.0,348.0,500.0,407.0,500.0,405.0,500.0
502,502.0,348.0,500.0,407.0,500.0,404.0,500.0
503,503.0,348.0,500.0,407.0,500.0,403.0,500.0
504,504.0,348.0,500.0,407.0,500.0,402.0,500.0
505,505.0,348.0,500.0,407.0,500.0,401.0,500.0
506,506.0,348.0,500.0,407.0,500.0,400.0,500.0
507,507.0,348.0,500.0,407.0,500.0,399.0,500.0
508,508.0,348.0,500.0,407.0,500.0,398.0,500.0
509,509.0,348.0,500.0,406.0,500.0,397.0,500.0
510,510.0,348.0,500.0,406.0,500.0,396.0,500.0
511,511.0,348.0,500.0,405.0,500.0,395.0,500.0
512,512.0,348.0,500.0,404.0,500.0,394.0,500.0
513,513.0,348.0,500.0,403.0,500.0,393.0,500.0
514,514.0,348.0,500.0,402.0,500.0,392.0,500.0
515,515.0,348.0,500.0,401.0,500.0,391.0,500.0
516,516.0,348.0,500.0,400.0,500.0,390.0,500.0
517,517.0,348.0,500.0,398.0,500.0,389.0,500.0
518,518.0,348.0,500.0,396.0,500.0,388.0,500.0
519,519.0,348.0,500.0,394.0,500.0,387.0,500.0
520,520.0,348.0,500.0,393.0,500.0,387.0,500.0
521,521.0,348.0,500.0,391.0,500.0,387.0,500.0
522,522.0,348.0,500.0,390.0,500.0,387.0,500.0
523,523.0,348.0,500.0,389.0,500.0,387.0,500.0
524,524.0,348.0,500.0,388.0,500.0,387.0,500.0
525,525.0,348.0,500.0,386.0,500.0,387.0,500.0
526,526.0,348.0,500.0,385.0,500.0,387.0,500.0
527,527.0,348.0,500.0,384.0,500.0,387.0,500.0
528,528.0,349.0,500.0,383.0,500.0,387.0,500.0
529,529.0,349.0,500.0,380.0,500.0,387.0,500.0
530,530.0,350.0,500.0,378.0,500.0,386.0,500.0
531,531.0,350.0,500.0,377.0,500.0,386.0,500.0
532,532.0,349.0,500.0,376.0,500.0,386.0,500.0
533,533.0,349.0,500.0,374.0,500.0,386.0,500.0
534,534.0,349.0,500.0,373.0,500.0,386.0,500.0
535,535.0,349.0,500.0,371.0,500.0,386.0,500.0
536,536.0,349.0,500.0,369.0,500.0,386.0,500.0
537,537.0,348.0,500.0,367.0,500.0,386.0,500.0
538,538.0,347.0,500.0,366.0,500.0,385.0,500.0
539,539.0,346.0,500.0,364.0,500.0,385.0,500.0
540,540.0,346.0,500.0,363.0,500.0,385.0,500.0
541,541.0,345.0,500.0,357.0,500.0,385.0,500.0
542,542.0,344.0,500.0,354.0,500.0,382.0,500.0
543,543.0,344.0,500.0,352.0,500.0,382.0,500.0
544,544.0,344.0,500.0,349.0,500.0,381.0,500.0
545,545.0,344.0,500.0,349.0,500.0,378.0,500.0
546,546.0,344.0,500.0,349.0,500.0,377.0,500.0
547,547.0,343.0,500.0,349.0,500.0,377.0,500.0
548,548.0,343.0,500.0,349.0,500.0,376.0,500.0
549,549.0,343.0,500.0,348.0,500.0,374.0,500.0
550,550.0,342.0,500.0,344.0,500.0,374.0,500.0
551,551.0,342.0,500.0,343.0,500.0,374.0,500.0
552,552.0,342.0,500.0,343.0,500.0,373.0,500.0
553,553.0,341.0,500.0,342.0,500.0,370.0,500.0
554,554.0,341.0,500.0,341.0,500.0,369.0,500.0
555,555.0,340.0,500.0,341.0,500.0,365.0,500.0
556,556.0,340.0,500.0,340.0,500.0,364.0,500.0
557,557.0,340.0,500.0,339.0,500.0,360.0,500.0
558,558.0,340.0,500.0,336.0,500.0,356.0,500.0
559,559.0,340.0,500.0,333.0,500.0,353.0,500.0
560,560.0,340.0,500.0,331.0,500.0,353.0,500.0
561,561.0,340.0,500.0,330.0,500.0,350.0,500.0
562,562.0,340.0,500.0,328.0,500.0,347.0,500.0
563,563.0,338.0,500.0,328.0,500.0,346.0,500.0
564,564.0,338.0,500.0,324.0,500.0,345.0,500.0
565,565.0,337.0,500.0,323.0,500.0,343.0,500.0
566,566.0,336.0,500.0,321.0,500.0,340.0,500.0
567,567.0,334.0,500.0,321.0,500.0,339.0,500.0
568,568.0,333.0,500.0,321.0,500.0,335.0,500.0
569,569.0,333.0,500.0,317.0,500.0,331.0,500.0
570,570.0,333.0,500.0,316.0,500.0,328.0,500.0
571,571.0,333.0,500.0,315.0,500.0,325.0,500.0
572,572.0,332.0,500.0,312.0,500.0,323.0,500.0
573,573.0,331.0,500.0,309.0,500.0,321.0,500.0
574,574.0,331.0,500.0,308.0,500.0,319.0,500.0
575,575.0,329.0,500.0,305.0,500.0,312.0,500.0
576,576.0,328.0,500.0,304.0,500.0,309.0,500.0
577,577.0,327.0,500.0,302.0,500.0,307.0,500.0
578,578.0,326.0,500.0,302.0,500.0,303.0,500.0
579,579.0,324.0,500.0,302.0,500.0,300.0,500.0
580,580.0,324.0,500.0,302.0,500.0,298.0,500.0
581,581.0,324.0,500.0,298.0,500.0,297.0,500.0
582,582.0,324.0,500.0,296.0,500.0,294.0,500.0
583,583.0,324.0,500.0,294.0,500.0,288.0,500.0
584,584.0,323.0,500.0,291.0,500.0,284.0,500.0
585,585.0,322.0,500.0,289.0,500.0,282.0,500.0
586,586.0,322.0,500.0,288.0,500.0,279.0,500.0
587,587.0,321.0,500.0,285.0,500.0,274.0,500.0
588,588.0,321.0,500.0,284.0,500.0,271.0,500.0
589,589.0,319.0,500.0,282.0,500.0,269.0,500.0
590,590.0,318.0,500.0,280.0,500.0,267.0,500.0
591,591.0,317.0,500.0,277.0,500.0,263.0,500.0
592,592.0,313.0,500.0,276.0,500.0,262.0,500.0
593,593.0,313.0,500.0,274.0,500.0,258.0,500.0
594,594.0,313.0,500.0,273.0,500.0,254.0,500.0
595,595.0,310.0,500.0,272.0,500.0,253.0,500.0
596,596.0,310.0,500.0,271.0,500.0,251.0,500.0
597,597.0,310.0,500.0,266.0,500.0,248.0,500.0
598,598.0,308.0,500.0,264.0,500.0,247.0,500.0
599,599.0,307.0,500.0,262.0,500.0,245.0,500.0
600,600.0,306.0,500.0,260.0,500.0,245.0,500.0
601,601.0,306.0,500.0,258.0,500.0,245.0,500.0
602,602.0,304.0,500.0,258.0,500.0,242.0,500.0
603,603.0,303.0,500.0,258.0,500.0,240.0,500.0
604,604.0,302.0,500.0,258.0,500.0,237.0,500.0
605,605.0,301.0,500.0,258.0,500.0,234.0,500.0
606,606.0,300.0,500.0,258.0,500.0,234.0,500.0
607,607.0,298.0,500.0,257.0,500.0,233.0,500.0
608,608.0,295.0,500.0,256.0,500.0,233.0,500.0
609,609.0,294.0,500.0,254.0,500.0,233.0,500.0
610,610.0,292.0,500.0,254.0,500.0,231.0,500.0
611,611.0,289.0,500.0,253.0,500.0,229.0,500.0
612,612.0,289.0,500.0,252.0,500.0,228.0,500.0
613,613.0,288.0,500.0,250.0,500.0,228.0,500.0
614,614.0,287.0,500.0,249.0,500.0,227.0,500.0
615,615.0,287.0,500.0,249.0,500.0,226.0,500.0
616,616.0,286.0,500.0,248.0,500.0,226.0,500.0
617,617.0,283.0,500.0,247.0,500.0,226.0,500.0
618,618.0,283.0,500.0,247.0,500.0,226.0,500.0
619,619.0,281.0,500.0,246.0,500.0,226.0,500.0
620,620.0,281.0,500.0,246.0,500.0,225.0,500.0
621,621.0,280.0,500.0,245.0,500.0,222.0,500.0
622,622.0,280.0,500.0,245.0,500.0,222.0,500.0
623,623.0,279.0,500.0,245.0,500.0,222.0,500.0
624,624.0,276.0,500.0,243.0,500.0,222.0,500.0
625,625.0,276.0,500.0,242.0,500.0,222.0,500.0
626,626.0,276.0,500.0,241.0,500.0,221.0,500.0
627,627.0,275.0,500.0,241.0,500.0,221.0,500.0
628,628.0,273.0,500.0,240.0,500.0,221.0,500.0
629,629.0,273.0,500.0,240.0,500.0,221.0,500.0
630,630.0,273.0,500.0,240.0,500.0,221.0,500.0
631,631.0,272.0,500.0,240.0,500.0,219.0,500.0
632,632.0,272.0,500.0,240.0,500.0,218.0,500.0
633,633.0,271.0,500.0,239.0,500.0,218.0,500.0
634,634.0,271.0,500.0,239.0,500.0,218.0,500.0
635,635.0,270.0,500.0,239.0,500.0,218.0,500.0
636,636.0,269.0,500.0,238.0,500.0,218.0,500.0
637,637.0,268.0,500.0,236.0,500.0,217.0,500.0
638,638.0,268.0,500.0,234.0,500.0,217.0,500.0
639,639.0,267.0,500.0,234.0,500.0,217.0,500.0
640,640.0,266.0,500.0,234.0,500.0,217.0,500.0
641,641.0,265.0,500.0,234.0,500.0,217.0,500.0
642,642.0,265.0,500.0,234.0,500.0,217.0,500.0
643,643.0,261.0,500.0,233.0,500.0,217.0,500.0
644,644.0,261.0,500.0,233.0,500.0,217.0,500.0
645,645.0,261.0,500.0,232.0,500.0,216.0,500.0
646,646.0,260.0,500.0,231.0,500.0,216.0,500.0
647,647.0,260.0,500.0,230.0,500.0,216.0,500.0
648,648.0,260.0,500.0,230.0,500.0,216.0,500.0
649,649.0,260.0,500.0,230.0,500.0,216.0,500.0
650,650.0,259.0,500.0,230.0,500.0,215.0,500.0
651,651.0,258.0,500.0,230.0,500.0,215.0,500.0
652,652.0,257.0,500.0,230.0,500.0,215.0,500.0
653,653.0,255.0,500.0,228.0,500.0,215.0,500.0
654,654.0,254.0,500.0,227.0,500.0,214.0,500.0
655,655.0,254.0,500.0,227.0,500.0,214.0,500.0
656,656.0,254.0,500.0,227.0,500.0,213.0,500.0
657,657.0,254.0,500.0,227.0,500.0,213.0,500.0
658,658.0,254.0,500.0,227.0,500.0,213.0,500.0
659,659.0,254.0,500.0,223.0,500.0,213.0,500.0
660,660.0,254.0,500.0,223.0,500.0,213.0,500.0
661,661.0,253.0,500.0,220.0,500.0,213.0,500.0
662,662.0,253.0,500.0,219.0,500.0,213.0,500.0
663,663.0,252.0,500.0,219.0,500.0,213.0,500.0
664,664.0,252.0,500.0,219.0,500.0,213.0,500.0
665,665.0,252.0,500.0,219.0,500.0,211.0,500.0
666,666.0,250.0,500.0,219.0,500.0,211.0,500.0
667,667.0,249.0,500.0,219.0,500.0,211.0,500.0
668,668.0,249.0,500.0,219.0,500.0,211.0,500.0
669,669.0,248.0,500.0,219.0,500.0,211.0,500.0
670,670.0,248.0,500.0,219.0,500.0,211.0,500.0
671,671.0,248.0,500.0,219.0,500.0,211.0,500.0
672,672.0,248.0,500.0,219.0,500.0,210.0,500.0
673,673.0,248.0,500.0,219.0,500.0,210.0,500.0
674,674.0,247.0,500.0,218.0,500.0,210.0,500.0
675,675.0,247.0,500.0,218.0,500.0,210.0,500.0
676,676.0,247.0,500.0,218.0,500.0,210.0,500.0
677,677.0,247.0,500.0,218.0,500.0,210.0,500.0
678,678.0,247.0,500.0,218.0,500.0,210.0,500.0
679,679.0,247.0,500.0,218.0,500.0,210.0,500.0
680,680.0,245.0,500.0,218.0,500.0,210.0,500.0
681,681.0,244.0,500.0,217.0,500.0,210.0,500.0
682,682.0,243.0,500.0,216.0,500.0,210.0,500.0
683,683.0,242.0,500.0,216.0,500.0,210.0,500.0
684,684.0,240.0,500.0,215.0,500.0,210.0,500.0
685,685.0,238.0,500.0,215.0,500.0,210.0,500.0
686,686.0,237.0,500.0,215.0,500.0,210.0,500.0
687,687.0,236.0,500.0,215.0,500.0,210.0,500.0
688,688.0,235.0,500.0,215.0,500.0,210.0,500.0
689,689.0,233.0,500.0,215.0,500.0,210.0,500.0
690,690.0,232.0,500.0,215.0,500.0,210.0,500.0
691,691.0,230.0,500.0,215.0,500.0,210.0,500.0
692,692.0,229.0,500.0,215.0,500.0,210.0,500.0
693,693.0,228.0,500.0,215.0,500.0,210.0,500.0
694,694.0,228.0,500.0,215.0,500.0,210.0,500.0
695,695.0,227.0,500.0,215.0,500.0,210.0,500.0
696,696.0,226.0,500.0,215.0,500.0,210.0,500.0
697,697.0,224.0,500.0,215.0,500.0,210.0,500.0
698,698.0,222.0,500.0,215.0,500.0,210.0,500.0
699,699.0,221.0,500.0,215.0,500.0,210.0,500.0
700,700.0,220.0,500.0,215.0,500.0,210.0,500.0
701,701.0,218.0,500.0,215.0,500.0,210.0,500.0
702,702.0,218.0,500.0,215.0,500.0,210.0,500.0
703,703.0,216.0,500.0,214.0,500.0,210.0,500.0
704,704.0,216.0,500.0,214.0,500.0,210.0,500.0
705,705.0,215.0,500.0,213.0,500.0,210.0,500.0
706,706.0,213.0,500.0,212.0,500.0,210.0,500.0
707,707.0,211.0,500.0,211.0,500.0,210.0,500.0
708,708.0,210.0,500.0,210.0,500.0,210.0,500.0
709,709.0,209.0,500.0,210.0,500.0,210.0,500.0
710,710.0,208.0,500.0,210.0,500.0,210.0,500.0
711,711.0,205.0,500.0,209.0,500.0,210.0,500.0
712,712.0,204.0,500.0,206.0,500.0,210.0,500.0
713,713.0,203.0,500.0,204.0,500.0,210.0,500.0
714,714.0,201.0,500.0,202.0,500.0,210.0,500.0
715,715.0,200.0,500.0,199.0,500.0,209.0,500.0
716,716.0,198.0,500.0,198.0,500.0,208.0,500.0
717,717.0,195.0,500.0,196.0,500.0,207.0,500.0
718,718.0,194.0,500.0,193.0,500.0,206.0,500.0
719,719.0,192.0,500.0,190.0,500.0,205.0,500.0
720,720.0,191.0,500.0,188.0,500.0,205.0,500.0
721,721.0,190.0,500.0,185.0,500.0,203.0,500.0
722,722.0,188.0,500.0,181.0,500.0,201.0,500.0
723,723.0,185.0,500.0,178.0,500.0,201.0,500.0
724,724.0,183.0,500.0,176.0,500.0,199.0,500.0
725,725.0,181.0,500.0,173.0,500.0,196.0,500.0
726,726.0,179.0,500.0,169.0,500.0,193.0,500.0
727,727.0,176.0,500.0,168.0,500.0,193.0,500.0
728,728.0,173.0,500.0,166.0,500.0,191.0,500.0
729,729.0,169.0,500.0,166.0,500.0,187.0,500.0
730,730.0,165.0,500.0,164.0,500.0,183.0,500.0
731,731.0,162.0,500.0,161.0,500.0,181.0,500.0
732,732.0,159.0,500.0,157.0,500.0,177.0,500.0
733,733.0,157.0,500.0,155.0,500.0,171.0,500.0
734,734.0,153.0,500.0,152.0,500.0,167.0,500.0
735,735.0,149.0,500.0,147.0,500.0,164.0,500.0
736,736.0,146.0,500.0,145.0,500.0,161.0,500.0
737,737.0,143.0,500.0,144.0,500.0,159.0,500.0
738,738.0,139.0,500.0,140.0,500.0,157.0,500.0
739,739.0,136.0,500.0,134.0,500.0,151.0,500.0
740,740.0,133.0,500.0,131.0,500.0,145.0,500.0
741,741.0,132.0,500.0,130.0,500.0,142.0,500.0
742,742.0,130.0,500.0,126.0,500.0,135.0,500.0
743,743.0,125.0,500.0,122.0,500.0,129.0,500.0
744,744.0,123.0,500.0,118.0,500.0,126.0,500.0
745,745.0,121.0,500.0,115.0,500.0,122.0,500.0
746,746.0,118.0,500.0,112.0,500.0,119.0,500.0
747,747.0,116.0,500.0,110.0,500.0,114.0,500.0
748,748.0,112.0,500.0,110.0,500.0,111.0,500.0
749,749.0,110.0,500.0,107.0,500.0,105.0,500.0
750,750.0,107.0,500.0,106.0,500.0,102.0,500.0
751,751.0,105.0,500.0,104.0,500.0,97.0,500.0
752,752.0,104.0,500.0,101.0,500.0,93.0,515.0
753,753.0,102.0,500.0,98.0,500.0,88.0,550.0
754,754.0,101.0,500.0,98.0,510.0,82.0,610.0
755,755.0,98.0,500.0,94.0,520.0,78.0,700.0
756,756.0,94.0,510.0,92.0,550.0,75.0,810.0
757,757.0,93.0,540.0,89.0,590.0,72.0,935.0
758,758.0,93.0,575.0,89.0,645.0,70.0,1075.0
759,759.0,90.0,610.0,88.0,700.0,68.0,1225.0
760,760.0,91.0,660.0,87.0,760.0,63.0,1385.0
761,761.0,90.0,705.0,87.0,825.0,59.0,1570.0
762,762.0,90.0,755.0,88.0,890.0,55.0,1775.0
763,763.0,92.0,805.0,90.0,950.0,50.0,2000.0
764,764.0,93.0,845.0,94.0,1000.0,49.0,2250.0
765,765.0,95.0,880.0,97.0,1030.0,48.0,2505.0
766,766.0,97.0,905.0,99.0,1045.0,45.0,2765.0
767,767.0,99.0,920.0,103.0,1050.0,41.0,3040.0
768,768.0,102.0,925.0,106.0,1035.0,38.0,3335.0
769,769.0,107.0,915.0,113.0,1005.0,38.0,3645.0
770,770.0,112.0,880.0,119.0,940.0,38.0,3955.0
771,771.0,116.0,820.0,126.0,845.0,37.0,4265.0
772,772.0,122.0,740.0,133.0,715.0,38.0,4580.0
773,773.0,129.0,630.0,140.0,550.0,39.0,4890.0
774,774.0,137.0,500.0,146.0,500.0,42.0,5195.0
775,775.0,144.0,500.0,154.0,500.0,44.0,5485.0
776,776.0,152.0,500.0,161.0,500.0,47.0,5765.0
777,777.0,160.0,500.0,168.0,500.0,49.0,6030.0
778,778.0,168.0,500.0,174.0,500.0,50.0,6285.0
779,779.0,175.0,500.0,182.0,500.0,51.0,6535.0
780,780.0,183.0,500.0,190.0,500.0,53.0,6780.0
781,781.0,192.0,500.0,197.0,500.0,56.0,7015.0
782,782.0,201.0,500.0,203.0,500.0,57.0,7235.0
783,783.0,210.0,500.0,209.0,500.0,59.0,7450.0
784,784.0,218.0,500.0,215.0,500.0,59.0,7655.0
785,785.0,227.0,500.0,222.0,500.0,60.0,7860.0
786,786.0,236.0,500.0,228.0,500.0,61.0,8060.0
787,787.0,245.0,500.0,234.0,500.0,62.0,8255.0
788,788.0,255.0,500.0,239.0,500.0,63.0,8445.0
789,789.0,263.0,500.0,244.0,500.0,63.0,8630.0
790,790.0,271.0,500.0,248.0,500.0,63.0,8815.0
791,791.0,278.0,500.0,252.0,500.0,64.0,9000.0
792,792.0,284.0,500.0,256.0,500.0,65.0,9180.0
793,793.0,289.0,500.0,259.0,500.0,66.0,9355.0
794,794.0,295.0,500.0,261.0,500.0,67.0,9525.0
795,795.0,301.0,500.0,263.0,500.0,66.0,9690.0
796,796.0,308.0,500.0,264.0,500.0,65.0,9860.0
797,797.0,314.0,500.0,266.0,500.0,66.0,10035.0
798,798.0,320.0,500.0,267.0,500.0,68.0,10205.0
799,799.0,326.0,500.0,268.0,500.0,70.0,10365.0
800,800.0,331.0,500.0,269.0,500.0,73.0,10515.0
801,801.0,337.0,500.0,271.0,500.0,76.0,10650.0
802,802.0,343.0,500.0,272.0,500.0,81.0,10770.0
803,803.0,348.0,500.0,272.0,500.0,88.0,10865.0
804,804.0,353.0,500.0,272.0,500.0,97.0,10925.0
805,805.0,357.0,500.0,271.0,500.0,109.0,10940.0
806,806.0,361.0,500.0,270.0,500.0,123.0,10895.0
807,807.0,366.0,500.0,269.0,500.0,139.0,10780.0
808,808.0,370.0,500.0,268.0,500.0,158.0,10585.0
809,809.0,375.0,500.0,268.0,500.0,179.0,10295.0
810,810.0,378.0,500.0,267.0,500.0,201.0,9900.0
811,811.0,381.0,500.0,267.0,500.0,225.0,9395.0
812,812.0,383.0,500.0,267.0,500.0,249.0,8770.0
813,813.0,385.0,500.0,267.0,500.0,275.0,8025.0
814,814.0,387.0,500.0,267.0,500.0,302.0,7150.0
815,815.0,388.0,500.0,267.0,500.0,330.0,6140.0
816,816.0,389.0,500.0,267.0,500.0,359.0,4990.0
817,817.0,390.0,500.0,267.0,500.0,388.0,3695.0
818,818.0,391.0,500.0,267.0,500.0,418.0,2255.0
819,819.0,392.0,500.0,267.0,500.0,449.0,665.0
820,820.0,392.0,500.0,267.0,500.0,479.0,500.0
821,821.0,393.0,500.0,267.0,500.0,509.0,500.0
822,822.0,393.0,500.0,267.0,500.0,538.0,500.0
823,823.0,393.0,500.0,267.0,500.0,567.0,500.0
824,824.0,392.0,500.0,267.0,500.0,596.0,500.0
825,825.0,391.0,500.0,267.0,500.0,625.0,500.0
826,826.0,390.0,500.0,267.0,500.0,653.0,500.0
827,827.0,389.0,500.0,267.0,500.0,680.0,500.0
828,828.0,388.0,500.0,267.0,500.0,708.0,500.0
829,829.0,387.0,500.0,267.0,500.0,736.0,500.0
830,830.0,386.0,500.0,267.0,500.0,763.0,500.0
831,831.0,385.0,500.0,267.0,500.0,790.0,500.0
832,832.0,385.0,500.0,267.0,500.0,816.0,500.0
833,833.0,385.0,500.0,267.0,500.0,842.0,500.0
834,834.0,385.0,500.0,267.0,500.0,867.0,500.0
835,835.0,385.0,500.0,267.0,500.0,891.0,500.0
836,836.0,385.0,500.0,267.0,500.0,914.0,500.0
837,837.0,385.0,500.0,267.0,500.0,936.0,500.0
838,838.0,385.0,500.0,267.0,500.0,957.0,500.0
839,839.0,385.0,500.0,267.0,500.0,977.0,500.0
840,840.0,385.0,500.0,267.0,500.0,997.0,500.0
841,841.0,385.0,500.0,267.0,500.0,1016.0,500.0
842,842.0,385.0,500.0,267.0,500.0,1035.0,500.0
843,843.0,385.0,500.0,267.0,500.0,1054.0,500.0
844,844.0,385.0,500.0,267.0,500.0,1071.0,500.0
845,845.0,385.0,500.0,267.0,500.0,1088.0,500.0
846,846.0,385.0,500.0,267.0,500.0,1104.0,500.0
847,847.0,385.0,500.0,267.0,500.0,1120.0,500.0
848,848.0,385.0,500.0,267.0,500.0,1134.0,500.0
849,849.0,385.0,500.0,267.0,500.0,1147.0,500.0
850,850.0,385.0,500.0,267.0,500.0,1158.0,500.0
851,851.0,385.0,500.0,267.0,500.0,1168.0,500.0
852,852.0,385.0,500.0,267.0,500.0,1178.0,500.0
853,853.0,385.0,500.0,267.0,500.0,1187.0,500.0
854,854.0,385.0,500.0,267.0,500.0,1194.0,500.0
855,855.0,385.0,500.0,267.0,500.0,1200.0,500.0
856,856.0,385.0,500.0,267.0,500.0,1206.0,500.0
857,857.0,385.0,500.0,267.0,500.0,1211.0,500.0
858,858.0,385.0,500.0,267.0,500.0,1216.0,500.0
859,859.0,385.0,500.0,267.0,500.0,1220.0,500.0
860,860.0,385.0,500.0,267.0,500.0,1224.0,500.0
861,861.0,385.0,500.0,267.0,500.0,1227.0,500.0
862,862.0,385.0,500.0,267.0,500.0,1230.0,500.0
863,863.0,385.0,500.0,267.0,500.0,1233.0,500.0
864,864.0,385.0,500.0,267.0,500.0,1236.0,500.0
865,865.0,385.0,500.0,267.0,500.0,1238.0,500.0
866,866.0,385.0,500.0,267.0,500.0,1240.0,500.0
867,867.0,385.0,500.0,267.0,500.0,1241.0,500.0
868,868.0,384.0,500.0,267.0,500.0,1242.0,500.0
869,869.0,384.0,500.0,267.0,500.0,1243.0,500.0
870,870.0,384.0,500.0,267.0,500.0,1244.0,500.0
871,871.0,384.0,500.0,267.0,500.0,1245.0,500.0
872,872.0,384.0,500.0,267.0,500.0,1245.0,500.0
873,873.0,384.0,500.0,267.0,500.0,1245.0,500.0
874,874.0,384.0,500.0,267.0,500.0,1245.0,500.0
875,875.0,384.0,500.0,267.0,500.0,1245.0,500.0
876,876.0,384.0,500.0,267.0,500.0,1245.0,500.0
877,877.0,384.0,500.0,267.0,500.0,1245.0,500.0
878,878.0,384.0,500.0,267.0,500.0,1244.0,500.0
879,879.0,384.0,500.0,267.0,500.0,1244.0,500.0
880,880.0,384.0,500.0,267.0,500.0,1243.0,500.0
881,881.0,384.0,500.0,267.0,500.0,1241.0,500.0
882,882.0,383.0,500.0,267.0,500.0,1240.0,500.0
883,883.0,381.0,500.0,267.0,500.0,1238.0,500.0
884,884.0,381.0,500.0,267.0,500.0,1238.0,500.0
885,885.0,381.0,500.0,267.0,500.0,1232.0,500.0
886,886.0,381.0,500.0,267.0,500.0,1225.0,500.0
887,887.0,381.0,500.0,267.0,500.0,1214.0,500.0
888,888.0,381.0,500.0,267.0,500.0,1207.0,500.0
889,889.0,381.0,500.0,267.0,500.0,1187.0,500.0
890,890.0,380.0,500.0,267.0,500.0,1170.0,500.0
891,891.0,380.0,500.0,267.0,500.0,1159.0,500.0
892,892.0,380.0,500.0,267.0,500.0,1139.0,500.0
893,893.0,379.0,500.0,267.0,500.0,1120.0,500.0
894,894.0,375.0,500.0,267.0,500.0,1091.0,500.0
895,895.0,372.0,500.0,267.0,500.0,1063.0,500.0
896,896.0,371.0,500.0,267.0,500.0,1031.0,500.0
897,897.0,370.0,500.0,267.0,500.0,1003.0,500.0
898,898.0,367.0,500.0,267.0,500.0,983.0,500.0
899,899.0,365.0,500.0,267.0,500.0,944.0,500.0
900,900.0,364.0,500.0,267.0,500.0,910.0,500.0
901,901.0,364.0,500.0,267.0,500.0,882.0,500.0
902,902.0,364.0,500.0,267.0,500.0,841.0,500.0
903,903.0,363.0,500.0,267.0,500.0,802.0,500.0
904,904.0,362.0,500.0,267.0,500.0,771.0,500.0
905,905.0,359.0,500.0,267.0,500.0,741.0,500.0
906,906.0,355.0,500.0,267.0,500.0,703.0,500.0
907,907.0,352.0,500.0,267.0,500.0,665.0,500.0
908,908.0,351.0,500.0,267.0,500.0,635.0,500.0
909,909.0,351.0,500.0,267.0,500.0,613.0,500.0
910,910.0,349.0,500.0,267.0,500.0,581.0,500.0
911,911.0,348.0,500.0,267.0,500.0,547.0,500.0
912,912.0,347.0,500.0,267.0,500.0,509.0,500.0
913,913.0,346.0,500.0,267.0,500.0,484.0,500.0
914,914.0,346.0,500.0,267.0,500.0,471.0,500.0
915,915.0,344.0,500.0,267.0,500.0,441.0,500.0
916,916.0,343.0,500.0,267.0,500.0,421.0,500.0
917,917.0,341.0,500.0,267.0,500.0,410.0,500.0
918,918.0,340.0,500.0,267.0,500.0,396.0,500.0
919,919.0,337.0,500.0,267.0,500.0,379.0,500.0
920,920.0,333.0,500.0,267.0,500.0,366.0,500.0
921,921.0,333.0,500.0,267.0,500.0,355.0,500.0
922,922.0,332.0,500.0,267.0,500.0,340.0,500.0
923,923.0,329.0,500.0,267.0,500.0,328.0,500.0
924,924.0,328.0,500.0,267.0,500.0,315.0,500.0
925,925.0,327.0,500.0,267.0,500.0,304.0,500.0
926,926.0,326.0,500.0,267.0,500.0,300.0,500.0
927,927.0,323.0,500.0,267.0,500.0,295.0,500.0
928,928.0,321.0,500.0,267.0,500.0,287.0,500.0
929,929.0,319.0,500.0,268.0,500.0,278.0,500.0
930,930.0,319.0,500.0,269.0,500.0,272.0,500.0
931,931.0,317.0,500.0,270.0,500.0,268.0,500.0
932,932.0,314.0,500.0,271.0,500.0,263.0,500.0
933,933.0,310.0,500.0,271.0,500.0,260.0,500.0
934,934.0,309.0,500.0,271.0,500.0,258.0,500.0
935,935.0,308.0,500.0,272.0,500.0,256.0,500.0
936,936.0,306.0,500.0,273.0,500.0,249.0,500.0
937,937.0,304.0,500.0,274.0,500.0,246.0,500.0
938,938.0,303.0,500.0,275.0,500.0,245.0,500.0
939,939.0,300.0,500.0,276.0,500.0,242.0,500.0
940,940.0,297.0,500.0,277.0,500.0,240.0,500.0
941,941.0,295.0,500.0,278.0,500.0,240.0,500.0
942,942.0,295.0,500.0,279.0,500.0,237.0,500.0
943,943.0,293.0,500.0,280.0,500.0,234.0,500.0
944,944.0,290.0,500.0,281.0,500.0,230.0,500.0
945,945.0,289.0,500.0,282.0,500.0,229.0,500.0
946,946.0,286.0,500.0,283.0,500.0,228.0,500.0
947,947.0,285.0,500.0,284.0,500.0,226.0,500.0
948,948.0,282.0,500.0,285.0,500.0,226.0,500.0
949,949.0,282.0,500.0,286.0,500.0,226.0,500.0
950,950.0,280.0,500.0,287.0,500.0,225.0,500.0
951,951.0,277.0,500.0,288.0,500.0,223.0,500.0
952,952.0,275.0,500.0,289.0,500.0,223.0,500.0
953,953.0,274.0,500.0,290.0,500.0,222.0,500.0
954,954.0,273.0,500.0,291.0,500.0,222.0,500.0
955,955.0,273.0,500.0,292.0,500.0,222.0,500.0
956,956.0,272.0,500.0,293.0,500.0,222.0,500.0
957,957.0,269.0,500.0,294.0,500.0,220.0,500.0
958,958.0,267.0,500.0,295.0,500.0,220.0,500.0
959,959.0,265.0,500.0,296.0,500.0,220.0,500.0
960,960.0,264.0,500.0,297.0,500.0,220.0,500.0
961,961.0,263.0,500.0,298.0,500.0,219.0,500.0
962,962.0,262.0,500.0,299.0,500.0,219.0,500.0
963,963.0,261.0,500.0,300.0,500.0,219.0,500.0
964,964.0,261.0,500.0,301.0,500.0,218.0,500.0
965,965.0,261.0,500.0,302.0,500.0,218.0,500.0
966,966.0,261.0,500.0,303.0,500.0,218.0,500.0
967,967.0,257.0,500.0,304.0,500.0,217.0,500.0
968,968.0,257.0,500.0,305.0,500.0,216.0,500.0
969,969.0,257.0,500.0,306.0,500.0,215.0,500.0
970,970.0,256.0,500.0,307.0,500.0,215.0,500.0
971,971.0,255.0,500.0,308.0,500.0,213.0,500.0
972,972.0,253.0,500.0,309.0,500.0,213.0,500.0
973,973.0,253.0,500.0,310.0,500.0,213.0,500.0
974,974.0,252.0,500.0,311.0,500.0,211.0,500.0
975,975.0,252.0,500.0,312.0,500.0,211.0,500.0
976,976.0,251.0,500.0,313.0,500.0,211.0,500.0
977,977.0,251.0,500.0,314.0,500.0,210.0,500.0
978,978.0,250.0,500.0,315.0,500.0,210.0,500.0
979,979.0,250.0,500.0,316.0,500.0,210.0,500.0
980,980.0,249.0,500.0,316.0,500.0,210.0,500.0
981,981.0,249.0,500.0,317.0,500.0,210.0,500.0
982,982.0,248.0,500.0,318.0,500.0,210.0,500.0
983,983.0,248.0,500.0,319.0,500.0,210.0,500.0
984,984.0,248.0,500.0,320.0,500.0,209.0,500.0
985,985.0,248.0,500.0,321.0,500.0,208.0,500.0
986,986.0,248.0,500.0,322.0,500.0,207.0,500.0
987,987.0,247.0,500.0,323.0,500.0,207.0,500.0
988,988.0,247.0,500.0,323.0,500.0,207.0,500.0
989,989.0,247.0,500.0,323.0,500.0,207.0,500.0
990,990.0,245.0,500.0,323.0,500.0,207.0,500.0
991,991.0,245.0,500.0,323.0,500.0,206.0,500.0
992,992.0,244.0,500.0,323.0,500.0,206.0,500.0
993,993.0,244.0,500.0,323.0,500.0,206.0,500.0
994,994.0,244.0,500.0,323.0,500.0,206.0,500.0
995,995.0,244.0,500.0,323.0,500.0,206.0,500.0
996,996.0,243.0,500.0,323.0,500.0,206.0,500.0
997,997.0,243.0,500.0,323.0,500.0,206.0,500.0
998,998.0,242.0,500.0,323.0,500.0,206.0,500.0
999,999.0,242.0,500.0,323.0,500.0,206.0,500.0
1000,1000.0,242.0,500.0,323.0,500.0,206.0,500.0
1001,1001.0,242.0,500.0,323.0,500.0,206.0,500.0
1002,1002.0,241.0,500.0,323.0,500.0,205.0,500.0
1003,1003.0,241.0,500.0,321.0,500.0,205.0,500.0
1004,1004.0,239.0,500.0,321.0,500.0,205.0,500.0
1005,1005.0,239.0,500.0,320.0,500.0,205.0,500.0
1006,1006.0,238.0,500.0,320.0,500.0,205.0,500.0
1007,1007.0,238.0,500.0,320.0,500.0,205.0,500.0
1008,1008.0,237.0,500.0,319.0,500.0,205.0,500.0
1009,1009.0,237.0,500.0,319.0,500.0,205.0,500.0
1010,1010.0,237.0,500.0,319.0,500.0,205.0,500.0
1011,1011.0,237.0,500.0,319.0,500.0,204.0,500.0
1012,1012.0,236.0,500.0,318.0,500.0,204.0,500.0
1013,1013.0,236.0,500.0,318.0,500.0,204.0,500.0
1014,1014.0,236.0,500.0,318.0,500.0,204.0,500.0
1015,1015.0,236.0,500.0,317.0,500.0,204.0,500.0
1016,1016.0,236.0,500.0,317.0,500.0,204.0,500.0
1017,1017.0,236.0,500.0,317.0,500.0,204.0,500.0
1018,1018.0,236.0,500.0,316.0,500.0,204.0,500.0
1019,1019.0,236.0,500.0,316.0,500.0,204.0,500.0
1020,1020.0,235.0,500.0,316.0,500.0,204.0,500.0
1021,1021.0,233.0,500.0,316.0,500.0,204.0,500.0
1022,1022.0,233.0,500.0,316.0,500.0,204.0,500.0
1023,1023.0,232.0,500.0,315.0,500.0,204.0,500.0
1024,1024.0,232.0,500.0,314.0,500.0,204.0,500.0
1025,1025.0,232.0,500.0,314.0,500.0,204.0,500.0
1026,1026.0,232.0,500.0,314.0,500.0,204.0,500.0
1027,1027.0,232.0,500.0,312.0,500.0,204.0,500.0
1028,1028.0,232.0,500.0,312.0,500.0,204.0,500.0
1029,1029.0,230.0,500.0,312.0,500.0,204.0,500.0
1030,1030.0,229.0,500.0,312.0,500.0,204.0,500.0
1031,1031.0,229.0,500.0,309.0,500.0,204.0,500.0
1032,1032.0,228.0,500.0,309.0,500.0,204.0,500.0
1033,1033.0,228.0,500.0,307.0,500.0,204.0,500.0
1034,1034.0,228.0,500.0,307.0,500.0,204.0,500.0
1035,1035.0,228.0,500.0,307.0,500.0,204.0,500.0
1036,1036.0,227.0,500.0,306.0,500.0,204.0,500.0
1037,1037.0,227.0,500.0,306.0,500.0,204.0,500.0
1038,1038.0,227.0,500.0,306.0,500.0,204.0,500.0
1039,1039.0,227.0,500.0,306.0,500.0,204.0,500.0
1040,1040.0,227.0,500.0,306.0,500.0,204.0,500.0
1041,1041.0,227.0,500.0,305.0,500.0,204.0,500.0
1042,1042.0,227.0,500.0,305.0,500.0,204.0,500.0
1043,1043.0,227.0,500.0,305.0,500.0,204.0,500.0
1044,1044.0,226.0,500.0,304.0,500.0,204.0,500.0
1045,1045.0,224.0,500.0,303.0,500.0,204.0,500.0
1046,1046.0,224.0,500.0,301.0,500.0,204.0,500.0
1047,1047.0,224.0,500.0,301.0,500.0,204.0,500.0
1048,1048.0,224.0,500.0,300.0,500.0,204.0,500.0
1049,1049.0,224.0,500.0,299.0,500.0,204.0,500.0
1050,1050.0,222.0,500.0,298.0,500.0,204.0,500.0
1051,1051.0,222.0,500.0,297.0,500.0,204.0,500.0
1052,1052.0,222.0,500.0,297.0,500.0,204.0,500.0
1053,1053.0,222.0,500.0,296.0,500.0,204.0,500.0
1054,1054.0,222.0,500.0,296.0,500.0,204.0,500.0
1055,1055.0,222.0,500.0,296.0,500.0,204.0,500.0
1056,1056.0,222.0,500.0,296.0,500.0,204.0,500.0
1057,1057.0,221.0,500.0,295.0,500.0,204.0,500.0
1058,1058.0,219.0,500.0,293.0,500.0,204.0,500.0
1059,1059.0,218.0,500.0,291.0,500.0,204.0,500.0
1060,1060.0,218.0,500.0,285.0,500.0,204.0,500.0
1061,1061.0,216.0,500.0,282.0,500.0,204.0,500.0
1062,1062.0,213.0,500.0,279.0,500.0,204.0,500.0
1063,1063.0,209.0,500.0,276.0,500.0,203.0,500.0
1064,1064.0,205.0,500.0,271.0,500.0,202.0,500.0
1065,1065.0,201.0,500.0,266.0,500.0,201.0,500.0
1066,1066.0,199.0,500.0,260.0,500.0,200.0,500.0
1067,1067.0,195.0,500.0,253.0,500.0,200.0,500.0
1068,1068.0,193.0,500.0,246.0,500.0,199.0,500.0
1069,1069.0,189.0,500.0,239.0,500.0,197.0,500.0
1070,1070.0,183.0,500.0,233.0,500.0,194.0,500.0
1071,1071.0,178.0,500.0,227.0,500.0,192.0,500.0
1072,1072.0,172.0,500.0,218.0,500.0,189.0,500.0
1073,1073.0,166.0,500.0,210.0,500.0,186.0,500.0
1074,1074.0,159.0,500.0,203.0,500.0,183.0,500.0
1075,1075.0,155.0,500.0,194.0,500.0,180.0,500.0
1076,1076.0,151.0,500.0,187.0,500.0,177.0,500.0
1077,1077.0,146.0,500.0,180.0,500.0,174.0,500.0
1078,1078.0,140.0,500.0,172.0,500.0,171.0,500.0
1079,1079.0,137.0,500.0,165.0,500.0,168.0,500.0
1080,1080.0,129.0,500.0,160.0,500.0,165.0,500.0
1081,1081.0,125.0,500.0,152.0,500.0,161.0,500.0
1082,1082.0,118.0,500.0,146.0,500.0,158.0,500.0
1083,1083.0,114.0,500.0,139.0,500.0,156.0,500.0
1084,1084.0,111.0,500.0,132.0,500.0,154.0,500.0
1085,1085.0,104.0,500.0,126.0,500.0,152.0,500.0
1086,1086.0,101.0,500.0,118.0,500.0,150.0,500.0
1087,1087.0,97.0,500.0,112.0,500.0,148.0,500.0
1088,1088.0,92.0,515.0,107.0,500.0,146.0,500.0
1089,1089.0,90.0,555.0,101.0,500.0,145.0,500.0
1090,1090.0,85.0,605.0,95.0,500.0,144.0,500.0
1091,1091.0,81.0,680.0,90.0,525.0,143.0,500.0
1092,1092.0,79.0,775.0,86.0,575.0,142.0,500.0
1093,1093.0,74.0,880.0,81.0,645.0,141.0,500.0
1094,1094.0,71.0,1010.0,78.0,740.0,140.0,500.0
1095,1095.0,67.0,1155.0,75.0,850.0,140.0,500.0
1096,1096.0,64.0,1320.0,73.0,975.0,140.0,500.0
1097,1097.0,60.0,1500.0,70.0,1110.0,139.0,500.0
1098,1098.0,57.0,1700.0,67.0,1260.0,138.0,500.0
1099,1099.0,55.0,1915.0,64.0,1425.0,137.0,500.0
1100,1100.0,52.0,2140.0,63.0,1605.0,135.0,500.0
1101,1101.0,48.0,2380.0,61.0,1790.0,134.0,500.0
1102,1102.0,46.0,2640.0,59.0,1985.0,132.0,500.0
1103,1103.0,43.0,2910.0,58.0,2190.0,131.0,500.0
1104,1104.0,40.0,3195.0,58.0,2400.0,129.0,500.0
1105,1105.0,38.0,3495.0,59.0,2610.0,127.0,500.0
1106,1106.0,38.0,3805.0,60.0,2815.0,121.0,500.0
1107,1107.0,35.0,4115.0,61.0,3015.0,120.0,500.0
1108,1108.0,34.0,4440.0,62.0,3210.0,116.0,500.0
1109,1109.0,31.0,4770.0,63.0,3400.0,113.0,500.0
1110,1110.0,30.0,5115.0,64.0,3585.0,110.0,500.0
1111,1111.0,29.0,5465.0,65.0,3765.0,106.0,500.0
1112,1112.0,29.0,5820.0,67.0,3940.0,103.0,500.0
1113,1113.0,27.0,6175.0,70.0,4105.0,99.0,500.0
1114,1114.0,24.0,6540.0,73.0,4255.0,98.0,505.0
1115,1115.0,22.0,6920.0,76.0,4390.0,98.0,515.0
1116,1116.0,21.0,7310.0,79.0,4510.0,99.0,525.0
1117,1117.0,19.0,7705.0,83.0,4615.0,101.0,530.0
1118,1118.0,17.0,8110.0,87.0,4700.0,105.0,525.0
1119,1119.0,16.0,8525.0,94.0,4765.0,109.0,500.0
1120,1120.0,16.0,8945.0,101.0,4795.0,111.0,500.0
1121,1121.0,15.0,9365.0,110.0,4790.0,115.0,500.0
1122,1122.0,14.0,9790.0,119.0,4740.0,120.0,500.0
1123,1123.0,13.0,10220.0,129.0,4645.0,125.0,500.0
1124,1124.0,13.0,10655.0,140.0,4500.0,129.0,500.0
1125,1125.0,13.0,11090.0,151.0,4300.0,136.0,500.0
1126,1126.0,13.0,11525.0,162.0,4045.0,145.0,500.0
1127,1127.0,13.0,11960.0,175.0,3735.0,153.0,500.0
1128,1128.0,13.0,12395.0,188.0,3360.0,161.0,500.0
1129,1129.0,13.0,12830.0,204.0,2920.0,170.0,500.0
1130,1130.0,13.0,13265.0,221.0,2400.0,180.0,500.0
1131,1131.0,13.0,13700.0,239.0,1795.0,186.0,500.0
1132,1132.0,13.0,14135.0,258.0,1100.0,193.0,500.0
1133,1133.0,13.0,14570.0,279.0,500.0,201.0,500.0
1134,1134.0,13.0,15005.0,301.0,500.0,208.0,500.0
1135,1135.0,13.0,15440.0,320.0,500.0,216.0,500.0
1136,1136.0,13.0,15875.0,340.0,500.0,222.0,500.0
1137,1137.0,14.0,16310.0,361.0,500.0,229.0,500.0
1138,1138.0,16.0,16740.0,381.0,500.0,234.0,500.0
1139,1139.0,19.0,17160.0,401.0,500.0,236.0,500.0
1140,1140.0,23.0,17565.0,420.0,500.0,243.0,500.0
1141,1141.0,28.0,17950.0,441.0,500.0,249.0,500.0
1142,1142.0,34.0,18310.0,460.0,500.0,254.0,500.0
1143,1143.0,40.0,18640.0,479.0,500.0,257.0,500.0
1144,1144.0,46.0,18940.0,499.0,500.0,262.0,500.0
1145,1145.0,52.0,19210.0,516.0,500.0,265.0,500.0
1146,1146.0,58.0,19450.0,534.0,500.0,270.0,500.0
1147,1147.0,64.0,19660.0,552.0,500.0,276.0,500.0
1148,1148.0,70.0,19840.0,568.0,500.0,280.0,500.0
1149,1149.0,76.0,19990.0,584.0,500.0,284.0,500.0
1150,1150.0,82.0,20110.0,600.0,500.0,290.0,500.0
1151,1151.0,88.0,20200.0,616.0,500.0,295.0,500.0
1152,1152.0,94.0,20260.0,631.0,500.0,298.0,500.0
1153,1153.0,100.0,20290.0,646.0,500.0,303.0,500.0
1154,1154.0,106.0,20290.0,661.0,500.0,305.0,500.0
1155,1155.0,112.0,20260.0,675.0,500.0,307.0,500.0
1156,1156.0,118.0,20200.0,688.0,500.0,308.0,500.0
1157,1157.0,124.0,20110.0,701.0,500.0,312.0,500.0
1158,1158.0,130.0,19990.0,714.0,500.0,312.0,500.0
1159,1159.0,136.0,19840.0,726.0,500.0,314.0,500.0
1160,1160.0,142.0,19660.0,737.0,500.0,314.0,500.0
1161,1161.0,148.0,19450.0,747.0,500.0,314.0,500.0
1162,1162.0,154.0,19210.0,757.0,500.0,313.0,500.0
1163,1163.0,160.0,18940.0,766.0,500.0,313.0,500.0
1164,1164.0,166.0,18640.0,775.0,500.0,311.0,500.0
1165,1165.0,172.0,18310.0,782.0,500.0,311.0,500.0
1166,1166.0,178.0,17950.0,790.0,500.0,310.0,500.0
1167,1167.0,184.0,17560.0,797.0,500.0,309.0,500.0
1168,1168.0,190.0,17140.0,804.0,500.0,308.0,500.0
1169,1169.0,196.0,16690.0,811.0,500.0,307.0,500.0
1170,1170.0,202.0,16210.0,817.0,500.0,306.0,500.0
1171,1171.0,210.0,15700.0,823.0,500.0,305.0,500.0
1172,1172.0,220.0,15150.0,829.0,500.0,305.0,500.0
1173,1173.0,233.0,14550.0,835.0,500.0,305.0,500.0
1174,1174.0,251.0,13885.0,840.0,500.0,305.0,500.0
1175,1175.0,275.0,13130.0,845.0,500.0,305.0,500.0
1176,1176.0,305.0,12255.0,849.0,500.0,305.0,500.0
1177,1177.0,340.0,11230.0,853.0,500.0,305.0,500.0
1178,1178.0,382.0,10030.0,857.0,500.0,305.0,500.0
1179,1179.0,429.0,8620.0,861.0,500.0,305.0,500.0
1180,1180.0,480.0,6975.0,865.0,500.0,305.0,500.0
1181,1181.0,537.0,5075.0,869.0,500.0,305.0,500.0
1182,1182.0,601.0,2890.0,873.0,500.0,305.0,500.0
1183,1183.0,671.0,500.0,877.0,500.0,305.0,500.0
1184,1184.0,736.0,500.0,881.0,500.0,305.0,500.0
1185,1185.0,801.0,500.0,885.0,500.0,305.0,500.0
1186,1186.0,862.0,500.0,888.0,500.0,305.0,500.0
1187,1187.0,920.0,500.0,891.0,500.0,305.0,500.0
1188,1188.0,976.0,500.0,894.0,500.0,305.0,500.0
1189,1189.0,1029.0,500.0,897.0,500.0,305.0,500.0
1190,1190.0,1080.0,500.0,899.0,500.0,305.0,500.0
1191,1191.0,1129.0,500.0,901.0,500.0,305.0,500.0
1192,1192.0,1174.0,500.0,903.0,500.0,305.0,500.0
1193,1193.0,1217.0,500.0,905.0,500.0,305.0,500.0
1194,1194.0,1256.0,500.0,907.0,500.0,305.0,500.0
1195,1195.0,1293.0,500.0,907.0,500.0,305.0,500.0
1196,1196.0,1328.0,500.0,909.0,500.0,305.0,500.0
1197,1197.0,1359.0,500.0,910.0,500.0,305.0,500.0
1198,1198.0,1387.0,500.0,910.0,500.0,305.0,500.0
1199,1199.0,1411.0,500.0,910.0,500.0,305.0,500.0
1200,1200.0,1432.0,500.0,908.0,500.0,305.0,500.0
1201,1201.0,1452.0,500.0,909.0,500.0,305.0,500.0
1202,1202.0,1470.0,500.0,907.0,500.0,305.0,500.0
1203,1203.0,1484.0,500.0,907.0,500.0,305.0,500.0
1204,1204.0,1496.0,500.0,906.0,500.0,305.0,500.0
1205,1205.0,1506.0,500.0,901.0,500.0,305.0,500.0
1206,1206.0,1515.0,500.0,899.0,500.0,305.0,500.0
1207,1207.0,1524.0,500.0,890.0,500.0,305.0,500.0
1208,1208.0,1533.0,500.0,884.0,500.0,305.0,500.0
1209,1209.0,1541.0,500.0,871.0,500.0,305.0,500.0
1210,1210.0,1549.0,500.0,863.0,500.0,305.0,500.0
1211,1211.0,1557.0,500.0,855.0,500.0,305.0,500.0
1212,1212.0,1564.0,500.0,845.0,500.0,305.0,500.0
1213,1213.0,1571.0,500.0,833.0,500.0,305.0,500.0
1214,1214.0,1578.0,500.0,826.0,500.0,305.0,500.0
1215,1215.0,1585.0,500.0,817.0,500.0,305.0,500.0
1216,1216.0,1592.0,500.0,802.0,500.0,305.0,500.0
1217,1217.0,1599.0,500.0,787.0,500.0,305.0,500.0
1218,1218.0,1606.0,500.0,777.0,500.0,305.0,500.0
1219,1219.0,1613.0,500.0,767.0,500.0,305.0,500.0
1220,1220.0,1619.0,500.0,755.0,500.0,305.0,500.0
1221,1221.0,1625.0,500.0,745.0,500.0,305.0,500.0
1222,1222.0,1631.0,500.0,731.0,500.0,305.0,500.0
1223,1223.0,1637.0,500.0,714.0,500.0,304.0,500.0
1224,1224.0,1643.0,500.0,692.0,500.0,304.0,500.0
1225,1225.0,1649.0,500.0,676.0,500.0,304.0,500.0
1226,1226.0,1655.0,500.0,663.0,500.0,304.0,500.0
1227,1227.0,1661.0,500.0,646.0,500.0,304.0,500.0
1228,1228.0,1667.0,500.0,634.0,500.0,304.0,500.0
1229,1229.0,1673.0,500.0,614.0,500.0,304.0,500.0
1230,1230.0,1679.0,500.0,592.0,500.0,304.0,500.0
1231,1231.0,1685.0,500.0,573.0,500.0,304.0,500.0
1232,1232.0,1691.0,500.0,549.0,500.0,304.0,500.0
1233,1233.0,1697.0,500.0,525.0,500.0,304.0,500.0
1234,1234.0,1703.0,500.0,515.0,500.0,304.0,500.0
1235,1235.0,1709.0,500.0,500.0,500.0,304.0,500.0
1236,1236.0,1714.0,500.0,486.0,500.0,304.0,500.0
1237,1237.0,1717.0,500.0,468.0,500.0,304.0,500.0
1238,1238.0,1716.0,500.0,454.0,500.0,304.0,500.0
1239,1239.0,1719.0,500.0,438.0,500.0,304.0,500.0
1240,1240.0,1713.0,500.0,421.0,500.0,304.0,500.0
1241,1241.0,1710.0,500.0,407.0,500.0,304.0,500.0
1242,1242.0,1700.0,500.0,395.0,500.0,304.0,500.0
1243,1243.0,1688.0,500.0,383.0,500.0,304.0,500.0
1244,1244.0,1670.0,500.0,371.0,500.0,304.0,500.0
1245,1245.0,1648.0,500.0,362.0,500.0,304.0,500.0
1246,1246.0,1621.0,500.0,353.0,500.0,304.0,500.0
1247,1247.0,1601.0,500.0,341.0,500.0,304.0,500.0
1248,1248.0,1551.0,500.0,336.0,500.0,304.0,500.0
1249,1249.0,1494.0,500.0,329.0,500.0,304.0,500.0
1250,1250.0,1453.0,500.0,324.0,500.0,304.0,500.0
1251,1251.0,1395.0,500.0,319.0,500.0,304.0,500.0
1252,1252.0,1338.0,500.0,316.0,500.0,304.0,500.0
1253,1253.0,1300.0,500.0,305.0,500.0,304.0,500.0
1254,1254.0,1255.0,500.0,297.0,500.0,304.0,500.0
1255,1255.0,1208.0,500.0,291.0,500.0,304.0,500.0
1256,1256.0,1162.0,500.0,288.0,500.0,304.0,500.0
1257,1257.0,1118.0,500.0,283.0,500.0,304.0,500.0
1258,1258.0,1084.0,500.0,276.0,500.0,304.0,500.0
1259,1259.0,1051.0,500.0,271.0,500.0,304.0,500.0
1260,1260.0,1016.0,500.0,266.0,500.0,304.0,500.0
1261,1261.0,977.0,500.0,262.0,500.0,304.0,500.0
1262,1262.0,949.0,500.0,260.0,500.0,303.0,500.0
1263,1263.0,931.0,500.0,257.0,500.0,303.0,500.0
1264,1264.0,915.0,500.0,255.0,500.0,303.0,500.0
1265,1265.0,899.0,500.0,252.0,500.0,303.0,500.0
1266,1266.0,882.0,500.0,248.0,500.0,303.0,500.0
1267,1267.0,869.0,500.0,242.0,500.0,303.0,500.0
1268,1268.0,857.0,500.0,239.0,500.0,303.0,500.0
1269,1269.0,848.0,500.0,238.0,500.0,303.0,500.0
1270,1270.0,837.0,500.0,234.0,500.0,303.0,500.0
1271,1271.0,831.0,500.0,230.0,500.0,303.0,500.0
1272,1272.0,827.0,500.0,228.0,500.0,303.0,500.0
1273,1273.0,824.0,500.0,224.0,500.0,303.0,500.0
1274,1274.0,816.0,500.0,221.0,500.0,303.0,500.0
1275,1275.0,811.0,500.0,219.0,500.0,303.0,500.0
1276,1276.0,805.0,500.0,218.0,500.0,302.0,500.0
1277,1277.0,794.0,500.0,216.0,500.0,302.0,500.0
1278,1278.0,790.0,500.0,215.0,500.0,302.0,500.0
1279,1279.0,782.0,500.0,213.0,500.0,302.0,500.0
1280,1280.0,776.0,500.0,211.0,500.0,302.0,500.0
1281,1281.0,772.0,500.0,208.0,500.0,302.0,500.0
1282,1282.0,764.0,500.0,207.0,500.0,301.0,500.0
1283,1283.0,754.0,500.0,204.0,500.0,300.0,500.0
1284,1284.0,743.0,500.0,203.0,500.0,300.0,500.0
1285,1285.0,737.0,500.0,201.0,500.0,300.0,500.0
1286,1286.0,730.0,500.0,200.0,500.0,300.0,500.0
1287,1287.0,725.0,500.0,198.0,500.0,299.0,500.0
1288,1288.0,714.0,500.0,198.0,500.0,298.0,500.0
1289,1289.0,711.0,500.0,198.0,500.0,298.0,500.0
1290,1290.0,701.0,500.0,198.0,500.0,298.0,500.0
1291,1291.0,692.0,500.0,198.0,500.0,297.0,500.0
1292,1292.0,680.0,500.0,198.0,500.0,297.0,500.0
1293,1293.0,672.0,500.0,198.0,500.0,297.0,500.0
1294,1294.0,662.0,500.0,198.0,500.0,297.0,500.0
1295,1295.0,653.0,500.0,198.0,500.0,297.0,500.0
1296,1296.0,638.0,500.0,198.0,500.0,297.0,500.0
1297,1297.0,622.0,500.0,196.0,500.0,297.0,500.0
1298,1298.0,613.0,500.0,196.0,500.0,297.0,500.0
1299,1299.0,599.0,500.0,196.0,500.0,297.0,500.0
1300,1300.0,588.0,500.0,196.0,500.0,297.0,500.0
1301,1301.0,571.0,500.0,196.0,500.0,296.0,500.0
1302,1302.0,562.0,500.0,195.0,500.0,296.0,500.0
1303,1303.0,556.0,500.0,195.0,500.0,296.0,500.0
1304,1304.0,548.0,500.0,195.0,500.0,295.0,500.0
1305,1305.0,543.0,500.0,195.0,500.0,295.0,500.0
1306,1306.0,530.0,500.0,195.0,500.0,295.0,500.0
1307,1307.0,519.0,500.0,195.0,500.0,293.0,500.0
1308,1308.0,504.0,500.0,195.0,500.0,293.0,500.0
1309,1309.0,490.0,500.0,194.0,500.0,292.0,500.0
1310,1310.0,478.0,500.0,194.0,500.0,292.0,500.0
1311,1311.0,470.0,500.0,194.0,500.0,292.0,500.0
1312,1312.0,455.0,500.0,194.0,500.0,291.0,500.0
1313,1313.0,448.0,500.0,194.0,500.0,290.0,500.0
1314,1314.0,433.0,500.0,194.0,500.0,290.0,500.0
1315,1315.0,418.0,500.0,194.0,500.0,290.0,500.0
1316,1316.0,408.0,500.0,194.0,500.0,290.0,500.0
1317,1317.0,398.0,500.0,194.0,500.0,290.0,500.0
1318,1318.0,390.0,500.0,194.0,500.0,290.0,500.0
1319,1319.0,382.0,500.0,194.0,500.0,288.0,500.0
1320,1320.0,375.0,500.0,194.0,500.0,288.0,500.0
1321,1321.0,362.0,500.0,194.0,500.0,283.0,500.0
1322,1322.0,352.0,500.0,194.0,500.0,282.0,500.0
1323,1323.0,347.0,500.0,194.0,500.0,282.0,500.0
1324,1324.0,344.0,500.0,194.0,500.0,281.0,500.0
1325,1325.0,339.0,500.0,194.0,500.0,280.0,500.0
1326,1326.0,327.0,500.0,194.0,500.0,280.0,500.0
1327,1327.0,320.0,500.0,194.0,500.0,280.0,500.0
1328,1328.0,316.0,500.0,194.0,500.0,280.0,500.0
1329,1329.0,311.0,500.0,194.0,500.0,279.0,500.0
1330,1330.0,310.0,500.0,194.0,500.0,279.0,500.0
1331,1331.0,306.0,500.0,194.0,500.0,279.0,500.0
1332,1332.0,303.0,500.0,194.0,500.0,279.0,500.0
1333,1333.0,299.0,500.0,194.0,500.0,279.0,500.0
1334,1334.0,296.0,500.0,194.0,500.0,279.0,500.0
1335,1335.0,295.0,500.0,194.0,500.0,277.0,500.0
1336,1336.0,291.0,500.0,194.0,500.0,276.0,500.0
1337,1337.0,284.0,500.0,194.0,500.0,276.0,500.0
1338,1338.0,281.0,500.0,194.0,500.0,276.0,500.0
1339,1339.0,276.0,500.0,194.0,500.0,274.0,500.0
1340,1340.0,272.0,500.0,194.0,500.0,274.0,500.0
1341,1341.0,270.0,500.0,194.0,500.0,272.0,500.0
1342,1342.0,266.0,500.0,194.0,500.0,271.0,500.0
1343,1343.0,259.0,500.0,194.0,500.0,271.0,500.0
1344,1344.0,258.0,500.0,194.0,500.0,271.0,500.0
1345,1345.0,256.0,500.0,194.0,500.0,270.0,500.0
1346,1346.0,255.0,500.0,194.0,500.0,270.0,500.0
1347,1347.0,249.0,500.0,194.0,500.0,270.0,500.0
1348,1348.0,249.0,500.0,194.0,500.0,268.0,500.0
1349,1349.0,247.0,500.0,194.0,500.0,266.0,500.0
1350,1350.0,244.0,500.0,194.0,500.0,265.0,500.0
1351,1351.0,241.0,500.0,194.0,500.0,265.0,500.0
1352,1352.0,237.0,500.0,194.0,500.0,265.0,500.0
1353,1353.0,237.0,500.0,194.0,500.0,265.0,500.0
1354,1354.0,235.0,500.0,194.0,500.0,264.0,500.0
1355,1355.0,234.0,500.0,194.0,500.0,264.0,500.0
1356,1356.0,230.0,500.0,194.0,500.0,264.0,500.0
1357,1357.0,229.0,500.0,194.0,500.0,262.0,500.0
1358,1358.0,227.0,500.0,194.0,500.0,262.0,500.0
1359,1359.0,225.0,500.0,194.0,500.0,261.0,500.0
1360,1360.0,225.0,500.0,194.0,500.0,261.0,500.0
1361,1361.0,223.0,500.0,194.0,500.0,261.0,500.0
1362,1362.0,223.0,500.0,194.0,500.0,261.0,500.0
1363,1363.0,223.0,500.0,194.0,500.0,261.0,500.0
1364,1364.0,223.0,500.0,194.0,500.0,260.0,500.0
1365,1365.0,221.0,500.0,194.0,500.0,259.0,500.0
1366,1366.0,220.0,500.0,194.0,500.0,259.0,500.0
1367,1367.0,220.0,500.0,194.0,500.0,259.0,500.0
1368,1368.0,220.0,500.0,194.0,500.0,258.0,500.0
1369,1369.0,219.0,500.0,194.0,500.0,257.0,500.0
1370,1370.0,219.0,500.0,194.0,500.0,256.0,500.0
1371,1371.0,218.0,500.0,194.0,500.0,254.0,500.0
1372,1372.0,217.0,500.0,194.0,500.0,254.0,500.0
1373,1373.0,216.0,500.0,194.0,500.0,253.0,500.0
1374,1374.0,216.0,500.0,194.0,500.0,252.0,500.0
1375,1375.0,214.0,500.0,194.0,500.0,252.0,500.0
1376,1376.0,214.0,500.0,194.0,500.0,252.0,500.0
1377,1377.0,214.0,500.0,194.0,500.0,252.0,500.0
1378,1378.0,214.0,500.0,194.0,500.0,252.0,500.0
1379,1379.0,214.0,500.0,194.0,500.0,252.0,500.0
1380,1380.0,213.0,500.0,194.0,500.0,252.0,500.0
1381,1381.0,213.0,500.0,194.0,500.0,252.0,500.0
1382,1382.0,213.0,500.0,194.0,500.0,250.0,500.0
1383,1383.0,213.0,500.0,194.0,500.0,250.0,500.0
1384,1384.0,213.0,500.0,194.0,500.0,250.0,500.0
1385,1385.0,213.0,500.0,194.0,500.0,250.0,500.0
1386,1386.0,213.0,500.0,194.0,500.0,250.0,500.0
1387,1387.0,213.0,500.0,194.0,500.0,250.0,500.0
1388,1388.0,213.0,500.0,194.0,500.0,250.0,500.0
1389,1389.0,213.0,500.0,194.0,500.0,250.0,500.0
1390,1390.0,213.0,500.0,194.0,500.0,250.0,500.0
1391,1391.0,212.0,500.0,194.0,500.0,250.0,500.0
1392,1392.0,212.0,500.0,194.0,500.0,250.0,500.0
1393,1393.0,211.0,500.0,194.0,500.0,248.0,500.0
1394,1394.0,211.0,500.0,194.0,500.0,248.0,500.0
1395,1395.0,211.0,500.0,194.0,500.0,247.0,500.0
1396,1396.0,211.0,500.0,194.0,500.0,247.0,500.0
1397,1397.0,211.0,500.0,194.0,500.0,247.0,500.0
1398,1398.0,211.0,500.0,194.0,500.0,247.0,500.0
1399,1399.0,211.0,500.0,194.0,500.0,247.0,500.0
1400,1400.0,210.0,500.0,194.0,500.0,247.0,500.0
1401,1401.0,210.0,500.0,194.0,500.0,247.0,500.0
1402,1402.0,210.0,500.0,194.0,500.0,247.0,500.0
1403,1403.0,209.0,500.0,194.0,500.0,247.0,500.0
1404,1404.0,207.0,500.0,193.0,500.0,247.0,500.0
1405,1405.0,206.0,500.0,193.0,500.0,247.0,500.0
1406,1406.0,205.0,500.0,192.0,500.0,247.0,500.0
1407,1407.0,204.0,500.0,191.0,500.0,247.0,500.0
1408,1408.0,201.0,500.0,190.0,500.0,247.0,500.0
1409,1409.0,200.0,500.0,190.0,500.0,247.0,500.0
1410,1410.0,199.0,500.0,189.0,500.0,247.0,500.0
1411,1411.0,198.0,500.0,188.0,500.0,245.0,500.0
1412,1412.0,197.0,500.0,186.0,500.0,245.0,500.0
1413,1413.0,196.0,500.0,185.0,500.0,245.0,500.0
1414,1414.0,195.0,500.0,182.0,500.0,243.0,500.0
1415,1415.0,195.0,500.0,181.0,500.0,242.0,500.0
1416,1416.0,195.0,500.0,179.0,500.0,240.0,500.0
1417,1417.0,195.0,500.0,177.0,500.0,238.0,500.0
1418,1418.0,195.0,500.0,177.0,500.0,234.0,500.0
1419,1419.0,195.0,500.0,175.0,500.0,229.0,500.0
1420,1420.0,194.0,500.0,170.0,500.0,225.0,500.0
1421,1421.0,193.0,500.0,168.0,500.0,222.0,500.0
1422,1422.0,193.0,500.0,164.0,500.0,218.0,500.0
1423,1423.0,193.0,500.0,162.0,500.0,214.0,500.0
1424,1424.0,193.0,500.0,160.0,500.0,210.0,500.0
1425,1425.0,193.0,500.0,156.0,500.0,206.0,500.0
1426,1426.0,193.0,500.0,154.0,500.0,200.0,500.0
1427,1427.0,193.0,500.0,153.0,500.0,192.0,500.0
1428,1428.0,193.0,500.0,153.0,500.0,183.0,500.0
1429,1429.0,193.0,500.0,153.0,500.0,178.0,500.0
1430,1430.0,193.0,500.0,150.0,500.0,171.0,500.0
1431,1431.0,193.0,500.0,151.0,500.0,162.0,500.0
1432,1432.0,193.0,500.0,151.0,500.0,157.0,500.0
1433,1433.0,193.0,500.0,150.0,500.0,150.0,500.0
1434,1434.0,193.0,500.0,150.0,500.0,145.0,500.0
1435,1435.0,193.0,500.0,152.0,500.0,137.0,500.0
1436,1436.0,193.0,500.0,152.0,500.0,130.0,500.0
1437,1437.0,192.0,500.0,152.0,500.0,124.0,500.0
1438,1438.0,190.0,500.0,152.0,500.0,117.0,500.0
1439,1439.0,188.0,500.0,154.0,500.0,111.0,500.0
1440,1440.0,184.0,500.0,155.0,500.0,106.0,500.0
1441,1441.0,181.0,500.0,157.0,500.0,101.0,500.0
1442,1442.0,178.0,500.0,157.0,500.0,96.0,500.0
1443,1443.0,176.0,500.0,157.0,500.0,90.0,520.0
1444,1444.0,173.0,500.0,156.0,500.0,84.0,570.0
1445,1445.0,169.0,500.0,158.0,500.0,78.0,650.0
1446,1446.0,165.0,500.0,159.0,500.0,72.0,760.0
1447,1447.0,162.0,500.0,161.0,500.0,68.0,900.0
1448,1448.0,160.0,500.0,164.0,500.0,64.0,1060.0
1449,1449.0,158.0,500.0,167.0,500.0,57.0,1240.0
1450,1450.0,155.0,500.0,171.0,500.0,49.0,1455.0
1451,1451.0,152.0,500.0,177.0,500.0,44.0,1710.0
1452,1452.0,149.0,500.0,182.0,500.0,37.0,1990.0
1453,1453.0,147.0,500.0,187.0,500.0,33.0,2305.0
1454,1454.0,144.0,500.0,188.0,500.0,28.0,2640.0
1455,1455.0,141.0,500.0,193.0,500.0,23.0,3000.0
1456,1456.0,137.0,500.0,196.0,500.0,19.0,3385.0
1457,1457.0,136.0,500.0,199.0,500.0,15.0,3790.0
1458,1458.0,134.0,500.0,205.0,500.0,11.0,4215.0
1459,1459.0,133.0,500.0,209.0,500.0,8.0,4660.0
1460,1460.0,133.0,500.0,212.0,500.0,6.0,5120.0
1461,1461.0,132.0,500.0,217.0,500.0,5.0,5590.0
1462,1462.0,131.0,500.0,220.0,500.0,4.0,6065.0
1463,1463.0,130.0,500.0,222.0,500.0,2.0,6545.0
1464,1464.0,130.0,500.0,224.0,500.0,1.0,7035.0
1465,1465.0,130.0,500.0,228.0,500.0,1.0,7530.0
1466,1466.0,130.0,500.0,230.0,500.0,0.0,8025.0
1467,1467.0,130.0,500.0,233.0,500.0,0.0,8525.0
1468,1468.0,129.0,500.0,238.0,500.0,0.0,9025.0
1469,1469.0,129.0,500.0,242.0,500.0,0.0,9525.0
1470,1470.0,129.0,500.0,244.0,500.0,0.0,10025.0
1471,1471.0,129.0,500.0,247.0,500.0,0.0,10525.0
1472,1472.0,127.0,500.0,249.0,500.0,0.0,11025.0
1473,1473.0,127.0,500.0,249.0,500.0,0.0,11525.0
1474,1474.0,127.0,500.0,251.0,500.0,0.0,12025.0
1475,1475.0,127.0,500.0,255.0,500.0,0.0,12525.0
1476,1476.0,128.0,500.0,257.0,500.0,0.0,13025.0
1477,1477.0,128.0,500.0,260.0,500.0,0.0,13525.0
1478,1478.0,129.0,500.0,263.0,500.0,0.0,14025.0
1479,1479.0,130.0,500.0,268.0,500.0,0.0,14525.0
1480,1480.0,131.0,500.0,271.0,500.0,0.0,15025.0
1481,1481.0,132.0,500.0,274.0,500.0,0.0,15525.0
1482,1482.0,133.0,500.0,275.0,500.0,0.0,16025.0
1483,1483.0,135.0,500.0,275.0,500.0,0.0,16525.0
1484,1484.0,137.0,500.0,274.0,500.0,0.0,17025.0
1485,1485.0,138.0,500.0,273.0,500.0,0.0,17525.0
1486,1486.0,141.0,500.0,275.0,500.0,0.0,18025.0
1487,1487.0,143.0,500.0,274.0,500.0,0.0,18525.0
1488,1488.0,146.0,500.0,275.0,500.0,0.0,19025.0
1489,1489.0,150.0,500.0,275.0,500.0,0.0,19525.0
1490,1490.0,154.0,500.0,276.0,500.0,0.0,20025.0
1491,1491.0,159.0,500.0,276.0,500.0,0.0,20525.0
1492,1492.0,163.0,500.0,277.0,500.0,0.0,21025.0
1493,1493.0,169.0,500.0,277.0,500.0,0.0,21525.0
1494,1494.0,174.0,500.0,276.0,500.0,0.0,22025.0
1495,1495.0,180.0,500.0,276.0,500.0,0.0,22525.0
1496,1496.0,185.0,500.0,275.0,500.0,0.0,23025.0
1497,1497.0,190.0,500.0,274.0,500.0,0.0,23525.0
1498,1498.0,197.0,500.0,273.0,500.0,0.0,24025.0
1499,1499.0,203.0,500.0,272.0,500.0,0.0,24525.0
1500,1500.0,209.0,500.0,271.0,500.0,0.0,25025.0
1501,1501.0,216.0,500.0,270.0,500.0,0.0,25525.0
1502,1502.0,221.0,500.0,269.0,500.0,0.0,26025.0
1503,1503.0,227.0,500.0,268.0,500.0,0.0,26525.0
1504,1504.0,233.0,500.0,267.0,500.0,0.0,27025.0
1505,1505.0,240.0,500.0,267.0,500.0,0.0,27525.0
1506,1506.0,247.0,500.0,267.0,500.0,0.0,28025.0
1507,1507.0,255.0,500.0,267.0,500.0,0.0,28525.0
1508,1508.0,263.0,500.0,267.0,500.0,0.0,29025.0
1509,1509.0,270.0,500.0,267.0,500.0,0.0,29525.0
1510,1510.0,275.0,500.0,267.0,500.0,0.0,30025.0
1511,1511.0,282.0,500.0,267.0,500.0,0.0,30525.0
1512,1512.0,288.0,500.0,267.0,500.0,0.0,31025.0
1513,1513.0,295.0,500.0,267.0,500.0,0.0,31525.0
1514,1514.0,300.0,500.0,267.0,500.0,0.0,32025.0
1515,1515.0,303.0,500.0,267.0,500.0,0.0,32525.0
1516,1516.0,309.0,500.0,267.0,500.0,0.0,33025.0
1517,1517.0,315.0,500.0,267.0,500.0,0.0,33525.0
1518,1518.0,320.0,500.0,267.0,500.0,0.0,34025.0
1519,1519.0,324.0,500.0,267.0,500.0,0.0,34525.0
1520,1520.0,329.0,500.0,267.0,500.0,0.0,35025.0
1521,1521.0,334.0,500.0,267.0,500.0,0.0,35525.0
1522,1522.0,337.0,500.0,267.0,500.0,0.0,36025.0
1523,1523.0,341.0,500.0,267.0,500.0,0.0,36525.0
1524,1524.0,345.0,500.0,267.0,500.0,0.0,37025.0
1525,1525.0,348.0,500.0,267.0,500.0,0.0,37525.0
1526,1526.0,350.0,500.0,267.0,500.0,0.0,38025.0
1527,1527.0,352.0,500.0,267.0,500.0,0.0,38525.0
1528,1528.0,356.0,500.0,267.0,500.0,0.0,39025.0
1529,1529.0,359.0,500.0,267.0,500.0,0.0,39525.0
1530,1530.0,363.0,500.0,267.0,500.0,0.0,40025.0
1531,1531.0,364.0,500.0,267.0,500.0,0.0,40525.0
1532,1532.0,367.0,500.0,267.0,500.0,0.0,41025.0
1533,1533.0,371.0,500.0,267.0,500.0,0.0,41525.0
1534,1534.0,370.0,500.0,267.0,500.0,0.0,42025.0
1535,1535.0,370.0,500.0,267.0,500.0,0.0,42525.0
1536,1536.0,368.0,500.0,267.0,500.0,0.0,43025.0
1537,1537.0,366.0,500.0,267.0,500.0,0.0,43525.0
1538,1538.0,366.0,500.0,267.0,500.0,0.0,44025.0
1539,1539.0,366.0,500.0,267.0,500.0,0.0,44525.0
1540,1540.0,366.0,500.0,267.0,500.0,0.0,45025.0
1541,1541.0,366.0,500.0,267.0,500.0,0.0,45525.0
1542,1542.0,367.0,500.0,267.0,500.0,0.0,46025.0
1543,1543.0,367.0,500.0,267.0,500.0,0.0,46525.0
1544,1544.0,366.0,500.0,267.0,500.0,0.0,47025.0
1545,1545.0,363.0,500.0,267.0,500.0,0.0,47525.0
1546,1546.0,359.0,500.0,267.0,500.0,0.0,48025.0
1547,1547.0,357.0,500.0,267.0,500.0,0.0,48525.0
1548,1548.0,356.0,500.0,267.0,500.0,0.0,49025.0
1549,1549.0,355.0,500.0,267.0,500.0,0.0,49525.0
1550,1550.0,353.0,500.0,267.0,500.0,0.0,50025.0
1551,1551.0,351.0,500.0,267.0,500.0,0.0,50525.0
1552,1552.0,347.0,500.0,267.0,500.0,0.0,51025.0
1553,1553.0,347.0,500.0,267.0,500.0,0.0,51525.0
1554,1554.0,345.0,500.0,267.0,500.0,0.0,52025.0
1555,1555.0,343.0,500.0,267.0,500.0,0.0,52525.0
1556,1556.0,340.0,500.0,267.0,500.0,0.0,53025.0
1557,1557.0,337.0,500.0,267.0,500.0,0.0,53525.0
1558,1558.0,335.0,500.0,267.0,500.0,0.0,54025.0
1559,1559.0,333.0,500.0,267.0,500.0,0.0,54525.0
1560,1560.0,330.0,500.0,267.0,500.0,0.0,55025.0
1561,1561.0,328.0,500.0,267.0,500.0,0.0,55525.0
1562,1562.0,325.0,500.0,267.0,500.0,0.0,56025.0
1563,1563.0,321.0,500.0,267.0,500.0,0.0,56525.0
1564,1564.0,318.0,500.0,267.0,500.0,0.0,57025.0
1565,1565.0,316.0,500.0,267.0,500.0,0.0,57525.0
1566,1566.0,313.0,500.0,267.0,500.0,0.0,58025.0
1567,1567.0,310.0,500.0,267.0,500.0,0.0,58525.0
1568,1568.0,307.0,500.0,267.0,500.0,0.0,59025.0
1569,1569.0,305.0,500.0,267.0,500.0,0.0,59525.0
1570,1570.0,304.0,500.0,267.0,500.0,0.0,60025.0
1571,1571.0,302.0,500.0,267.0,500.0,0.0,60525.0
1572,1572.0,300.0,500.0,267.0,500.0,0.0,61025.0
1573,1573.0,299.0,500.0,267.0,500.0,0.0,61525.0
1574,1574.0,298.0,500.0,267.0,500.0,0.0,62025.0
1575,1575.0,298.0,500.0,267.0,500.0,0.0,62525.0
1576,1576.0,298.0,500.0,267.0,500.0,0.0,63025.0
1577,1577.0,298.0,500.0,267.0,500.0,0.0,63525.0
1578,1578.0,298.0,500.0,267.0,500.0,0.0,64025.0
1579,1579.0,298.0,500.0,267.0,500.0,0.0,64525.0
1580,1580.0,298.0,500.0,267.0,500.0,0.0,65025.0
1581,1581.0,298.0,500.0,267.0,500.0,0.0,65525.0
1582,1582.0,298.0,500.0,267.0,500.0,0.0,66025.0
1583,1583.0,298.0,500.0,267.0,500.0,0.0,66525.0
1584,1584.0,298.0,500.0,267.0,500.0,0.0,67025.0
1585,1585.0,298.0,500.0,267.0,500.0,0.0,67525.0
1586,1586.0,298.0,500.0,267.0,500.0,0.0,68025.0
1587,1587.0,298.0,500.0,267.0,500.0,0.0,68525.0
1588,1588.0,298.0,500.0,267.0,500.0,0.0,69025.0
1589,1589.0,298.0,500.0,267.0,500.0,0.0,69525.0
1590,1590.0,298.0,500.0,267.0,500.0,0.0,70025.0
1591,1591.0,298.0,500.0,267.0,500.0,0.0,70525.0
1592,1592.0,298.0,500.0,267.0,500.0,0.0,71025.0
1593,1593.0,298.0,500.0,267.0,500.0,0.0,71525.0
1594,1594.0,298.0,500.0,267.0,500.0,0.0,72025.0
1595,1595.0,298.0,500.0,267.0,500.0,0.0,72525.0
1596,1596.0,298.0,500.0,267.0,500.0,0.0,73025.0
1597,1597.0,298.0,500.0,267.0,500.0,0.0,73525.0
1598,1598.0,298.0,500.0,267.0,500.0,0.0,74025.0
1599,1599.0,298.0,500.0,267.0,500.0,0.0,74525.0
1600,1600.0,298.0,500.0,267.0,500.0,0.0,75025.0
1601,1601.0,298.0,500.0,267.0,500.0,0.0,75525.0
1602,1602.0,298.0,500.0,267.0,500.0,0.0,76025.0
1603,1603.0,298.0,500.0,267.0,500.0,0.0,76525.0
1604,1604.0,297.0,500.0,267.0,500.0,0.0,77025.0
1605,1605.0,297.0,500.0,267.0,500.0,0.0,77525.0
1606,1606.0,297.0,500.0,267.0,500.0,0.0,78025.0
1607,1607.0,297.0,500.0,267.0,500.0,0.0,78525.0
1608,1608.0,297.0,500.0,267.0,500.0,0.0,79025.0
1609,1609.0,297.0,500.0,267.0,500.0,0.0,79525.0
1610,1610.0,297.0,500.0,267.0,500.0,0.0,80025.0
1611,1611.0,297.0,500.0,267.0,500.0,0.0,80525.0
1612,1612.0,297.0,500.0,267.0,500.0,0.0,81025.0
1613,1613.0,297.0,500.0,267.0,500.0,0.0,81525.0
1614,1614.0,297.0,500.0,267.0,500.0,0.0,82025.0
1615,1615.0,297.0,500.0,267.0,500.0,0.0,82525.0
1616,1616.0,296.0,500.0,267.0,500.0,0.0,83025.0
1617,1617.0,296.0,500.0,267.0,500.0,0.0,83525.0
1618,1618.0,296.0,500.0,267.0,500.0,0.0,84025.0
1619,1619.0,295.0,500.0,267.0,500.0,0.0,84525.0
1620,1620.0,295.0,500.0,267.0,500.0,0.0,85025.0
1621,1621.0,295.0,500.0,267.0,500.0,0.0,85525.0
1622,1622.0,295.0,500.0,267.0,500.0,0.0,86025.0
1623,1623.0,295.0,500.0,267.0,500.0,0.0,86525.0
1624,1624.0,295.0,500.0,267.0,500.0,0.0,87025.0
1625,1625.0,294.0,500.0,267.0,500.0,0.0,87525.0
1626,1626.0,293.0,500.0,267.0,500.0,0.0,88025.0
1627,1627.0,293.0,500.0,267.0,500.0,0.0,88525.0
1628,1628.0,293.0,500.0,267.0,500.0,0.0,89025.0
1629,1629.0,293.0,500.0,267.0,500.0,0.0,89525.0
1630,1630.0,292.0,500.0,267.0,500.0,0.0,90025.0
1631,1631.0,292.0,500.0,267.0,500.0,0.0,90525.0
1632,1632.0,292.0,500.0,267.0,500.0,0.0,91025.0
1633,1633.0,292.0,500.0,267.0,500.0,0.0,91525.0
1634,1634.0,292.0,500.0,267.0,500.0,0.0,92025.0
1635,1635.0,292.0,500.0,267.0,500.0,0.0,92525.0
1636,1636.0,292.0,500.0,267.0,500.0,0.0,93025.0
1637,1637.0,292.0,500.0,267.0,500.0,0.0,93525.0
1638,1638.0,291.0,500.0,267.0,500.0,0.0,94025.0
1639,1639.0,290.0,500.0,267.0,500.0,0.0,94525.0
1640,1640.0,290.0,500.0,266.0,500.0,0.0,95025.0
1641,1641.0,289.0,500.0,266.0,500.0,0.0,95525.0
1642,1642.0,289.0,500.0,266.0,500.0,0.0,96025.0
1643,1643.0,289.0,500.0,266.0,500.0,0.0,96525.0
1644,1644.0,289.0,500.0,266.0,500.0,0.0,97025.0
1645,1645.0,289.0,500.0,266.0,500.0,0.0,97525.0
1646,1646.0,289.0,500.0,265.0,500.0,0.0,98025.0
1647,1647.0,289.0,500.0,265.0,500.0,0.0,98525.0
1648,1648.0,289.0,500.0,265.0,500.0,0.0,99025.0
1649,1649.0,288.0,500.0,265.0,500.0,0.0,99525.0
1650,1650.0,288.0,500.0,265.0,500.0,0.0,100025.0
1651,1651.0,287.0,500.0,265.0,500.0,0.0,100525.0
1652,1652.0,287.0,500.0,265.0,500.0,0.0,101025.0
1653,1653.0,287.0,500.0,265.0,500.0,0.0,101525.0
1654,1654.0,287.0,500.0,264.0,500.0,0.0,102025.0
1655,1655.0,286.0,500.0,264.0,500.0,0.0,102525.0
1656,1656.0,285.0,500.0,264.0,500.0,0.0,103025.0
1657,1657.0,285.0,500.0,264.0,500.0,0.0,103525.0
1658,1658.0,284.0,500.0,264.0,500.0,0.0,104025.0
1659,1659.0,282.0,500.0,264.0,500.0,0.0,104525.0
1660,1660.0,281.0,500.0,263.0,500.0,0.0,105025.0
1661,1661.0,281.0,500.0,263.0,500.0,0.0,105525.0
1662,1662.0,281.0,500.0,263.0,500.0,0.0,106025.0
1663,1663.0,280.0,500.0,263.0,500.0,0.0,106525.0
1664,1664.0,280.0,500.0,263.0,500.0,0.0,107025.0
1665,1665.0,279.0,500.0,263.0,500.0,0.0,107525.0
1666,1666.0,279.0,500.0,263.0,500.0,0.0,108025.0
1667,1667.0,279.0,500.0,263.0,500.0,0.0,108525.0
1668,1668.0,278.0,500.0,263.0,500.0,0.0,109025.0
1669,1669.0,277.0,500.0,263.0,500.0,0.0,109525.0
1670,1670.0,277.0,500.0,263.0,500.0,0.0,110025.0
1671,1671.0,277.0,500.0,263.0,500.0,0.0,110525.0
1672,1672.0,277.0,500.0,263.0,500.0,0.0,111025.0
1673,1673.0,276.0,500.0,263.0,500.0,0.0,111525.0
1674,1674.0,276.0,500.0,263.0,500.0,0.0,112025.0
1675,1675.0,276.0,500.0,263.0,500.0,0.0,112525.0
1676,1676.0,276.0,500.0,262.0,500.0,0.0,113025.0
1677,1677.0,276.0,500.0,262.0,500.0,0.0,113525.0
1678,1678.0,276.0,500.0,261.0,500.0,0.0,114025.0
1679,1679.0,276.0,500.0,261.0,500.0,0.0,114525.0
1680,1680.0,276.0,500.0,261.0,500.0,0.0,115025.0
1681,1681.0,276.0,500.0,261.0,500.0,0.0,115525.0
1682,1682.0,276.0,500.0,261.0,500.0,0.0,116025.0
1683,1683.0,274.0,500.0,261.0,500.0,0.0,116525.0
1684,1684.0,274.0,500.0,261.0,500.0,0.0,117025.0
1685,1685.0,274.0,500.0,261.0,500.0,0.0,117525.0
1686,1686.0,274.0,500.0,260.0,500.0,0.0,118025.0
1687,1687.0,274.0,500.0,260.0,500.0,0.0,118525.0
1688,1688.0,274.0,500.0,260.0,500.0,0.0,119025.0
1689,1689.0,272.0,500.0,260.0,500.0,0.0,119525.0
1690,1690.0,272.0,500.0,260.0,500.0,0.0,120025.0
1691,1691.0,272.0,500.0,260.0,500.0,0.0,120525.0
1692,1692.0,271.0,500.0,260.0,500.0,0.0,121025.0
1693,1693.0,271.0,500.0,260.0,500.0,0.0,121525.0
1694,1694.0,271.0,500.0,260.0,500.0,0.0,122025.0
1695,1695.0,270.0,500.0,260.0,500.0,0.0,122525.0
1696,1696.0,270.0,500.0,260.0,500.0,0.0,123025.0
1697,1697.0,270.0,500.0,260.0,500.0,0.0,123525.0
1698,1698.0,269.0,500.0,260.0,500.0,0.0,124025.0
1699,1699.0,268.0,500.0,260.0,500.0,0.0,124525.0
1700,1700.0,267.0,500.0,260.0,500.0,0.0,125025.0
1701,1701.0,267.0,500.0,260.0,500.0,0.0,125525.0
1702,1702.0,267.0,500.0,260.0,500.0,0.0,126025.0
1703,1703.0,264.0,500.0,260.0,500.0,0.0,126525.0
1704,1704.0,264.0,500.0,260.0,500.0,0.0,127025.0
1705,1705.0,263.0,500.0,260.0,500.0,0.0,127525.0
1706,1706.0,261.0,500.0,260.0,500.0,0.0,128025.0
1707,1707.0,258.0,500.0,260.0,500.0,0.0,128525.0
1708,1708.0,258.0,500.0,260.0,500.0,0.0,129025.0
1709,1709.0,258.0,500.0,260.0,500.0,0.0,129525.0
1710,1710.0,257.0,500.0,260.0,500.0,0.0,130025.0
1711,1711.0,256.0,500.0,260.0,500.0,0.0,130525.0
1712,1712.0,256.0,500.0,259.0,500.0,0.0,131025.0
1713,1713.0,255.0,500.0,259.0,500.0,0.0,131525.0
1714,1714.0,255.0,500.0,259.0,500.0,0.0,132025.0
1715,1715.0,255.0,500.0,259.0,500.0,0.0,132525.0
1716,1716.0,254.0,500.0,258.0,500.0,0.0,133025.0
1717,1717.0,254.0,500.0,258.0,500.0,0.0,133525.0
1718,1718.0,254.0,500.0,258.0,500.0,0.0,134025.0
1719,1719.0,254.0,500.0,258.0,500.0,0.0,134525.0
1720,1720.0,254.0,500.0,258.0,500.0,0.0,135025.0
1721,1721.0,254.0,500.0,257.0,500.0,0.0,135525.0
1722,1722.0,254.0,500.0,257.0,500.0,0.0,136025.0
1723,1723.0,254.0,500.0,257.0,500.0,0.0,136525.0
1724,1724.0,254.0,500.0,257.0,500.0,0.0,137025.0
1725,1725.0,253.0,500.0,257.0,500.0,0.0,137525.0
1726,1726.0,252.0,500.0,257.0,500.0,0.0,138025.0
1727,1727.0,252.0,500.0,257.0,500.0,0.0,138525.0
1728,1728.0,252.0,500.0,257.0,500.0,0.0,139025.0
1729,1729.0,252.0,500.0,256.0,500.0,0.0,139525.0
1730,1730.0,252.0,500.0,254.0,500.0,0.0,140025.0
1731,1731.0,252.0,500.0,253.0,500.0,0.0,140525.0
1732,1732.0,251.0,500.0,252.0,500.0,0.0,141025.0
1733,1733.0,251.0,500.0,251.0,500.0,0.0,141525.0
1734,1734.0,249.0,500.0,249.0,500.0,0.0,142025.0
1735,1735.0,248.0,500.0,247.0,500.0,0.0,142525.0
1736,1736.0,247.0,500.0,245.0,500.0,0.0,143025.0
1737,1737.0,247.0,500.0,243.0,500.0,0.0,143525.0
1738,1738.0,246.0,500.0,241.0,500.0,0.0,144025.0
1739,1739.0,245.0,500.0,238.0,500.0,0.0,144525.0
1740,1740.0,244.0,500.0,235.0,500.0,0.0,145025.0
1741,1741.0,244.0,500.0,232.0,500.0,0.0,145525.0
1742,1742.0,244.0,500.0,230.0,500.0,0.0,146025.0
1743,1743.0,243.0,500.0,228.0,500.0,0.0,146525.0
1744,1744.0,243.0,500.0,225.0,500.0,0.0,147025.0
1745,1745.0,243.0,500.0,221.0,500.0,0.0,147525.0
1746,1746.0,243.0,500.0,217.0,500.0,0.0,148025.0
1747,1747.0,242.0,500.0,215.0,500.0,0.0,148525.0
1748,1748.0,242.0,500.0,211.0,500.0,0.0,149025.0
1749,1749.0,242.0,500.0,207.0,500.0,0.0,149525.0
1750,1750.0,242.0,500.0,202.0,500.0,0.0,150025.0
1751,1751.0,242.0,500.0,196.0,500.0,0.0,150525.0
1752,1752.0,241.0,500.0,190.0,500.0,0.0,151025.0
1753,1753.0,241.0,500.0,183.0,500.0,0.0,151525.0
1754,1754.0,240.0,500.0,178.0,500.0,0.0,152025.0
1755,1755.0,240.0,500.0,172.0,500.0,0.0,152525.0
1756,1756.0,240.0,500.0,168.0,500.0,0.0,153025.0
1757,1757.0,240.0,500.0,162.0,500.0,0.0,153525.0
1758,1758.0,240.0,500.0,157.0,500.0,0.0,154025.0
1759,1759.0,240.0,500.0,152.0,500.0,0.0,154525.0
1760,1760.0,240.0,500.0,146.0,500.0,0.0,155025.0
1761,1761.0,240.0,500.0,140.0,500.0,0.0,155525.0
1762,1762.0,240.0,500.0,135.0,500.0,0.0,156025.0
1763,1763.0,239.0,500.0,130.0,500.0,0.0,156525.0
1764,1764.0,239.0,500.0,123.0,500.0,0.0,157025.0
1765,1765.0,239.0,500.0,117.0,500.0,0.0,157525.0
1766,1766.0,239.0,500.0,110.0,500.0,0.0,158025.0
1767,1767.0,239.0,500.0,104.0,500.0,0.0,158525.0
1768,1768.0,238.0,500.0,98.0,500.0,0.0,159025.0
1769,1769.0,238.0,500.0,92.0,510.0,0.0,159525.0
1770,1770.0,238.0,500.0,88.0,550.0,0.0,160025.0
1771,1771.0,238.0,500.0,83.0,610.0,0.0,160525.0
1772,1772.0,238.0,500.0,78.0,695.0,0.0,161025.0
1773,1773.0,238.0,500.0,73.0,805.0,0.0,161525.0
1774,1774.0,237.0,500.0,67.0,940.0,0.0,162025.0
1775,1775.0,236.0,500.0,62.0,1105.0,0.0,162525.0
1776,1776.0,235.0,500.0,57.0,1295.0,0.0,163025.0
1777,1777.0,235.0,500.0,53.0,1510.0,0.0,163525.0
1778,1778.0,234.0,500.0,48.0,1745.0,0.0,164025.0
1779,1779.0,233.0,500.0,43.0,2005.0,0.0,164525.0
1780,1780.0,231.0,500.0,38.0,2290.0,0.0,165025.0
1781,1781.0,230.0,500.0,34.0,2600.0,0.0,165525.0
1782,1782.0,229.0,500.0,30.0,2930.0,0.0,166025.0
1783,1783.0,227.0,500.0,26.0,3280.0,0.0,166525.0
1784,1784.0,225.0,500.0,24.0,3650.0,0.0,167025.0
1785,1785.0,224.0,500.0,23.0,4030.0,0.0,167525.0
1786,1786.0,222.0,500.0,23.0,4415.0,0.0,168025.0
1787,1787.0,220.0,500.0,24.0,4800.0,0.0,168525.0
1788,1788.0,218.0,500.0,25.0,5180.0,0.0,169025.0
1789,1789.0,215.0,500.0,26.0,5555.0,0.0,169525.0
1790,1790.0,212.0,500.0,27.0,5925.0,0.0,170025.0
1791,1791.0,209.0,500.0,29.0,6290.0,0.0,170525.0
1792,1792.0,205.0,500.0,29.0,6645.0,0.0,171025.0
1793,1793.0,201.0,500.0,29.0,7000.0,0.0,171525.0
1794,1794.0,196.0,500.0,29.0,7355.0,0.0,172025.0
1795,1795.0,191.0,500.0,29.0,7710.0,0.0,172525.0
1796,1796.0,187.0,500.0,28.0,8065.0,0.0,173025.0
1797,1797.0,183.0,500.0,28.0,8425.0,0.0,173525.0
1798,1798.0,178.0,500.0,28.0,8785.0,0.0,174025.0
1799,1799.0,174.0,500.0,28.0,9145.0,0.0,174525.0
1800,1800.0,170.0,500.0,28.0,9505.0,0.0,175025.0
1801,1801.0,169.0,500.0,28.0,9865.0,0.0,175525.0
1802,1802.0,163.0,500.0,28.0,10225.0,0.0,176025.0
1803,1803.0,158.0,500.0,28.0,10585.0,0.0,176525.0
1804,1804.0,154.0,500.0,28.0,10945.0,0.0,177025.0
1805,1805.0,147.0,500.0,28.0,11305.0,0.0,177525.0
1806,1806.0,141.0,500.0,28.0,11665.0,0.0,178025.0
1807,1807.0,134.0,500.0,28.0,12025.0,0.0,178525.0
1808,1808.0,127.0,500.0,28.0,12385.0,0.0,179025.0
1809,1809.0,121.0,500.0,28.0,12745.0,0.0,179525.0
1810,1810.0,117.0,500.0,28.0,13105.0,0.0,180025.0
1811,1811.0,111.0,500.0,28.0,13465.0,0.0,180525.0
1812,1812.0,106.0,500.0,28.0,13825.0,0.0,181025.0
1813,1813.0,100.0,500.0,28.0,14185.0,0.0,181525.0
1814,1814.0,95.0,500.0,28.0,14545.0,0.0,182025.0
1815,1815.0,92.0,525.0,28.0,14905.0,0.0,182525.0
1816,1816.0,87.0,565.0,28.0,15265.0,0.0,183025.0
1817,1817.0,81.0,630.0,29.0,15625.0,0.0,183525.0
1818,1818.0,76.0,725.0,31.0,15980.0,0.0,184025.0
1819,1819.0,71.0,845.0,35.0,16325.0,0.0,184525.0
1820,1820.0,67.0,990.0,41.0,16650.0,0.0,185025.0
1821,1821.0,64.0,1155.0,50.0,16945.0,0.0,185525.0
1822,1822.0,59.0,1335.0,61.0,17195.0,0.0,186025.0
1823,1823.0,56.0,1540.0,72.0,17390.0,0.0,186525.0
1824,1824.0,52.0,1760.0,84.0,17530.0,0.0,187025.0
1825,1825.0,48.0,2000.0,96.0,17610.0,0.0,187525.0
1826,1826.0,44.0,2260.0,109.0,17630.0,0.0,188025.0
1827,1827.0,41.0,2540.0,123.0,17585.0,0.0,188525.0
1828,1828.0,37.0,2835.0,137.0,17470.0,0.0,189025.0
1829,1829.0,34.0,3150.0,151.0,17285.0,0.0,189525.0
1830,1830.0,32.0,3480.0,165.0,17030.0,0.0,190025.0
1831,1831.0,30.0,3820.0,179.0,16705.0,0.0,190525.0
1832,1832.0,29.0,4170.0,193.0,16310.0,0.0,191025.0
1833,1833.0,27.0,4525.0,207.0,15845.0,0.0,191525.0
1834,1834.0,26.0,4890.0,221.0,15310.0,0.0,192025.0
1835,1835.0,26.0,5260.0,235.0,14705.0,0.0,192525.0
1836,1836.0,26.0,5630.0,249.0,14030.0,0.0,193025.0
1837,1837.0,26.0,6000.0,263.0,13285.0,0.0,193525.0
1838,1838.0,28.0,6370.0,277.0,12470.0,0.0,194025.0
1839,1839.0,27.0,6730.0,292.0,11585.0,0.0,194525.0
1840,1840.0,27.0,7095.0,307.0,10625.0,0.0,195025.0
1841,1841.0,26.0,7460.0,322.0,9590.0,0.0,195525.0
1842,1842.0,25.0,7830.0,337.0,8480.0,0.0,196025.0
1843,1843.0,24.0,8205.0,353.0,7295.0,0.0,196525.0
1844,1844.0,24.0,8585.0,369.0,6030.0,0.0,197025.0
1845,1845.0,24.0,8965.0,386.0,4685.0,0.0,197525.0
1846,1846.0,25.0,9345.0,404.0,3255.0,0.0,198025.0
1847,1847.0,25.0,9720.0,422.0,1735.0,0.0,198525.0
1848,1848.0,25.0,10095.0,441.0,500.0,0.0,199025.0
1849,1849.0,25.0,10470.0,459.0,500.0,0.0,199525.0
1850,1850.0,25.0,10845.0,477.0,500.0,0.0,200025.0
1851,1851.0,24.0,11220.0,495.0,500.0,0.0,200525.0
1852,1852.0,24.0,11600.0,512.0,500.0,0.0,201025.0
1853,1853.0,24.0,11980.0,529.0,500.0,0.0,201525.0
1854,1854.0,23.0,12360.0,546.0,500.0,0.0,202025.0
1855,1855.0,23.0,12745.0,563.0,500.0,0.0,202525.0
1856,1856.0,23.0,13130.0,580.0,500.0,0.0,203025.0
1857,1857.0,23.0,13515.0,597.0,500.0,0.0,203525.0
1858,1858.0,23.0,13900.0,613.0,500.0,0.0,204025.0
1859,1859.0,23.0,14285.0,629.0,500.0,0.0,204525.0
1860,1860.0,23.0,14670.0,644.0,500.0,0.0,205025.0
1861,1861.0,23.0,15055.0,659.0,500.0,0.0,205525.0
1862,1862.0,24.0,15440.0,674.0,500.0,0.0,206025.0
1863,1863.0,25.0,15820.0,689.0,500.0,0.0,206525.0
1864,1864.0,28.0,16195.0,704.0,500.0,0.0,207025.0
1865,1865.0,31.0,16555.0,719.0,500.0,0.0,207525.0
1866,1866.0,35.0,16900.0,734.0,500.0,0.0,208025.0
1867,1867.0,40.0,17225.0,749.0,500.0,0.0,208525.0
1868,1868.0,45.0,17525.0,764.0,500.0,0.0,209025.0
1869,1869.0,50.0,17800.0,779.0,500.0,0.0,209525.0
1870,1870.0,55.0,18050.0,794.0,500.0,0.0,210025.0
1871,1871.0,60.0,18275.0,809.0,500.0,0.0,210525.0
1872,1872.0,66.0,18475.0,824.0,500.0,0.0,211025.0
1873,1873.0,72.0,18645.0,839.0,500.0,0.0,211525.0
1874,1874.0,78.0,18785.0,854.0,500.0,0.0,212025.0
1875,1875.0,85.0,18895.0,868.0,500.0,0.0,212525.0
1876,1876.0,93.0,18970.0,882.0,500.0,0.0,213025.0
1877,1877.0,102.0,19005.0,896.0,500.0,0.0,213525.0
1878,1878.0,112.0,18995.0,910.0,500.0,0.0,214025.0
1879,1879.0,123.0,18935.0,924.0,500.0,0.0,214525.0
1880,1880.0,134.0,18820.0,938.0,500.0,0.0,215025.0
1881,1881.0,145.0,18650.0,952.0,500.0,0.0,215525.0
1882,1882.0,156.0,18425.0,966.0,500.0,0.0,216025.0
1883,1883.0,167.0,18145.0,980.0,500.0,0.0,216525.0
1884,1884.0,178.0,17810.0,994.0,500.0,0.0,217025.0
1885,1885.0,189.0,17420.0,1008.0,500.0,0.0,217525.0
1886,1886.0,200.0,16975.0,1022.0,500.0,0.0,218025.0
1887,1887.0,211.0,16475.0,1036.0,500.0,0.0,218525.0
1888,1888.0,222.0,15920.0,1050.0,500.0,0.0,219025.0
1889,1889.0,233.0,15310.0,1064.0,500.0,0.0,219525.0
1890,1890.0,244.0,14645.0,1078.0,500.0,0.0,220025.0
1891,1891.0,255.0,13925.0,1091.0,500.0,0.0,220525.0
1892,1892.0,266.0,13150.0,1104.0,500.0,0.0,221025.0
1893,1893.0,277.0,12320.0,1117.0,500.0,0.0,221525.0
1894,1894.0,288.0,11435.0,1130.0,500.0,0.0,222025.0
1895,1895.0,300.0,10495.0,1143.0,500.0,0.0,222525.0
1896,1896.0,312.0,9495.0,1156.0,500.0,0.0,223025.0
1897,1897.0,326.0,8435.0,1168.0,500.0,0.0,223525.0
1898,1898.0,343.0,7305.0,1180.0,500.0,0.0,224025.0
1899,1899.0,364.0,6090.0,1192.0,500.0,0.0,224525.0
1900,1900.0,390.0,4770.0,1204.0,500.0,0.0,225025.0
1901,1901.0,419.0,3320.0,1216.0,500.0,0.0,225525.0
1902,1902.0,452.0,1725.0,1228.0,500.0,0.0,226025.0
1903,1903.0,487.0,500.0,1238.0,500.0,0.0,226525.0
1904,1904.0,520.0,500.0,1248.0,500.0,0.0,227025.0
1905,1905.0,552.0,500.0,1258.0,500.0,0.0,227525.0
1906,1906.0,582.0,500.0,1266.0,500.0,0.0,228025.0
1907,1907.0,611.0,500.0,1274.0,500.0,0.0,228525.0
1908,1908.0,639.0,500.0,1280.0,500.0,0.0,229025.0
1909,1909.0,666.0,500.0,1286.0,500.0,0.0,229525.0
1910,1910.0,692.0,500.0,1291.0,500.0,0.0,230025.0
1911,1911.0,717.0,500.0,1293.0,500.0,0.0,230525.0
1912,1912.0,738.0,500.0,1297.0,500.0,0.0,231025.0
1913,1913.0,758.0,500.0,1299.0,500.0,0.0,231525.0
1914,1914.0,777.0,500.0,1301.0,500.0,0.0,232025.0
1915,1915.0,793.0,500.0,1301.0,500.0,0.0,232525.0
1916,1916.0,809.0,500.0,1301.0,500.0,0.0,233025.0
1917,1917.0,824.0,500.0,1298.0,500.0,0.0,233525.0
1918,1918.0,837.0,500.0,1297.0,500.0,0.0,234025.0
1919,1919.0,850.0,500.0,1296.0,500.0,0.0,234525.0
1920,1920.0,863.0,500.0,1295.0,500.0,0.0,235025.0
1921,1921.0,875.0,500.0,1294.0,500.0,0.0,235525.0
1922,1922.0,887.0,500.0,1291.0,500.0,0.0,236025.0
1923,1923.0,899.0,500.0,1289.0,500.0,0.0,236525.0
1924,1924.0,911.0,500.0,1285.0,500.0,0.0,237025.0
1925,1925.0,923.0,500.0,1283.0,500.0,0.0,237525.0
1926,1926.0,935.0,500.0,1280.0,500.0,0.0,238025.0
1927,1927.0,947.0,500.0,1274.0,500.0,0.0,238525.0
1928,1928.0,959.0,500.0,1271.0,500.0,0.0,239025.0
1929,1929.0,971.0,500.0,1268.0,500.0,0.0,239525.0
1930,1930.0,982.0,500.0,1261.0,500.0,0.0,240025.0
1931,1931.0,993.0,500.0,1258.0,500.0,0.0,240525.0
1932,1932.0,1004.0,500.0,1251.0,500.0,0.0,241025.0
1933,1933.0,1015.0,500.0,1243.0,500.0,0.0,241525.0
1934,1934.0,1026.0,500.0,1236.0,500.0,0.0,242025.0
1935,1935.0,1037.0,500.0,1229.0,500.0,0.0,242525.0
1936,1936.0,1048.0,500.0,1217.0,500.0,0.0,243025.0
1937,1937.0,1059.0,500.0,1207.0,500.0,0.0,243525.0
1938,1938.0,1070.0,500.0,1194.0,500.0,0.0,244025.0
1939,1939.0,1081.0,500.0,1184.0,500.0,0.0,244525.0
1940,1940.0,1092.0,500.0,1158.0,500.0,0.0,245025.0
1941,1941.0,1103.0,500.0,1130.0,500.0,0.0,245525.0
1942,1942.0,1114.0,500.0,1110.0,500.0,0.0,246025.0
1943,1943.0,1125.0,500.0,1087.0,500.0,0.0,246525.0
1944,1944.0,1136.0,500.0,1063.0,500.0,0.0,247025.0
1945,1945.0,1147.0,500.0,1039.0,500.0,0.0,247525.0
1946,1946.0,1158.0,500.0,1014.0,500.0,0.0,248025.0
1947,1947.0,1169.0,500.0,985.0,500.0,0.0,248525.0
1948,1948.0,1180.0,500.0,952.0,500.0,0.0,249025.0
1949,1949.0,1191.0,500.0,921.0,500.0,0.0,249525.0
1950,1950.0,1202.0,500.0,891.0,500.0,0.0,250025.0
1951,1951.0,1213.0,500.0,862.0,500.0,0.0,250525.0
1952,1952.0,1224.0,500.0,828.0,500.0,0.0,251025.0
1953,1953.0,1234.0,500.0,796.0,500.0,0.0,251525.0
1954,1954.0,1243.0,500.0,766.0,500.0,0.0,252025.0
1955,1955.0,1252.0,500.0,744.0,500.0,0.0,252525.0
1956,1956.0,1261.0,500.0,716.0,500.0,0.0,253025.0
1957,1957.0,1270.0,500.0,691.0,500.0,0.0,253525.0
1958,1958.0,1279.0,500.0,663.0,500.0,0.0,254025.0
1959,1959.0,1288.0,500.0,639.0,500.0,0.0,254525.0
1960,1960.0,1296.0,500.0,603.0,500.0,0.0,255025.0
1961,1961.0,1300.0,500.0,572.0,500.0,0.0,255525.0
1962,1962.0,1307.0,500.0,539.0,500.0,0.0,256025.0
1963,1963.0,1312.0,500.0,520.0,500.0,0.0,256525.0
1964,1964.0,1317.0,500.0,500.0,500.0,0.0,257025.0
1965,1965.0,1318.0,500.0,478.0,500.0,0.0,257525.0
1966,1966.0,1319.0,500.0,466.0,500.0,0.0,258025.0
1967,1967.0,1317.0,500.0,432.0,500.0,0.0,258525.0
1968,1968.0,1314.0,500.0,414.0,500.0,0.0,259025.0
1969,1969.0,1313.0,500.0,396.0,500.0,0.0,259525.0
1970,1970.0,1308.0,500.0,381.0,500.0,0.0,260025.0
1971,1971.0,1301.0,500.0,364.0,500.0,0.0,260525.0
1972,1972.0,1292.0,500.0,354.0,500.0,0.0,261025.0
1973,1973.0,1284.0,500.0,345.0,500.0,0.0,261525.0
1974,1974.0,1273.0,500.0,336.0,500.0,0.0,262025.0
1975,1975.0,1267.0,500.0,330.0,500.0,0.0,262525.0
1976,1976.0,1250.0,500.0,323.0,500.0,0.0,263025.0
1977,1977.0,1233.0,500.0,315.0,500.0,0.0,263525.0
1978,1978.0,1224.0,500.0,303.0,500.0,0.0,264025.0
1979,1979.0,1209.0,500.0,298.0,500.0,0.0,264525.0
1980,1980.0,1200.0,500.0,296.0,500.0,0.0,265025.0
1981,1981.0,1192.0,500.0,293.0,500.0,0.0,265525.0
1982,1982.0,1182.0,500.0,291.0,500.0,0.0,266025.0
1983,1983.0,1171.0,500.0,291.0,500.0,0.0,266525.0
1984,1984.0,1165.0,500.0,283.0,500.0,0.0,267025.0
1985,1985.0,1157.0,500.0,277.0,500.0,0.0,267525.0
1986,1986.0,1154.0,500.0,274.0,500.0,0.0,268025.0
1987,1987.0,1146.0,500.0,264.0,500.0,0.0,268525.0
1988,1988.0,1139.0,500.0,259.0,500.0,0.0,269025.0
1989,1989.0,1131.0,500.0,256.0,500.0,0.0,269525.0
1990,1990.0,1122.0,500.0,249.0,500.0,0.0,270025.0
1991,1991.0,1103.0,500.0,245.0,500.0,0.0,270525.0
1992,1992.0,1091.0,500.0,243.0,500.0,0.0,271025.0
1993,1993.0,1077.0,500.0,241.0,500.0,0.0,271525.0
1994,1994.0,1070.0,500.0,238.0,500.0,0.0,272025.0
1995,1995.0,1062.0,500.0,236.0,500.0,0.0,272525.0
1996,1996.0,1049.0,500.0,234.0,500.0,0.0,273025.0
1997,1997.0,1029.0,500.0,231.0,500.0,0.0,273525.0
1998,1998.0,1016.0,500.0,230.0,500.0,0.0,274025.0
1999,1999.0,1003.0,500.0,229.0,500.0,0.0,274525.0
2000,2000.0,992.0,500.0,228.0,500.0,0.0,275025.0
